#
# There is insufficient memory for the Java Runtime Environment to continue.
# Native memory allocation (malloc) failed to allocate 2662896 bytes. Error detail: Chunk::new
# Possible reasons:
#   The system is out of physical RAM or swap space
#   This process is running with CompressedOops enabled, and the Java Heap may be blocking the growth of the native heap
# Possible solutions:
#   Reduce memory load on the system
#   Increase physical memory or swap space
#   Check if swap backing store is full
#   Decrease Java heap size (-Xmx/-Xms)
#   Decrease number of Java threads
#   Decrease Java thread stack sizes (-Xss)
#   Set larger code cache with -XX:ReservedCodeCacheSize=
#   JVM is running with Unscaled Compressed Oops mode in which the Java heap is
#     placed in the first 4GB address space. The Java Heap base address is the
#     maximum limit for the native heap growth. Please use -XX:HeapBaseMinAddress
#     to set the Java Heap base and to place the Java Heap above 4GB virtual address.
# This output file may be truncated or incomplete.
#
#  Out of Memory Error (arena.cpp:168), pid=24728, tid=24080
#
# JRE version: OpenJDK Runtime Environment Temurin-21.0.10+7 (21.0.10+7) (build 21.0.10+7-LTS)
# Java VM: OpenJDK 64-Bit Server VM Temurin-21.0.10+7 (21.0.10+7-LTS, mixed mode, sharing, tiered, compressed oops, compressed class ptrs, g1 gc, windows-amd64)
# No core dump will be written. Minidumps are not enabled by default on client versions of Windows
#

---------------  S U M M A R Y ------------

Command Line: --add-opens=java.base/java.util=ALL-UNNAMED --add-opens=java.base/java.lang=ALL-UNNAMED --add-opens=java.base/java.lang.invoke=ALL-UNNAMED --add-opens=java.prefs/java.util.prefs=ALL-UNNAMED --add-exports=jdk.compiler/com.sun.tools.javac.api=ALL-UNNAMED --add-exports=jdk.compiler/com.sun.tools.javac.util=ALL-UNNAMED --add-opens=java.base/java.nio.charset=ALL-UNNAMED --add-opens=java.base/java.net=ALL-UNNAMED --add-opens=java.base/java.util.concurrent.atomic=ALL-UNNAMED -XX:MaxMetaspaceSize=384m -XX:+HeapDumpOnOutOfMemoryError -Xms256m -Xmx512m -Dfile.encoding=utf8 -Duser.country=IN -Duser.language=en -Duser.variant -javaagent:C:\Users\Aman Singh\.gradle\wrapper\dists\gradle-8.9-bin\90cnw93cvbtalezasaz0blq0a\gradle-8.9\lib\agents\gradle-instrumentation-agent-8.9.jar org.gradle.launcher.daemon.bootstrap.GradleDaemon 8.9

Host: AMD Ryzen 5 5625U with Radeon Graphics         , 12 cores, 7G,  Windows 11 , 64 bit Build 26100 (10.0.26100.8246)
Time: Sun Apr 26 02:24:04 2026 India Standard Time elapsed time: 29.798496 seconds (0d 0h 0m 29s)

---------------  T H R E A D  ---------------

Current thread (0x000002241bad78a0):  JavaThread "C2 CompilerThread2" daemon [_thread_in_native, id=24080, stack(0x000000af1c200000,0x000000af1c300000) (1024K)]


Current CompileTask:
C2:29798 9655       4       org.objectweb.asm.ClassReader::readCode (5117 bytes)

Stack: [0x000000af1c200000,0x000000af1c300000]
Native frames: (J=compiled Java code, j=interpreted, Vv=VM code, C=native code)
V  [jvm.dll+0x6d7a39]
V  [jvm.dll+0x8b4b26]
V  [jvm.dll+0x8b70de]
V  [jvm.dll+0x8b77c3]
V  [jvm.dll+0x284346]
V  [jvm.dll+0xc66ed]
V  [jvm.dll+0xc6c31]
V  [jvm.dll+0x3bec3b]
V  [jvm.dll+0x38b162]
V  [jvm.dll+0x38a5aa]
V  [jvm.dll+0x24c560]
V  [jvm.dll+0x24bb40]
V  [jvm.dll+0x1cb34e]
V  [jvm.dll+0x25b85d]
V  [jvm.dll+0x259dea]
V  [jvm.dll+0x3f857e]
V  [jvm.dll+0x85f59d]
V  [jvm.dll+0x6d626d]
C  [ucrtbase.dll+0x37b0]
C  [KERNEL32.DLL+0x2e8d7]
C  [ntdll.dll+0x8c3fc]


---------------  P R O C E S S  ---------------

Threads class SMR info:
_java_thread_list=0x000002241e73cff0, length=70, elements={
0x0000022452d0a380, 0x000002246af9d720, 0x000002246af9e430, 0x0000022419019f30,
0x000002241901ac10, 0x00000224190243a0, 0x0000022419027990, 0x000002241902c790,
0x0000022419030920, 0x0000022419286a80, 0x00000224192d10e0, 0x0000022419746900,
0x000002241aad0330, 0x000002241aac7a90, 0x000002241ab22800, 0x000002241aa7d5a0,
0x000002241ae7d790, 0x000002241abc97f0, 0x000002241ad6b710, 0x000002241ad6cac0,
0x000002241ad6c430, 0x000002241ad6d7e0, 0x000002241ad6b080, 0x000002241ad6a9f0,
0x000002241ad6d150, 0x000002241ad6a360, 0x000002241c6461b0, 0x000002241c648fa0,
0x000002241c646840, 0x000002241c645b20, 0x000002241c649cc0, 0x000002241c649630,
0x000002241c647bf0, 0x000002241c646ed0, 0x000002241c64b070, 0x000002241c64b700,
0x000002241c64bd90, 0x000002241c648910, 0x000002241c64c420, 0x000002241c64cab0,
0x000002241c64d140, 0x000002241b156e80, 0x000002241b154db0, 0x000002241b155ad0,
0x000002241b156160, 0x000002241b1567f0, 0x000002241b157510, 0x000002241b157ba0,
0x000002241b158230, 0x000002241b1588c0, 0x000002241b155440, 0x000002241b15c3d0,
0x000002241b15a990, 0x000002241b158f50, 0x000002241b15b020, 0x000002241b159c70,
0x000002241b1595e0, 0x000002241b15bd40, 0x000002241de827b0, 0x000002241de862c0,
0x000002241de83b60, 0x000002241de841f0, 0x000002241de82e40, 0x000002241de84880,
0x000002241de855a0, 0x000002241de85c30, 0x000002241de84f10, 0x000002241de86950,
0x000002241dce6fb0, 0x000002241bad78a0
}

Java Threads: ( => current thread )
  0x0000022452d0a380 JavaThread "main"                              [_thread_blocked, id=27020, stack(0x000000af16b00000,0x000000af16c00000) (1024K)]
  0x000002246af9d720 JavaThread "Reference Handler"          daemon [_thread_blocked, id=20668, stack(0x000000af17300000,0x000000af17400000) (1024K)]
  0x000002246af9e430 JavaThread "Finalizer"                  daemon [_thread_blocked, id=28404, stack(0x000000af17400000,0x000000af17500000) (1024K)]
  0x0000022419019f30 JavaThread "Signal Dispatcher"          daemon [_thread_blocked, id=29940, stack(0x000000af17500000,0x000000af17600000) (1024K)]
  0x000002241901ac10 JavaThread "Attach Listener"            daemon [_thread_blocked, id=18560, stack(0x000000af17600000,0x000000af17700000) (1024K)]
  0x00000224190243a0 JavaThread "Service Thread"             daemon [_thread_blocked, id=20072, stack(0x000000af17700000,0x000000af17800000) (1024K)]
  0x0000022419027990 JavaThread "Monitor Deflation Thread"   daemon [_thread_blocked, id=30028, stack(0x000000af17800000,0x000000af17900000) (1024K)]
  0x000002241902c790 JavaThread "C2 CompilerThread0"         daemon [_thread_in_native, id=23216, stack(0x000000af17900000,0x000000af17a00000) (1024K)]
  0x0000022419030920 JavaThread "C1 CompilerThread0"         daemon [_thread_blocked, id=7204, stack(0x000000af17a00000,0x000000af17b00000) (1024K)]
  0x0000022419286a80 JavaThread "Common-Cleaner"             daemon [_thread_blocked, id=5428, stack(0x000000af17b00000,0x000000af17c00000) (1024K)]
  0x00000224192d10e0 JavaThread "Notification Thread"        daemon [_thread_blocked, id=33044, stack(0x000000af17c00000,0x000000af17d00000) (1024K)]
  0x0000022419746900 JavaThread "Daemon health stats"               [_thread_blocked, id=29112, stack(0x000000af18500000,0x000000af18600000) (1024K)]
  0x000002241aad0330 JavaThread "Incoming local TCP Connector on port 60784"        [_thread_in_native, id=9456, stack(0x000000af18600000,0x000000af18700000) (1024K)]
  0x000002241aac7a90 JavaThread "Daemon periodic checks"            [_thread_blocked, id=16996, stack(0x000000af18700000,0x000000af18800000) (1024K)]
  0x000002241ab22800 JavaThread "Daemon"                            [_thread_blocked, id=2664, stack(0x000000af17d00000,0x000000af17e00000) (1024K)]
  0x000002241aa7d5a0 JavaThread "Handler for socket connection from /127.0.0.1:60784 to /127.0.0.1:60786"        [_thread_in_native, id=25536, stack(0x000000af18800000,0x000000af18900000) (1024K)]
  0x000002241ae7d790 JavaThread "Cancel handler"                    [_thread_blocked, id=30780, stack(0x000000af18900000,0x000000af18a00000) (1024K)]
  0x000002241abc97f0 JavaThread "Daemon worker"                     [_thread_in_Java, id=31072, stack(0x000000af18a00000,0x000000af18b00000) (1024K)]
  0x000002241ad6b710 JavaThread "Asynchronous log dispatcher for DefaultDaemonConnection: socket connection from /127.0.0.1:60784 to /127.0.0.1:60786"        [_thread_blocked, id=21680, stack(0x000000af18b00000,0x000000af18c00000) (1024K)]
  0x000002241ad6cac0 JavaThread "Stdin handler"                     [_thread_blocked, id=31400, stack(0x000000af18c00000,0x000000af18d00000) (1024K)]
  0x000002241ad6c430 JavaThread "Daemon client event forwarder"        [_thread_blocked, id=34032, stack(0x000000af18d00000,0x000000af18e00000) (1024K)]
  0x000002241ad6d7e0 JavaThread "Cache worker for journal cache (C:\Users\Aman Singh\.gradle\caches\journal-1)"        [_thread_blocked, id=21224, stack(0x000000af18e00000,0x000000af18f00000) (1024K)]
  0x000002241ad6b080 JavaThread "File lock request listener"        [_thread_in_native, id=25340, stack(0x000000af18f00000,0x000000af19000000) (1024K)]
  0x000002241ad6a9f0 JavaThread "Cache worker for file hash cache (C:\Users\Aman Singh\.gradle\caches\8.9\fileHashes)"        [_thread_blocked, id=15488, stack(0x000000af19000000,0x000000af19100000) (1024K)]
  0x000002241ad6d150 JavaThread "Cache worker for file hash cache (C:\Users\Aman Singh\Desktop\Alemono\AlemanoMarkerScanner\node_modules\react-native-screens\android\.gradle\8.9\fileHashes)"        [_thread_blocked, id=10372, stack(0x000000af19200000,0x000000af19300000) (1024K)]
  0x000002241ad6a360 JavaThread "Cache worker for Build Output Cleanup Cache (C:\Users\Aman Singh\Desktop\Alemono\AlemanoMarkerScanner\node_modules\react-native-screens\android\.gradle\buildOutputCleanup)"        [_thread_blocked, id=22932, stack(0x000000af19300000,0x000000af19400000) (1024K)]
  0x000002241c6461b0 JavaThread "File watcher server"        daemon [_thread_in_native, id=4156, stack(0x000000af19900000,0x000000af19a00000) (1024K)]
  0x000002241c648fa0 JavaThread "File watcher consumer"      daemon [_thread_blocked, id=6904, stack(0x000000af19a00000,0x000000af19b00000) (1024K)]
  0x000002241c646840 JavaThread "Cache worker for checksums cache (C:\Users\Aman Singh\Desktop\Alemono\AlemanoMarkerScanner\node_modules\react-native-screens\android\.gradle\8.9\checksums)"        [_thread_blocked, id=12260, stack(0x000000af19b00000,0x000000af19c00000) (1024K)]
  0x000002241c645b20 JavaThread "Cache worker for file content cache (C:\Users\Aman Singh\.gradle\caches\8.9\fileContent)"        [_thread_blocked, id=33856, stack(0x000000af19c00000,0x000000af19d00000) (1024K)]
  0x000002241c649cc0 JavaThread "Cache worker for cache directory md-rule (C:\Users\Aman Singh\.gradle\caches\8.9\md-rule)"        [_thread_blocked, id=3156, stack(0x000000af19d00000,0x000000af19e00000) (1024K)]
  0x000002241c649630 JavaThread "Cache worker for cache directory md-supplier (C:\Users\Aman Singh\.gradle\caches\8.9\md-supplier)"        [_thread_blocked, id=20060, stack(0x000000af19e00000,0x000000af19f00000) (1024K)]
  0x000002241c647bf0 JavaThread "jar transforms"                    [_thread_blocked, id=31508, stack(0x000000af19100000,0x000000af19200000) (1024K)]
  0x000002241c646ed0 JavaThread "jar transforms Thread 2"           [_thread_blocked, id=34084, stack(0x000000af19800000,0x000000af19900000) (1024K)]
  0x000002241c64b070 JavaThread "jar transforms Thread 3"           [_thread_blocked, id=21444, stack(0x000000af19f00000,0x000000af1a000000) (1024K)]
  0x000002241c64b700 JavaThread "Unconstrained build operations"        [_thread_blocked, id=11776, stack(0x000000af1a000000,0x000000af1a100000) (1024K)]
  0x000002241c64bd90 JavaThread "Unconstrained build operations Thread 2"        [_thread_blocked, id=33416, stack(0x000000af1a100000,0x000000af1a200000) (1024K)]
  0x000002241c648910 JavaThread "Unconstrained build operations Thread 3"        [_thread_blocked, id=25700, stack(0x000000af1a200000,0x000000af1a300000) (1024K)]
  0x000002241c64c420 JavaThread "Unconstrained build operations Thread 4"        [_thread_blocked, id=34596, stack(0x000000af1a300000,0x000000af1a400000) (1024K)]
  0x000002241c64cab0 JavaThread "Unconstrained build operations Thread 5"        [_thread_blocked, id=17980, stack(0x000000af1a400000,0x000000af1a500000) (1024K)]
  0x000002241c64d140 JavaThread "Unconstrained build operations Thread 6"        [_thread_blocked, id=10524, stack(0x000000af1a500000,0x000000af1a600000) (1024K)]
  0x000002241b156e80 JavaThread "Unconstrained build operations Thread 7"        [_thread_blocked, id=29960, stack(0x000000af1a600000,0x000000af1a700000) (1024K)]
  0x000002241b154db0 JavaThread "Unconstrained build operations Thread 8"        [_thread_blocked, id=28528, stack(0x000000af1a700000,0x000000af1a800000) (1024K)]
  0x000002241b155ad0 JavaThread "Unconstrained build operations Thread 9"        [_thread_blocked, id=29744, stack(0x000000af1a800000,0x000000af1a900000) (1024K)]
  0x000002241b156160 JavaThread "Unconstrained build operations Thread 10"        [_thread_blocked, id=29276, stack(0x000000af1a900000,0x000000af1aa00000) (1024K)]
  0x000002241b1567f0 JavaThread "Unconstrained build operations Thread 11"        [_thread_blocked, id=27184, stack(0x000000af1aa00000,0x000000af1ab00000) (1024K)]
  0x000002241b157510 JavaThread "Unconstrained build operations Thread 12"        [_thread_blocked, id=26564, stack(0x000000af1ac00000,0x000000af1ad00000) (1024K)]
  0x000002241b157ba0 JavaThread "Unconstrained build operations Thread 13"        [_thread_blocked, id=24912, stack(0x000000af1ad00000,0x000000af1ae00000) (1024K)]
  0x000002241b158230 JavaThread "Unconstrained build operations Thread 14"        [_thread_blocked, id=31560, stack(0x000000af1ae00000,0x000000af1af00000) (1024K)]
  0x000002241b1588c0 JavaThread "Unconstrained build operations Thread 15"        [_thread_blocked, id=11728, stack(0x000000af1af00000,0x000000af1b000000) (1024K)]
  0x000002241b155440 JavaThread "Unconstrained build operations Thread 16"        [_thread_blocked, id=31320, stack(0x000000af1b000000,0x000000af1b100000) (1024K)]
  0x000002241b15c3d0 JavaThread "Unconstrained build operations Thread 17"        [_thread_blocked, id=19900, stack(0x000000af1b100000,0x000000af1b200000) (1024K)]
  0x000002241b15a990 JavaThread "Unconstrained build operations Thread 18"        [_thread_blocked, id=16048, stack(0x000000af1b200000,0x000000af1b300000) (1024K)]
  0x000002241b158f50 JavaThread "Unconstrained build operations Thread 19"        [_thread_blocked, id=20792, stack(0x000000af1b300000,0x000000af1b400000) (1024K)]
  0x000002241b15b020 JavaThread "Unconstrained build operations Thread 20"        [_thread_blocked, id=32728, stack(0x000000af1b400000,0x000000af1b500000) (1024K)]
  0x000002241b159c70 JavaThread "Unconstrained build operations Thread 21"        [_thread_blocked, id=10660, stack(0x000000af1b500000,0x000000af1b600000) (1024K)]
  0x000002241b1595e0 JavaThread "Unconstrained build operations Thread 22"        [_thread_blocked, id=10188, stack(0x000000af1b600000,0x000000af1b700000) (1024K)]
  0x000002241b15bd40 JavaThread "Unconstrained build operations Thread 23"        [_thread_in_Java, id=31164, stack(0x000000af1ab00000,0x000000af1ac00000) (1024K)]
  0x000002241de827b0 JavaThread "Unconstrained build operations Thread 24"        [_thread_in_native, id=2044, stack(0x000000af1b700000,0x000000af1b800000) (1024K)]
  0x000002241de862c0 JavaThread "Unconstrained build operations Thread 25"        [_thread_in_native, id=18636, stack(0x000000af1b800000,0x000000af1b900000) (1024K)]
  0x000002241de83b60 JavaThread "Unconstrained build operations Thread 26"        [_thread_in_native, id=12700, stack(0x000000af1b900000,0x000000af1ba00000) (1024K)]
  0x000002241de841f0 JavaThread "Unconstrained build operations Thread 27"        [_thread_in_native, id=14608, stack(0x000000af1ba00000,0x000000af1bb00000) (1024K)]
  0x000002241de82e40 JavaThread "Unconstrained build operations Thread 28"        [_thread_in_Java, id=27664, stack(0x000000af1bb00000,0x000000af1bc00000) (1024K)]
  0x000002241de84880 JavaThread "Unconstrained build operations Thread 29"        [_thread_in_native, id=18476, stack(0x000000af1bc00000,0x000000af1bd00000) (1024K)]
  0x000002241de855a0 JavaThread "Unconstrained build operations Thread 30"        [_thread_in_Java, id=31936, stack(0x000000af1bd00000,0x000000af1be00000) (1024K)]
  0x000002241de85c30 JavaThread "Unconstrained build operations Thread 31"        [_thread_in_native, id=4276, stack(0x000000af1bf00000,0x000000af1c000000) (1024K)]
  0x000002241de84f10 JavaThread "Unconstrained build operations Thread 32"        [_thread_in_native, id=31480, stack(0x000000af1c000000,0x000000af1c100000) (1024K)]
  0x000002241de86950 JavaThread "Unconstrained build operations Thread 33"        [_thread_in_Java, id=7776, stack(0x000000af1c100000,0x000000af1c200000) (1024K)]
  0x000002241dce6fb0 JavaThread "C2 CompilerThread1"         daemon [_thread_in_native, id=9176, stack(0x000000af1be00000,0x000000af1bf00000) (1024K)]
=>0x000002241bad78a0 JavaThread "C2 CompilerThread2"         daemon [_thread_in_native, id=24080, stack(0x000000af1c200000,0x000000af1c300000) (1024K)]
Total: 70

Other Threads:
  0x000002246af83d30 VMThread "VM Thread"                           [id=15964, stack(0x000000af17200000,0x000000af17300000) (1024K)]
  0x000002246af73d10 WatcherThread "VM Periodic Task Thread"        [id=32820, stack(0x000000af17100000,0x000000af17200000) (1024K)]
  0x00000224551c1670 WorkerThread "GC Thread#0"                     [id=33628, stack(0x000000af16c00000,0x000000af16d00000) (1024K)]
  0x00000224196452d0 WorkerThread "GC Thread#1"                     [id=29348, stack(0x000000af17e00000,0x000000af17f00000) (1024K)]
  0x0000022419645680 WorkerThread "GC Thread#2"                     [id=5292, stack(0x000000af17f00000,0x000000af18000000) (1024K)]
  0x00000224194444a0 WorkerThread "GC Thread#3"                     [id=10852, stack(0x000000af18000000,0x000000af18100000) (1024K)]
  0x0000022419445060 WorkerThread "GC Thread#4"                     [id=1884, stack(0x000000af18100000,0x000000af18200000) (1024K)]
  0x0000022419445410 WorkerThread "GC Thread#5"                     [id=17480, stack(0x000000af18200000,0x000000af18300000) (1024K)]
  0x000002241a9cad90 WorkerThread "GC Thread#6"                     [id=13968, stack(0x000000af18300000,0x000000af18400000) (1024K)]
  0x000002241ac685b0 WorkerThread "GC Thread#7"                     [id=34280, stack(0x000000af18400000,0x000000af18500000) (1024K)]
  0x000002241b283750 WorkerThread "GC Thread#8"                     [id=32036, stack(0x000000af19400000,0x000000af19500000) (1024K)]
  0x000002241b283b00 WorkerThread "GC Thread#9"                     [id=1628, stack(0x000000af19500000,0x000000af19600000) (1024K)]
  0x00000224551c6570 ConcurrentGCThread "G1 Main Marker"            [id=31548, stack(0x000000af16d00000,0x000000af16e00000) (1024K)]
  0x0000022452dcae10 WorkerThread "G1 Conc#0"                       [id=4792, stack(0x000000af16e00000,0x000000af16f00000) (1024K)]
  0x000002241b281d80 WorkerThread "G1 Conc#1"                       [id=392, stack(0x000000af19600000,0x000000af19700000) (1024K)]
  0x000002241b2824e0 WorkerThread "G1 Conc#2"                       [id=17092, stack(0x000000af19700000,0x000000af19800000) (1024K)]
  0x000002246ae46210 ConcurrentGCThread "G1 Refine#0"               [id=20012, stack(0x000000af16f00000,0x000000af17000000) (1024K)]
  0x000002246ae47f50 ConcurrentGCThread "G1 Service"                [id=13352, stack(0x000000af17000000,0x000000af17100000) (1024K)]
Total: 18

Threads with active compile tasks:
C2 CompilerThread0  30894 9333       4       org.gradle.internal.classpath.types.ExternalPluginsInstrumentationTypeRegistry::computeAndCacheInstrumentedSuperTypes (39 bytes)
C2 CompilerThread1  30894 10252       4       org.objectweb.asm.MethodWriter::<init> (232 bytes)
C2 CompilerThread2  30894 9655       4       org.objectweb.asm.ClassReader::readCode (5117 bytes)
Total: 3

VM state: not at safepoint (normal execution)

VM Mutex/Monitor currently owned by a thread: None

Heap address: 0x00000000e0000000, size: 512 MB, Compressed Oops mode: 32-bit

CDS archive(s) mapped at: [0x0000022400000000-0x0000022400ba0000-0x0000022400ba0000), size 12189696, SharedBaseAddress: 0x0000022400000000, ArchiveRelocationMode: 1.
Compressed class space mapped at: 0x0000022401000000-0x0000022415000000, reserved size: 335544320
Narrow klass base: 0x0000022400000000, Narrow klass shift: 0, Narrow klass range: 0x100000000

GC Precious Log:
 CardTable entry size: 512
 Card Set container configuration: InlinePtr #cards 5 size 8 Array Of Cards #cards 12 size 40 Howl #buckets 4 coarsen threshold 1843 Howl Bitmap #cards 512 size 80 coarsen threshold 460 Card regions per heap region 1 cards per card region 2048
 CPUs: 12 total, 12 available
 Memory: 7520M
 Large Page Support: Disabled
 NUMA Support: Disabled
 Compressed Oops: Enabled (32-bit)
 Heap Region Size: 1M
 Heap Min Capacity: 256M
 Heap Initial Capacity: 256M
 Heap Max Capacity: 512M
 Pre-touch: Disabled
 Parallel Workers: 10
 Concurrent Workers: 3
 Concurrent Refinement Workers: 10
 Periodic GC: Disabled

Heap:
 garbage-first heap   total 296960K, used 168815K [0x00000000e0000000, 0x0000000100000000)
  region size 1024K, 19 young (19456K), 3 survivors (3072K)
 Metaspace       used 56668K, committed 58432K, reserved 393216K
  class space    used 8092K, committed 8960K, reserved 327680K

Heap Regions: E=young(eden), S=young(survivor), O=old, HS=humongous(starts), HC=humongous(continues), CS=collection set, F=free, TAMS=top-at-mark-start, PB=parsable bottom
|   0|0x00000000e0000000, 0x00000000e0100000, 0x00000000e0100000|100%|HS|  |TAMS 0x00000000e0000000| PB 0x00000000e0000000| Complete 
|   1|0x00000000e0100000, 0x00000000e0200000, 0x00000000e0200000|100%|HC|  |TAMS 0x00000000e0100000| PB 0x00000000e0100000| Complete 
|   2|0x00000000e0200000, 0x00000000e0300000, 0x00000000e0300000|100%|HC|  |TAMS 0x00000000e0200000| PB 0x00000000e0200000| Complete 
|   3|0x00000000e0300000, 0x00000000e0400000, 0x00000000e0400000|100%|HC|  |TAMS 0x00000000e0300000| PB 0x00000000e0300000| Complete 
|   4|0x00000000e0400000, 0x00000000e0500000, 0x00000000e0500000|100%| O|  |TAMS 0x00000000e0400000| PB 0x00000000e0400000| Untracked 
|   5|0x00000000e0500000, 0x00000000e0600000, 0x00000000e0600000|100%| O|  |TAMS 0x00000000e0500000| PB 0x00000000e0500000| Untracked 
|   6|0x00000000e0600000, 0x00000000e0700000, 0x00000000e0700000|100%| O|  |TAMS 0x00000000e0600000| PB 0x00000000e0600000| Untracked 
|   7|0x00000000e0700000, 0x00000000e0800000, 0x00000000e0800000|100%| O|  |TAMS 0x00000000e0700000| PB 0x00000000e0700000| Untracked 
|   8|0x00000000e0800000, 0x00000000e0900000, 0x00000000e0900000|100%| O|  |TAMS 0x00000000e0800000| PB 0x00000000e0800000| Untracked 
|   9|0x00000000e0900000, 0x00000000e0a00000, 0x00000000e0a00000|100%| O|  |TAMS 0x00000000e0900000| PB 0x00000000e0900000| Untracked 
|  10|0x00000000e0a00000, 0x00000000e0b00000, 0x00000000e0b00000|100%| O|  |TAMS 0x00000000e0a00000| PB 0x00000000e0a00000| Untracked 
|  11|0x00000000e0b00000, 0x00000000e0c00000, 0x00000000e0c00000|100%|HS|  |TAMS 0x00000000e0b00000| PB 0x00000000e0b00000| Complete 
|  12|0x00000000e0c00000, 0x00000000e0d00000, 0x00000000e0d00000|100%| O|  |TAMS 0x00000000e0c00000| PB 0x00000000e0c00000| Untracked 
|  13|0x00000000e0d00000, 0x00000000e0e00000, 0x00000000e0e00000|100%| O|  |TAMS 0x00000000e0d00000| PB 0x00000000e0d00000| Untracked 
|  14|0x00000000e0e00000, 0x00000000e0f00000, 0x00000000e0f00000|100%| O|  |TAMS 0x00000000e0e00000| PB 0x00000000e0e00000| Untracked 
|  15|0x00000000e0f00000, 0x00000000e1000000, 0x00000000e1000000|100%| O|  |TAMS 0x00000000e0f00000| PB 0x00000000e0f00000| Untracked 
|  16|0x00000000e1000000, 0x00000000e1100000, 0x00000000e1100000|100%| O|  |TAMS 0x00000000e1000000| PB 0x00000000e1000000| Untracked 
|  17|0x00000000e1100000, 0x00000000e1200000, 0x00000000e1200000|100%| O|  |TAMS 0x00000000e1100000| PB 0x00000000e1100000| Untracked 
|  18|0x00000000e1200000, 0x00000000e1300000, 0x00000000e1300000|100%| O|  |TAMS 0x00000000e1200000| PB 0x00000000e1200000| Untracked 
|  19|0x00000000e1300000, 0x00000000e13ffff8, 0x00000000e1400000| 99%| O|  |TAMS 0x00000000e1300000| PB 0x00000000e1300000| Untracked 
|  20|0x00000000e1400000, 0x00000000e1500000, 0x00000000e1500000|100%| O|  |TAMS 0x00000000e1400000| PB 0x00000000e1400000| Untracked 
|  21|0x00000000e1500000, 0x00000000e1600000, 0x00000000e1600000|100%| O|  |TAMS 0x00000000e1500000| PB 0x00000000e1500000| Untracked 
|  22|0x00000000e1600000, 0x00000000e1700000, 0x00000000e1700000|100%| O|  |TAMS 0x00000000e1600000| PB 0x00000000e1600000| Untracked 
|  23|0x00000000e1700000, 0x00000000e1800000, 0x00000000e1800000|100%| O|  |TAMS 0x00000000e1700000| PB 0x00000000e1700000| Untracked 
|  24|0x00000000e1800000, 0x00000000e1900000, 0x00000000e1900000|100%| O|  |TAMS 0x00000000e1800000| PB 0x00000000e1800000| Untracked 
|  25|0x00000000e1900000, 0x00000000e1a00000, 0x00000000e1a00000|100%| O|  |TAMS 0x00000000e1900000| PB 0x00000000e1900000| Untracked 
|  26|0x00000000e1a00000, 0x00000000e1b00000, 0x00000000e1b00000|100%| O|  |TAMS 0x00000000e1a00000| PB 0x00000000e1a00000| Untracked 
|  27|0x00000000e1b00000, 0x00000000e1c00000, 0x00000000e1c00000|100%| O|  |TAMS 0x00000000e1b00000| PB 0x00000000e1b00000| Untracked 
|  28|0x00000000e1c00000, 0x00000000e1d00000, 0x00000000e1d00000|100%| O|  |TAMS 0x00000000e1c00000| PB 0x00000000e1c00000| Untracked 
|  29|0x00000000e1d00000, 0x00000000e1e00000, 0x00000000e1e00000|100%| O|  |TAMS 0x00000000e1d00000| PB 0x00000000e1d00000| Untracked 
|  30|0x00000000e1e00000, 0x00000000e1f00000, 0x00000000e1f00000|100%| O|  |TAMS 0x00000000e1e00000| PB 0x00000000e1e00000| Untracked 
|  31|0x00000000e1f00000, 0x00000000e2000000, 0x00000000e2000000|100%| O|  |TAMS 0x00000000e1f00000| PB 0x00000000e1f00000| Untracked 
|  32|0x00000000e2000000, 0x00000000e2100000, 0x00000000e2100000|100%| O|  |TAMS 0x00000000e2000000| PB 0x00000000e2000000| Untracked 
|  33|0x00000000e2100000, 0x00000000e2200000, 0x00000000e2200000|100%| O|  |TAMS 0x00000000e2100000| PB 0x00000000e2100000| Untracked 
|  34|0x00000000e2200000, 0x00000000e2300000, 0x00000000e2300000|100%| O|  |TAMS 0x00000000e2200000| PB 0x00000000e2200000| Untracked 
|  35|0x00000000e2300000, 0x00000000e2400000, 0x00000000e2400000|100%| O|  |TAMS 0x00000000e2300000| PB 0x00000000e2300000| Untracked 
|  36|0x00000000e2400000, 0x00000000e2500000, 0x00000000e2500000|100%| O|  |TAMS 0x00000000e2400000| PB 0x00000000e2400000| Untracked 
|  37|0x00000000e2500000, 0x00000000e2600000, 0x00000000e2600000|100%| O|  |TAMS 0x00000000e2500000| PB 0x00000000e2500000| Untracked 
|  38|0x00000000e2600000, 0x00000000e2700000, 0x00000000e2700000|100%| O|  |TAMS 0x00000000e2600000| PB 0x00000000e2600000| Untracked 
|  39|0x00000000e2700000, 0x00000000e2800000, 0x00000000e2800000|100%| O|  |TAMS 0x00000000e2700000| PB 0x00000000e2700000| Untracked 
|  40|0x00000000e2800000, 0x00000000e2900000, 0x00000000e2900000|100%| O|  |TAMS 0x00000000e2800000| PB 0x00000000e2800000| Untracked 
|  41|0x00000000e2900000, 0x00000000e2a00000, 0x00000000e2a00000|100%| O|  |TAMS 0x00000000e2900000| PB 0x00000000e2900000| Untracked 
|  42|0x00000000e2a00000, 0x00000000e2b00000, 0x00000000e2b00000|100%| O|  |TAMS 0x00000000e2a00000| PB 0x00000000e2a00000| Untracked 
|  43|0x00000000e2b00000, 0x00000000e2c00000, 0x00000000e2c00000|100%| O|  |TAMS 0x00000000e2b00000| PB 0x00000000e2b00000| Untracked 
|  44|0x00000000e2c00000, 0x00000000e2d00000, 0x00000000e2d00000|100%| O|  |TAMS 0x00000000e2c00000| PB 0x00000000e2c00000| Untracked 
|  45|0x00000000e2d00000, 0x00000000e2e00000, 0x00000000e2e00000|100%| O|  |TAMS 0x00000000e2d00000| PB 0x00000000e2d00000| Untracked 
|  46|0x00000000e2e00000, 0x00000000e2f00000, 0x00000000e2f00000|100%| O|  |TAMS 0x00000000e2e00000| PB 0x00000000e2e00000| Untracked 
|  47|0x00000000e2f00000, 0x00000000e3000000, 0x00000000e3000000|100%| O|  |TAMS 0x00000000e2f00000| PB 0x00000000e2f00000| Untracked 
|  48|0x00000000e3000000, 0x00000000e3100000, 0x00000000e3100000|100%| O|  |TAMS 0x00000000e3000000| PB 0x00000000e3000000| Untracked 
|  49|0x00000000e3100000, 0x00000000e3200000, 0x00000000e3200000|100%| O|  |TAMS 0x00000000e3100000| PB 0x00000000e3100000| Untracked 
|  50|0x00000000e3200000, 0x00000000e3300000, 0x00000000e3300000|100%| O|  |TAMS 0x00000000e3200000| PB 0x00000000e3200000| Untracked 
|  51|0x00000000e3300000, 0x00000000e3400000, 0x00000000e3400000|100%| O|  |TAMS 0x00000000e3300000| PB 0x00000000e3300000| Untracked 
|  52|0x00000000e3400000, 0x00000000e3500000, 0x00000000e3500000|100%| O|  |TAMS 0x00000000e3400000| PB 0x00000000e3400000| Untracked 
|  53|0x00000000e3500000, 0x00000000e3600000, 0x00000000e3600000|100%| O|  |TAMS 0x00000000e3500000| PB 0x00000000e3500000| Untracked 
|  54|0x00000000e3600000, 0x00000000e3600000, 0x00000000e3700000|  0%| F|  |TAMS 0x00000000e3600000| PB 0x00000000e3600000| Untracked 
|  55|0x00000000e3700000, 0x00000000e3700000, 0x00000000e3800000|  0%| F|  |TAMS 0x00000000e3700000| PB 0x00000000e3700000| Untracked 
|  56|0x00000000e3800000, 0x00000000e3800000, 0x00000000e3900000|  0%| F|  |TAMS 0x00000000e3800000| PB 0x00000000e3800000| Untracked 
|  57|0x00000000e3900000, 0x00000000e3900000, 0x00000000e3a00000|  0%| F|  |TAMS 0x00000000e3900000| PB 0x00000000e3900000| Untracked 
|  58|0x00000000e3a00000, 0x00000000e3b00000, 0x00000000e3b00000|100%| O|  |TAMS 0x00000000e3a00000| PB 0x00000000e3a00000| Untracked 
|  59|0x00000000e3b00000, 0x00000000e3c00000, 0x00000000e3c00000|100%| O|  |TAMS 0x00000000e3b00000| PB 0x00000000e3b00000| Untracked 
|  60|0x00000000e3c00000, 0x00000000e3d00000, 0x00000000e3d00000|100%| O|  |TAMS 0x00000000e3c00000| PB 0x00000000e3c00000| Untracked 
|  61|0x00000000e3d00000, 0x00000000e3e00000, 0x00000000e3e00000|100%| O|  |TAMS 0x00000000e3d00000| PB 0x00000000e3d00000| Untracked 
|  62|0x00000000e3e00000, 0x00000000e3f00000, 0x00000000e3f00000|100%| O|  |TAMS 0x00000000e3e00000| PB 0x00000000e3e00000| Untracked 
|  63|0x00000000e3f00000, 0x00000000e4000000, 0x00000000e4000000|100%| O|  |TAMS 0x00000000e3f00000| PB 0x00000000e3f00000| Untracked 
|  64|0x00000000e4000000, 0x00000000e4100000, 0x00000000e4100000|100%| O|  |TAMS 0x00000000e4000000| PB 0x00000000e4000000| Untracked 
|  65|0x00000000e4100000, 0x00000000e4200000, 0x00000000e4200000|100%| O|  |TAMS 0x00000000e4100000| PB 0x00000000e4100000| Untracked 
|  66|0x00000000e4200000, 0x00000000e4300000, 0x00000000e4300000|100%| O|  |TAMS 0x00000000e4200000| PB 0x00000000e4200000| Untracked 
|  67|0x00000000e4300000, 0x00000000e4400000, 0x00000000e4400000|100%| O|  |TAMS 0x00000000e4300000| PB 0x00000000e4300000| Untracked 
|  68|0x00000000e4400000, 0x00000000e4400000, 0x00000000e4500000|  0%| F|  |TAMS 0x00000000e4400000| PB 0x00000000e4400000| Untracked 
|  69|0x00000000e4500000, 0x00000000e4500000, 0x00000000e4600000|  0%| F|  |TAMS 0x00000000e4500000| PB 0x00000000e4500000| Untracked 
|  70|0x00000000e4600000, 0x00000000e4600000, 0x00000000e4700000|  0%| F|  |TAMS 0x00000000e4600000| PB 0x00000000e4600000| Untracked 
|  71|0x00000000e4700000, 0x00000000e4800000, 0x00000000e4800000|100%| O|  |TAMS 0x00000000e4700000| PB 0x00000000e4700000| Untracked 
|  72|0x00000000e4800000, 0x00000000e4900000, 0x00000000e4900000|100%| O|Cm|TAMS 0x00000000e4800000| PB 0x00000000e4800000| Complete 
|  73|0x00000000e4900000, 0x00000000e4a00000, 0x00000000e4a00000|100%| O|Cm|TAMS 0x00000000e4900000| PB 0x00000000e4900000| Complete 
|  74|0x00000000e4a00000, 0x00000000e4b00000, 0x00000000e4b00000|100%| O|Cm|TAMS 0x00000000e4a00000| PB 0x00000000e4a00000| Complete 
|  75|0x00000000e4b00000, 0x00000000e4c00000, 0x00000000e4c00000|100%| O|Cm|TAMS 0x00000000e4b00000| PB 0x00000000e4b00000| Complete 
|  76|0x00000000e4c00000, 0x00000000e4d00000, 0x00000000e4d00000|100%| O|Cm|TAMS 0x00000000e4c00000| PB 0x00000000e4c00000| Complete 
|  77|0x00000000e4d00000, 0x00000000e4e00000, 0x00000000e4e00000|100%| O|  |TAMS 0x00000000e4d00000| PB 0x00000000e4d00000| Untracked 
|  78|0x00000000e4e00000, 0x00000000e4f00000, 0x00000000e4f00000|100%| O|  |TAMS 0x00000000e4e00000| PB 0x00000000e4e00000| Untracked 
|  79|0x00000000e4f00000, 0x00000000e5000000, 0x00000000e5000000|100%| O|Cm|TAMS 0x00000000e4f00000| PB 0x00000000e4f00000| Complete 
|  80|0x00000000e5000000, 0x00000000e5100000, 0x00000000e5100000|100%| O|Cm|TAMS 0x00000000e5000000| PB 0x00000000e5000000| Complete 
|  81|0x00000000e5100000, 0x00000000e5200000, 0x00000000e5200000|100%| O|Cm|TAMS 0x00000000e5100000| PB 0x00000000e5100000| Complete 
|  82|0x00000000e5200000, 0x00000000e5300000, 0x00000000e5300000|100%| O|  |TAMS 0x00000000e5200000| PB 0x00000000e5200000| Untracked 
|  83|0x00000000e5300000, 0x00000000e5400000, 0x00000000e5400000|100%|HS|  |TAMS 0x00000000e5300000| PB 0x00000000e5300000| Complete 
|  84|0x00000000e5400000, 0x00000000e5500000, 0x00000000e5500000|100%|HS|  |TAMS 0x00000000e5400000| PB 0x00000000e5400000| Complete 
|  85|0x00000000e5500000, 0x00000000e5600000, 0x00000000e5600000|100%|HC|  |TAMS 0x00000000e5500000| PB 0x00000000e5500000| Complete 
|  86|0x00000000e5600000, 0x00000000e5700000, 0x00000000e5700000|100%| O|  |TAMS 0x00000000e5600000| PB 0x00000000e5600000| Untracked 
|  87|0x00000000e5700000, 0x00000000e5800000, 0x00000000e5800000|100%| O|  |TAMS 0x00000000e5700000| PB 0x00000000e5700000| Untracked 
|  88|0x00000000e5800000, 0x00000000e5900000, 0x00000000e5900000|100%| O|  |TAMS 0x00000000e5800000| PB 0x00000000e5800000| Untracked 
|  89|0x00000000e5900000, 0x00000000e5a00000, 0x00000000e5a00000|100%| O|  |TAMS 0x00000000e5900000| PB 0x00000000e5900000| Untracked 
|  90|0x00000000e5a00000, 0x00000000e5b00000, 0x00000000e5b00000|100%| O|  |TAMS 0x00000000e5a00000| PB 0x00000000e5a00000| Untracked 
|  91|0x00000000e5b00000, 0x00000000e5c00000, 0x00000000e5c00000|100%| O|  |TAMS 0x00000000e5b00000| PB 0x00000000e5b00000| Untracked 
|  92|0x00000000e5c00000, 0x00000000e5d00000, 0x00000000e5d00000|100%| O|  |TAMS 0x00000000e5c00000| PB 0x00000000e5c00000| Untracked 
|  93|0x00000000e5d00000, 0x00000000e5e00000, 0x00000000e5e00000|100%| O|  |TAMS 0x00000000e5d00000| PB 0x00000000e5d00000| Untracked 
|  94|0x00000000e5e00000, 0x00000000e5f00000, 0x00000000e5f00000|100%| O|  |TAMS 0x00000000e5e00000| PB 0x00000000e5e00000| Untracked 
|  95|0x00000000e5f00000, 0x00000000e6000000, 0x00000000e6000000|100%| O|Cm|TAMS 0x00000000e5f00000| PB 0x00000000e5f00000| Complete 
|  96|0x00000000e6000000, 0x00000000e6100000, 0x00000000e6100000|100%| O|  |TAMS 0x00000000e6000000| PB 0x00000000e6000000| Untracked 
|  97|0x00000000e6100000, 0x00000000e6200000, 0x00000000e6200000|100%| O|Cm|TAMS 0x00000000e6100000| PB 0x00000000e6100000| Complete 
|  98|0x00000000e6200000, 0x00000000e6200000, 0x00000000e6300000|  0%| F|  |TAMS 0x00000000e6200000| PB 0x00000000e6200000| Untracked 
|  99|0x00000000e6300000, 0x00000000e6400000, 0x00000000e6400000|100%| O|  |TAMS 0x00000000e6300000| PB 0x00000000e6300000| Untracked 
| 100|0x00000000e6400000, 0x00000000e6500000, 0x00000000e6500000|100%| O|Cm|TAMS 0x00000000e6400000| PB 0x00000000e6400000| Complete 
| 101|0x00000000e6500000, 0x00000000e6500000, 0x00000000e6600000|  0%| F|  |TAMS 0x00000000e6500000| PB 0x00000000e6500000| Untracked 
| 102|0x00000000e6600000, 0x00000000e6700000, 0x00000000e6700000|100%| O|  |TAMS 0x00000000e6600000| PB 0x00000000e6600000| Untracked 
| 103|0x00000000e6700000, 0x00000000e6800000, 0x00000000e6800000|100%| O|  |TAMS 0x00000000e6700000| PB 0x00000000e6700000| Untracked 
| 104|0x00000000e6800000, 0x00000000e6900000, 0x00000000e6900000|100%| O|  |TAMS 0x00000000e6800000| PB 0x00000000e6800000| Untracked 
| 105|0x00000000e6900000, 0x00000000e6a00000, 0x00000000e6a00000|100%| O|  |TAMS 0x00000000e6900000| PB 0x00000000e6900000| Untracked 
| 106|0x00000000e6a00000, 0x00000000e6b00000, 0x00000000e6b00000|100%| O|  |TAMS 0x00000000e6a00000| PB 0x00000000e6a00000| Untracked 
| 107|0x00000000e6b00000, 0x00000000e6c00000, 0x00000000e6c00000|100%| O|  |TAMS 0x00000000e6b00000| PB 0x00000000e6b00000| Untracked 
| 108|0x00000000e6c00000, 0x00000000e6d00000, 0x00000000e6d00000|100%| O|  |TAMS 0x00000000e6c00000| PB 0x00000000e6c00000| Untracked 
| 109|0x00000000e6d00000, 0x00000000e6e00000, 0x00000000e6e00000|100%| O|  |TAMS 0x00000000e6d00000| PB 0x00000000e6d00000| Untracked 
| 110|0x00000000e6e00000, 0x00000000e6f00000, 0x00000000e6f00000|100%| O|  |TAMS 0x00000000e6e00000| PB 0x00000000e6e00000| Untracked 
| 111|0x00000000e6f00000, 0x00000000e6f00000, 0x00000000e7000000|  0%| F|  |TAMS 0x00000000e6f00000| PB 0x00000000e6f00000| Untracked 
| 112|0x00000000e7000000, 0x00000000e7100000, 0x00000000e7100000|100%| O|  |TAMS 0x00000000e7000000| PB 0x00000000e7000000| Untracked 
| 113|0x00000000e7100000, 0x00000000e7200000, 0x00000000e7200000|100%| O|Cm|TAMS 0x00000000e7100000| PB 0x00000000e7100000| Complete 
| 114|0x00000000e7200000, 0x00000000e7300000, 0x00000000e7300000|100%| O|Cm|TAMS 0x00000000e7200000| PB 0x00000000e7200000| Complete 
| 115|0x00000000e7300000, 0x00000000e7400000, 0x00000000e7400000|100%| O|Cm|TAMS 0x00000000e7300000| PB 0x00000000e7300000| Complete 
| 116|0x00000000e7400000, 0x00000000e7500000, 0x00000000e7500000|100%| O|Cm|TAMS 0x00000000e7400000| PB 0x00000000e7400000| Complete 
| 117|0x00000000e7500000, 0x00000000e7600000, 0x00000000e7600000|100%| O|  |TAMS 0x00000000e7500000| PB 0x00000000e7500000| Untracked 
| 118|0x00000000e7600000, 0x00000000e7700000, 0x00000000e7700000|100%| O|  |TAMS 0x00000000e7600000| PB 0x00000000e7600000| Untracked 
| 119|0x00000000e7700000, 0x00000000e7800000, 0x00000000e7800000|100%| O|  |TAMS 0x00000000e7700000| PB 0x00000000e7700000| Untracked 
| 120|0x00000000e7800000, 0x00000000e7876768, 0x00000000e7900000| 46%| O|  |TAMS 0x00000000e7800000| PB 0x00000000e7800000| Untracked 
| 121|0x00000000e7900000, 0x00000000e7900000, 0x00000000e7a00000|  0%| F|  |TAMS 0x00000000e7900000| PB 0x00000000e7900000| Untracked 
| 122|0x00000000e7a00000, 0x00000000e7a00000, 0x00000000e7b00000|  0%| F|  |TAMS 0x00000000e7a00000| PB 0x00000000e7a00000| Untracked 
| 123|0x00000000e7b00000, 0x00000000e7c00000, 0x00000000e7c00000|100%| O|Cm|TAMS 0x00000000e7b00000| PB 0x00000000e7b00000| Complete 
| 124|0x00000000e7c00000, 0x00000000e7d00000, 0x00000000e7d00000|100%| O|Cm|TAMS 0x00000000e7c00000| PB 0x00000000e7c00000| Complete 
| 125|0x00000000e7d00000, 0x00000000e7e00000, 0x00000000e7e00000|100%| O|Cm|TAMS 0x00000000e7d00000| PB 0x00000000e7d00000| Complete 
| 126|0x00000000e7e00000, 0x00000000e7f00000, 0x00000000e7f00000|100%| O|Cm|TAMS 0x00000000e7e00000| PB 0x00000000e7e00000| Complete 
| 127|0x00000000e7f00000, 0x00000000e8000000, 0x00000000e8000000|100%| O|  |TAMS 0x00000000e7f00000| PB 0x00000000e7f00000| Untracked 
| 128|0x00000000e8000000, 0x00000000e8000000, 0x00000000e8100000|  0%| F|  |TAMS 0x00000000e8000000| PB 0x00000000e8000000| Untracked 
| 129|0x00000000e8100000, 0x00000000e8100000, 0x00000000e8200000|  0%| F|  |TAMS 0x00000000e8100000| PB 0x00000000e8100000| Untracked 
| 130|0x00000000e8200000, 0x00000000e8200000, 0x00000000e8300000|  0%| F|  |TAMS 0x00000000e8200000| PB 0x00000000e8200000| Untracked 
| 131|0x00000000e8300000, 0x00000000e8300000, 0x00000000e8400000|  0%| F|  |TAMS 0x00000000e8300000| PB 0x00000000e8300000| Untracked 
| 132|0x00000000e8400000, 0x00000000e8400000, 0x00000000e8500000|  0%| F|  |TAMS 0x00000000e8400000| PB 0x00000000e8400000| Untracked 
| 133|0x00000000e8500000, 0x00000000e8500000, 0x00000000e8600000|  0%| F|  |TAMS 0x00000000e8500000| PB 0x00000000e8500000| Untracked 
| 134|0x00000000e8600000, 0x00000000e8600000, 0x00000000e8700000|  0%| F|  |TAMS 0x00000000e8600000| PB 0x00000000e8600000| Untracked 
| 135|0x00000000e8700000, 0x00000000e8700000, 0x00000000e8800000|  0%| F|  |TAMS 0x00000000e8700000| PB 0x00000000e8700000| Untracked 
| 136|0x00000000e8800000, 0x00000000e8800000, 0x00000000e8900000|  0%| F|  |TAMS 0x00000000e8800000| PB 0x00000000e8800000| Untracked 
| 137|0x00000000e8900000, 0x00000000e8900000, 0x00000000e8a00000|  0%| F|  |TAMS 0x00000000e8900000| PB 0x00000000e8900000| Untracked 
| 138|0x00000000e8a00000, 0x00000000e8a00000, 0x00000000e8b00000|  0%| F|  |TAMS 0x00000000e8a00000| PB 0x00000000e8a00000| Untracked 
| 139|0x00000000e8b00000, 0x00000000e8b00000, 0x00000000e8c00000|  0%| F|  |TAMS 0x00000000e8b00000| PB 0x00000000e8b00000| Untracked 
| 140|0x00000000e8c00000, 0x00000000e8c00000, 0x00000000e8d00000|  0%| F|  |TAMS 0x00000000e8c00000| PB 0x00000000e8c00000| Untracked 
| 141|0x00000000e8d00000, 0x00000000e8d00000, 0x00000000e8e00000|  0%| F|  |TAMS 0x00000000e8d00000| PB 0x00000000e8d00000| Untracked 
| 142|0x00000000e8e00000, 0x00000000e8e00000, 0x00000000e8f00000|  0%| F|  |TAMS 0x00000000e8e00000| PB 0x00000000e8e00000| Untracked 
| 143|0x00000000e8f00000, 0x00000000e8f00000, 0x00000000e9000000|  0%| F|  |TAMS 0x00000000e8f00000| PB 0x00000000e8f00000| Untracked 
| 144|0x00000000e9000000, 0x00000000e9000000, 0x00000000e9100000|  0%| F|  |TAMS 0x00000000e9000000| PB 0x00000000e9000000| Untracked 
| 145|0x00000000e9100000, 0x00000000e9100000, 0x00000000e9200000|  0%| F|  |TAMS 0x00000000e9100000| PB 0x00000000e9100000| Untracked 
| 146|0x00000000e9200000, 0x00000000e9265860, 0x00000000e9300000| 39%| S|CS|TAMS 0x00000000e9200000| PB 0x00000000e9200000| Complete 
| 147|0x00000000e9300000, 0x00000000e9400000, 0x00000000e9400000|100%| S|CS|TAMS 0x00000000e9300000| PB 0x00000000e9300000| Complete 
| 148|0x00000000e9400000, 0x00000000e9500000, 0x00000000e9500000|100%| S|CS|TAMS 0x00000000e9400000| PB 0x00000000e9400000| Complete 
| 149|0x00000000e9500000, 0x00000000e9500000, 0x00000000e9600000|  0%| F|  |TAMS 0x00000000e9500000| PB 0x00000000e9500000| Untracked 
| 150|0x00000000e9600000, 0x00000000e9600000, 0x00000000e9700000|  0%| F|  |TAMS 0x00000000e9600000| PB 0x00000000e9600000| Untracked 
| 151|0x00000000e9700000, 0x00000000e9700000, 0x00000000e9800000|  0%| F|  |TAMS 0x00000000e9700000| PB 0x00000000e9700000| Untracked 
| 152|0x00000000e9800000, 0x00000000e9800000, 0x00000000e9900000|  0%| F|  |TAMS 0x00000000e9800000| PB 0x00000000e9800000| Untracked 
| 153|0x00000000e9900000, 0x00000000e9900000, 0x00000000e9a00000|  0%| F|  |TAMS 0x00000000e9900000| PB 0x00000000e9900000| Untracked 
| 154|0x00000000e9a00000, 0x00000000e9a00000, 0x00000000e9b00000|  0%| F|  |TAMS 0x00000000e9a00000| PB 0x00000000e9a00000| Untracked 
| 155|0x00000000e9b00000, 0x00000000e9b00000, 0x00000000e9c00000|  0%| F|  |TAMS 0x00000000e9b00000| PB 0x00000000e9b00000| Untracked 
| 156|0x00000000e9c00000, 0x00000000e9c00000, 0x00000000e9d00000|  0%| F|  |TAMS 0x00000000e9c00000| PB 0x00000000e9c00000| Untracked 
| 157|0x00000000e9d00000, 0x00000000e9d00000, 0x00000000e9e00000|  0%| F|  |TAMS 0x00000000e9d00000| PB 0x00000000e9d00000| Untracked 
| 158|0x00000000e9e00000, 0x00000000e9e00000, 0x00000000e9f00000|  0%| F|  |TAMS 0x00000000e9e00000| PB 0x00000000e9e00000| Untracked 
| 159|0x00000000e9f00000, 0x00000000e9f00000, 0x00000000ea000000|  0%| F|  |TAMS 0x00000000e9f00000| PB 0x00000000e9f00000| Untracked 
| 160|0x00000000ea000000, 0x00000000ea000000, 0x00000000ea100000|  0%| F|  |TAMS 0x00000000ea000000| PB 0x00000000ea000000| Untracked 
| 161|0x00000000ea100000, 0x00000000ea100000, 0x00000000ea200000|  0%| F|  |TAMS 0x00000000ea100000| PB 0x00000000ea100000| Untracked 
| 162|0x00000000ea200000, 0x00000000ea200000, 0x00000000ea300000|  0%| F|  |TAMS 0x00000000ea200000| PB 0x00000000ea200000| Untracked 
| 163|0x00000000ea300000, 0x00000000ea300000, 0x00000000ea400000|  0%| F|  |TAMS 0x00000000ea300000| PB 0x00000000ea300000| Untracked 
| 164|0x00000000ea400000, 0x00000000ea400000, 0x00000000ea500000|  0%| F|  |TAMS 0x00000000ea400000| PB 0x00000000ea400000| Untracked 
| 165|0x00000000ea500000, 0x00000000ea500000, 0x00000000ea600000|  0%| F|  |TAMS 0x00000000ea500000| PB 0x00000000ea500000| Untracked 
| 166|0x00000000ea600000, 0x00000000ea600000, 0x00000000ea700000|  0%| F|  |TAMS 0x00000000ea600000| PB 0x00000000ea600000| Untracked 
| 167|0x00000000ea700000, 0x00000000ea700000, 0x00000000ea800000|  0%| F|  |TAMS 0x00000000ea700000| PB 0x00000000ea700000| Untracked 
| 168|0x00000000ea800000, 0x00000000ea800000, 0x00000000ea900000|  0%| F|  |TAMS 0x00000000ea800000| PB 0x00000000ea800000| Untracked 
| 169|0x00000000ea900000, 0x00000000ea900000, 0x00000000eaa00000|  0%| F|  |TAMS 0x00000000ea900000| PB 0x00000000ea900000| Untracked 
| 170|0x00000000eaa00000, 0x00000000eaa00000, 0x00000000eab00000|  0%| F|  |TAMS 0x00000000eaa00000| PB 0x00000000eaa00000| Untracked 
| 171|0x00000000eab00000, 0x00000000eab00000, 0x00000000eac00000|  0%| F|  |TAMS 0x00000000eab00000| PB 0x00000000eab00000| Untracked 
| 172|0x00000000eac00000, 0x00000000eac00000, 0x00000000ead00000|  0%| F|  |TAMS 0x00000000eac00000| PB 0x00000000eac00000| Untracked 
| 173|0x00000000ead00000, 0x00000000ead00000, 0x00000000eae00000|  0%| F|  |TAMS 0x00000000ead00000| PB 0x00000000ead00000| Untracked 
| 174|0x00000000eae00000, 0x00000000eae00000, 0x00000000eaf00000|  0%| F|  |TAMS 0x00000000eae00000| PB 0x00000000eae00000| Untracked 
| 175|0x00000000eaf00000, 0x00000000eaf00000, 0x00000000eb000000|  0%| F|  |TAMS 0x00000000eaf00000| PB 0x00000000eaf00000| Untracked 
| 176|0x00000000eb000000, 0x00000000eb000000, 0x00000000eb100000|  0%| F|  |TAMS 0x00000000eb000000| PB 0x00000000eb000000| Untracked 
| 177|0x00000000eb100000, 0x00000000eb100000, 0x00000000eb200000|  0%| F|  |TAMS 0x00000000eb100000| PB 0x00000000eb100000| Untracked 
| 178|0x00000000eb200000, 0x00000000eb200000, 0x00000000eb300000|  0%| F|  |TAMS 0x00000000eb200000| PB 0x00000000eb200000| Untracked 
| 179|0x00000000eb300000, 0x00000000eb300000, 0x00000000eb400000|  0%| F|  |TAMS 0x00000000eb300000| PB 0x00000000eb300000| Untracked 
| 180|0x00000000eb400000, 0x00000000eb400000, 0x00000000eb500000|  0%| F|  |TAMS 0x00000000eb400000| PB 0x00000000eb400000| Untracked 
| 181|0x00000000eb500000, 0x00000000eb500000, 0x00000000eb600000|  0%| F|  |TAMS 0x00000000eb500000| PB 0x00000000eb500000| Untracked 
| 182|0x00000000eb600000, 0x00000000eb600000, 0x00000000eb700000|  0%| F|  |TAMS 0x00000000eb600000| PB 0x00000000eb600000| Untracked 
| 183|0x00000000eb700000, 0x00000000eb700000, 0x00000000eb800000|  0%| F|  |TAMS 0x00000000eb700000| PB 0x00000000eb700000| Untracked 
| 184|0x00000000eb800000, 0x00000000eb800000, 0x00000000eb900000|  0%| F|  |TAMS 0x00000000eb800000| PB 0x00000000eb800000| Untracked 
| 185|0x00000000eb900000, 0x00000000eb900000, 0x00000000eba00000|  0%| F|  |TAMS 0x00000000eb900000| PB 0x00000000eb900000| Untracked 
| 186|0x00000000eba00000, 0x00000000eba00000, 0x00000000ebb00000|  0%| F|  |TAMS 0x00000000eba00000| PB 0x00000000eba00000| Untracked 
| 187|0x00000000ebb00000, 0x00000000ebb00000, 0x00000000ebc00000|  0%| F|  |TAMS 0x00000000ebb00000| PB 0x00000000ebb00000| Untracked 
| 188|0x00000000ebc00000, 0x00000000ebc00000, 0x00000000ebd00000|  0%| F|  |TAMS 0x00000000ebc00000| PB 0x00000000ebc00000| Untracked 
| 189|0x00000000ebd00000, 0x00000000ebd00000, 0x00000000ebe00000|  0%| F|  |TAMS 0x00000000ebd00000| PB 0x00000000ebd00000| Untracked 
| 190|0x00000000ebe00000, 0x00000000ebe00000, 0x00000000ebf00000|  0%| F|  |TAMS 0x00000000ebe00000| PB 0x00000000ebe00000| Untracked 
| 191|0x00000000ebf00000, 0x00000000ebf00000, 0x00000000ec000000|  0%| F|  |TAMS 0x00000000ebf00000| PB 0x00000000ebf00000| Untracked 
| 192|0x00000000ec000000, 0x00000000ec000000, 0x00000000ec100000|  0%| F|  |TAMS 0x00000000ec000000| PB 0x00000000ec000000| Untracked 
| 193|0x00000000ec100000, 0x00000000ec100000, 0x00000000ec200000|  0%| F|  |TAMS 0x00000000ec100000| PB 0x00000000ec100000| Untracked 
| 194|0x00000000ec200000, 0x00000000ec200000, 0x00000000ec300000|  0%| F|  |TAMS 0x00000000ec200000| PB 0x00000000ec200000| Untracked 
| 195|0x00000000ec300000, 0x00000000ec300000, 0x00000000ec400000|  0%| F|  |TAMS 0x00000000ec300000| PB 0x00000000ec300000| Untracked 
| 196|0x00000000ec400000, 0x00000000ec400000, 0x00000000ec500000|  0%| F|  |TAMS 0x00000000ec400000| PB 0x00000000ec400000| Untracked 
| 197|0x00000000ec500000, 0x00000000ec500000, 0x00000000ec600000|  0%| F|  |TAMS 0x00000000ec500000| PB 0x00000000ec500000| Untracked 
| 198|0x00000000ec600000, 0x00000000ec600000, 0x00000000ec700000|  0%| F|  |TAMS 0x00000000ec600000| PB 0x00000000ec600000| Untracked 
| 199|0x00000000ec700000, 0x00000000ec700000, 0x00000000ec800000|  0%| F|  |TAMS 0x00000000ec700000| PB 0x00000000ec700000| Untracked 
| 200|0x00000000ec800000, 0x00000000ec800000, 0x00000000ec900000|  0%| F|  |TAMS 0x00000000ec800000| PB 0x00000000ec800000| Untracked 
| 201|0x00000000ec900000, 0x00000000ec900000, 0x00000000eca00000|  0%| F|  |TAMS 0x00000000ec900000| PB 0x00000000ec900000| Untracked 
| 202|0x00000000eca00000, 0x00000000eca00000, 0x00000000ecb00000|  0%| F|  |TAMS 0x00000000eca00000| PB 0x00000000eca00000| Untracked 
| 203|0x00000000ecb00000, 0x00000000ecb00000, 0x00000000ecc00000|  0%| F|  |TAMS 0x00000000ecb00000| PB 0x00000000ecb00000| Untracked 
| 204|0x00000000ecc00000, 0x00000000ecc00000, 0x00000000ecd00000|  0%| F|  |TAMS 0x00000000ecc00000| PB 0x00000000ecc00000| Untracked 
| 205|0x00000000ecd00000, 0x00000000ecd00000, 0x00000000ece00000|  0%| F|  |TAMS 0x00000000ecd00000| PB 0x00000000ecd00000| Untracked 
| 206|0x00000000ece00000, 0x00000000ece00000, 0x00000000ecf00000|  0%| F|  |TAMS 0x00000000ece00000| PB 0x00000000ece00000| Untracked 
| 207|0x00000000ecf00000, 0x00000000ecf00000, 0x00000000ed000000|  0%| F|  |TAMS 0x00000000ecf00000| PB 0x00000000ecf00000| Untracked 
| 208|0x00000000ed000000, 0x00000000ed000000, 0x00000000ed100000|  0%| F|  |TAMS 0x00000000ed000000| PB 0x00000000ed000000| Untracked 
| 209|0x00000000ed100000, 0x00000000ed100000, 0x00000000ed200000|  0%| F|  |TAMS 0x00000000ed100000| PB 0x00000000ed100000| Untracked 
| 210|0x00000000ed200000, 0x00000000ed200000, 0x00000000ed300000|  0%| F|  |TAMS 0x00000000ed200000| PB 0x00000000ed200000| Untracked 
| 211|0x00000000ed300000, 0x00000000ed300000, 0x00000000ed400000|  0%| F|  |TAMS 0x00000000ed300000| PB 0x00000000ed300000| Untracked 
| 212|0x00000000ed400000, 0x00000000ed400000, 0x00000000ed500000|  0%| F|  |TAMS 0x00000000ed400000| PB 0x00000000ed400000| Untracked 
| 213|0x00000000ed500000, 0x00000000ed500000, 0x00000000ed600000|  0%| F|  |TAMS 0x00000000ed500000| PB 0x00000000ed500000| Untracked 
| 214|0x00000000ed600000, 0x00000000ed600000, 0x00000000ed700000|  0%| F|  |TAMS 0x00000000ed600000| PB 0x00000000ed600000| Untracked 
| 215|0x00000000ed700000, 0x00000000ed700000, 0x00000000ed800000|  0%| F|  |TAMS 0x00000000ed700000| PB 0x00000000ed700000| Untracked 
| 216|0x00000000ed800000, 0x00000000ed800000, 0x00000000ed900000|  0%| F|  |TAMS 0x00000000ed800000| PB 0x00000000ed800000| Untracked 
| 217|0x00000000ed900000, 0x00000000ed900000, 0x00000000eda00000|  0%| F|  |TAMS 0x00000000ed900000| PB 0x00000000ed900000| Untracked 
| 218|0x00000000eda00000, 0x00000000eda00000, 0x00000000edb00000|  0%| F|  |TAMS 0x00000000eda00000| PB 0x00000000eda00000| Untracked 
| 219|0x00000000edb00000, 0x00000000edb00000, 0x00000000edc00000|  0%| F|  |TAMS 0x00000000edb00000| PB 0x00000000edb00000| Untracked 
| 220|0x00000000edc00000, 0x00000000edc00000, 0x00000000edd00000|  0%| F|  |TAMS 0x00000000edc00000| PB 0x00000000edc00000| Untracked 
| 221|0x00000000edd00000, 0x00000000edd00000, 0x00000000ede00000|  0%| F|  |TAMS 0x00000000edd00000| PB 0x00000000edd00000| Untracked 
| 222|0x00000000ede00000, 0x00000000ede00000, 0x00000000edf00000|  0%| F|  |TAMS 0x00000000ede00000| PB 0x00000000ede00000| Untracked 
| 223|0x00000000edf00000, 0x00000000edf00000, 0x00000000ee000000|  0%| F|  |TAMS 0x00000000edf00000| PB 0x00000000edf00000| Untracked 
| 224|0x00000000ee000000, 0x00000000ee000000, 0x00000000ee100000|  0%| F|  |TAMS 0x00000000ee000000| PB 0x00000000ee000000| Untracked 
| 225|0x00000000ee100000, 0x00000000ee100000, 0x00000000ee200000|  0%| F|  |TAMS 0x00000000ee100000| PB 0x00000000ee100000| Untracked 
| 226|0x00000000ee200000, 0x00000000ee200000, 0x00000000ee300000|  0%| F|  |TAMS 0x00000000ee200000| PB 0x00000000ee200000| Untracked 
| 227|0x00000000ee300000, 0x00000000ee300000, 0x00000000ee400000|  0%| F|  |TAMS 0x00000000ee300000| PB 0x00000000ee300000| Untracked 
| 228|0x00000000ee400000, 0x00000000ee400000, 0x00000000ee500000|  0%| F|  |TAMS 0x00000000ee400000| PB 0x00000000ee400000| Untracked 
| 229|0x00000000ee500000, 0x00000000ee500000, 0x00000000ee600000|  0%| F|  |TAMS 0x00000000ee500000| PB 0x00000000ee500000| Untracked 
| 230|0x00000000ee600000, 0x00000000ee600000, 0x00000000ee700000|  0%| F|  |TAMS 0x00000000ee600000| PB 0x00000000ee600000| Untracked 
| 231|0x00000000ee700000, 0x00000000ee700000, 0x00000000ee800000|  0%| F|  |TAMS 0x00000000ee700000| PB 0x00000000ee700000| Untracked 
| 232|0x00000000ee800000, 0x00000000ee800000, 0x00000000ee900000|  0%| F|  |TAMS 0x00000000ee800000| PB 0x00000000ee800000| Untracked 
| 233|0x00000000ee900000, 0x00000000ee900000, 0x00000000eea00000|  0%| F|  |TAMS 0x00000000ee900000| PB 0x00000000ee900000| Untracked 
| 234|0x00000000eea00000, 0x00000000eeaf2530, 0x00000000eeb00000| 94%| E|  |TAMS 0x00000000eea00000| PB 0x00000000eea00000| Complete 
| 235|0x00000000eeb00000, 0x00000000eec00000, 0x00000000eec00000|100%| E|CS|TAMS 0x00000000eeb00000| PB 0x00000000eeb00000| Complete 
| 236|0x00000000eec00000, 0x00000000eed00000, 0x00000000eed00000|100%| E|CS|TAMS 0x00000000eec00000| PB 0x00000000eec00000| Complete 
| 237|0x00000000eed00000, 0x00000000eee00000, 0x00000000eee00000|100%| E|CS|TAMS 0x00000000eed00000| PB 0x00000000eed00000| Complete 
| 238|0x00000000eee00000, 0x00000000eef00000, 0x00000000eef00000|100%| E|CS|TAMS 0x00000000eee00000| PB 0x00000000eee00000| Complete 
| 239|0x00000000eef00000, 0x00000000ef000000, 0x00000000ef000000|100%| E|CS|TAMS 0x00000000eef00000| PB 0x00000000eef00000| Complete 
| 240|0x00000000ef000000, 0x00000000ef100000, 0x00000000ef100000|100%| E|CS|TAMS 0x00000000ef000000| PB 0x00000000ef000000| Complete 
| 241|0x00000000ef100000, 0x00000000ef200000, 0x00000000ef200000|100%| E|CS|TAMS 0x00000000ef100000| PB 0x00000000ef100000| Complete 
| 242|0x00000000ef200000, 0x00000000ef2ffc40, 0x00000000ef300000| 99%| E|  |TAMS 0x00000000ef200000| PB 0x00000000ef200000| Complete 
| 243|0x00000000ef300000, 0x00000000ef400000, 0x00000000ef400000|100%| E|CS|TAMS 0x00000000ef300000| PB 0x00000000ef300000| Complete 
| 244|0x00000000ef400000, 0x00000000ef500000, 0x00000000ef500000|100%| E|CS|TAMS 0x00000000ef400000| PB 0x00000000ef400000| Complete 
| 245|0x00000000ef500000, 0x00000000ef600000, 0x00000000ef600000|100%| E|CS|TAMS 0x00000000ef500000| PB 0x00000000ef500000| Complete 
| 246|0x00000000ef600000, 0x00000000ef700000, 0x00000000ef700000|100%| E|CS|TAMS 0x00000000ef600000| PB 0x00000000ef600000| Complete 
| 247|0x00000000ef700000, 0x00000000ef800000, 0x00000000ef800000|100%| E|CS|TAMS 0x00000000ef700000| PB 0x00000000ef700000| Complete 
| 248|0x00000000ef800000, 0x00000000ef900000, 0x00000000ef900000|100%| E|CS|TAMS 0x00000000ef800000| PB 0x00000000ef800000| Complete 
| 249|0x00000000ef900000, 0x00000000efa00000, 0x00000000efa00000|100%| E|CS|TAMS 0x00000000ef900000| PB 0x00000000ef900000| Complete 
| 250|0x00000000efa00000, 0x00000000efb00000, 0x00000000efb00000|100%| E|CS|TAMS 0x00000000efa00000| PB 0x00000000efa00000| Complete 
| 251|0x00000000efb00000, 0x00000000efc00000, 0x00000000efc00000|100%| E|CS|TAMS 0x00000000efb00000| PB 0x00000000efb00000| Complete 
| 252|0x00000000efc00000, 0x00000000efd00000, 0x00000000efd00000|100%| E|CS|TAMS 0x00000000efc00000| PB 0x00000000efc00000| Complete 
| 253|0x00000000efd00000, 0x00000000efe00000, 0x00000000efe00000|100%| E|CS|TAMS 0x00000000efd00000| PB 0x00000000efd00000| Complete 
| 254|0x00000000efe00000, 0x00000000eff00000, 0x00000000eff00000|100%| E|CS|TAMS 0x00000000efe00000| PB 0x00000000efe00000| Complete 
| 255|0x00000000eff00000, 0x00000000f0000000, 0x00000000f0000000|100%| E|CS|TAMS 0x00000000eff00000| PB 0x00000000eff00000| Complete 
| 256|0x00000000f0000000, 0x00000000f0100000, 0x00000000f0100000|100%| E|CS|TAMS 0x00000000f0000000| PB 0x00000000f0000000| Complete 
| 257|0x00000000f0100000, 0x00000000f0200000, 0x00000000f0200000|100%| E|CS|TAMS 0x00000000f0100000| PB 0x00000000f0100000| Complete 
| 480|0x00000000fe000000, 0x00000000fe100000, 0x00000000fe100000|100%| O|Cm|TAMS 0x00000000fe000000| PB 0x00000000fe000000| Complete 
| 481|0x00000000fe100000, 0x00000000fe200000, 0x00000000fe200000|100%| O|  |TAMS 0x00000000fe100000| PB 0x00000000fe100000| Untracked 
| 482|0x00000000fe200000, 0x00000000fe300000, 0x00000000fe300000|100%| O|  |TAMS 0x00000000fe200000| PB 0x00000000fe200000| Untracked 
| 483|0x00000000fe300000, 0x00000000fe400000, 0x00000000fe400000|100%| O|  |TAMS 0x00000000fe300000| PB 0x00000000fe300000| Untracked 
| 484|0x00000000fe400000, 0x00000000fe500000, 0x00000000fe500000|100%| O|  |TAMS 0x00000000fe400000| PB 0x00000000fe400000| Untracked 
| 485|0x00000000fe500000, 0x00000000fe600000, 0x00000000fe600000|100%| O|  |TAMS 0x00000000fe500000| PB 0x00000000fe500000| Untracked 
| 486|0x00000000fe600000, 0x00000000fe700000, 0x00000000fe700000|100%| O|  |TAMS 0x00000000fe600000| PB 0x00000000fe600000| Untracked 
| 487|0x00000000fe700000, 0x00000000fe800000, 0x00000000fe800000|100%| O|  |TAMS 0x00000000fe700000| PB 0x00000000fe700000| Untracked 
| 488|0x00000000fe800000, 0x00000000fe900000, 0x00000000fe900000|100%| O|  |TAMS 0x00000000fe800000| PB 0x00000000fe800000| Untracked 
| 489|0x00000000fe900000, 0x00000000fea00000, 0x00000000fea00000|100%| O|  |TAMS 0x00000000fe900000| PB 0x00000000fe900000| Untracked 
| 490|0x00000000fea00000, 0x00000000feb00000, 0x00000000feb00000|100%| O|  |TAMS 0x00000000fea00000| PB 0x00000000fea00000| Untracked 
| 491|0x00000000feb00000, 0x00000000fec00000, 0x00000000fec00000|100%| O|  |TAMS 0x00000000feb00000| PB 0x00000000feb00000| Untracked 
| 492|0x00000000fec00000, 0x00000000fed00000, 0x00000000fed00000|100%| O|  |TAMS 0x00000000fec00000| PB 0x00000000fec00000| Untracked 
| 493|0x00000000fed00000, 0x00000000fee00000, 0x00000000fee00000|100%| O|  |TAMS 0x00000000fed00000| PB 0x00000000fed00000| Untracked 
| 494|0x00000000fee00000, 0x00000000fef00000, 0x00000000fef00000|100%| O|  |TAMS 0x00000000fee00000| PB 0x00000000fee00000| Untracked 
| 495|0x00000000fef00000, 0x00000000ff000000, 0x00000000ff000000|100%| O|  |TAMS 0x00000000fef00000| PB 0x00000000fef00000| Untracked 
| 496|0x00000000ff000000, 0x00000000ff100000, 0x00000000ff100000|100%| O|  |TAMS 0x00000000ff000000| PB 0x00000000ff000000| Untracked 
| 497|0x00000000ff100000, 0x00000000ff200000, 0x00000000ff200000|100%| O|  |TAMS 0x00000000ff100000| PB 0x00000000ff100000| Untracked 
| 498|0x00000000ff200000, 0x00000000ff300000, 0x00000000ff300000|100%| O|  |TAMS 0x00000000ff200000| PB 0x00000000ff200000| Untracked 
| 499|0x00000000ff300000, 0x00000000ff400000, 0x00000000ff400000|100%| O|  |TAMS 0x00000000ff300000| PB 0x00000000ff300000| Untracked 
| 500|0x00000000ff400000, 0x00000000ff500000, 0x00000000ff500000|100%| O|  |TAMS 0x00000000ff400000| PB 0x00000000ff400000| Untracked 
| 501|0x00000000ff500000, 0x00000000ff600000, 0x00000000ff600000|100%| O|  |TAMS 0x00000000ff500000| PB 0x00000000ff500000| Untracked 
| 502|0x00000000ff600000, 0x00000000ff700000, 0x00000000ff700000|100%| O|Cm|TAMS 0x00000000ff600000| PB 0x00000000ff600000| Complete 
| 503|0x00000000ff700000, 0x00000000ff800000, 0x00000000ff800000|100%| O|  |TAMS 0x00000000ff700000| PB 0x00000000ff700000| Untracked 
| 504|0x00000000ff800000, 0x00000000ff900000, 0x00000000ff900000|100%| O|Cm|TAMS 0x00000000ff800000| PB 0x00000000ff800000| Complete 
| 505|0x00000000ff900000, 0x00000000ffa00000, 0x00000000ffa00000|100%| O|  |TAMS 0x00000000ff900000| PB 0x00000000ff900000| Untracked 
| 506|0x00000000ffa00000, 0x00000000ffb00000, 0x00000000ffb00000|100%| O|Cm|TAMS 0x00000000ffa00000| PB 0x00000000ffa00000| Complete 
| 507|0x00000000ffb00000, 0x00000000ffc00000, 0x00000000ffc00000|100%| O|Cm|TAMS 0x00000000ffb00000| PB 0x00000000ffb00000| Complete 
| 508|0x00000000ffc00000, 0x00000000ffd00000, 0x00000000ffd00000|100%| O|  |TAMS 0x00000000ffc00000| PB 0x00000000ffc00000| Untracked 
| 509|0x00000000ffd00000, 0x00000000ffe00000, 0x00000000ffe00000|100%| O|Cm|TAMS 0x00000000ffd00000| PB 0x00000000ffd00000| Complete 
| 510|0x00000000ffe00000, 0x00000000fff00000, 0x00000000fff00000|100%| O|  |TAMS 0x00000000ffe00000| PB 0x00000000ffe00000| Untracked 
| 511|0x00000000fff00000, 0x0000000100000000, 0x0000000100000000|100%| O|  |TAMS 0x00000000fff00000| PB 0x00000000fff00000| Untracked 

Card table byte_map: [0x00000224679f0000,0x0000022467af0000] _byte_map_base: 0x00000224672f0000

Marking Bits: (CMBitMap*) 0x00000224551c1c90
 Bits: [0x0000022467af0000, 0x00000224682f0000)

Polling page: 0x0000022452f90000

Metaspace:

Usage:
  Non-class:     47.44 MB used.
      Class:      7.90 MB used.
       Both:     55.34 MB used.

Virtual space:
  Non-class space:       64.00 MB reserved,      48.31 MB ( 75%) committed,  1 nodes.
      Class space:      320.00 MB reserved,       8.75 MB (  3%) committed,  1 nodes.
             Both:      384.00 MB reserved,      57.06 MB ( 15%) committed. 

Chunk freelists:
   Non-Class:  15.50 MB
       Class:  7.24 MB
        Both:  22.75 MB

MaxMetaspaceSize: 384.00 MB
CompressedClassSpaceSize: 320.00 MB
Initial GC threshold: 21.00 MB
Current GC threshold: 95.12 MB
CDS: on
 - commit_granule_bytes: 65536.
 - commit_granule_words: 8192.
 - virtual_space_node_default_size: 8388608.
 - enlarge_chunks_in_place: 1.
 - use_allocation_guard: 0.


Internal statistics:

num_allocs_failed_limit: 12.
num_arena_births: 2928.
num_arena_deaths: 2.
num_vsnodes_births: 2.
num_vsnodes_deaths: 0.
num_space_committed: 913.
num_space_uncommitted: 0.
num_chunks_returned_to_freelist: 17.
num_chunks_taken_from_freelist: 5539.
num_chunk_merges: 4.
num_chunk_splits: 3610.
num_chunks_enlarged: 2262.
num_inconsistent_stats: 0.

CodeHeap 'non-profiled nmethods': size=120000Kb used=6006Kb max_used=6265Kb free=113993Kb
 bounds [0x000002245fe60000, 0x0000022460480000, 0x0000022467390000]
CodeHeap 'profiled nmethods': size=120000Kb used=17671Kb max_used=17733Kb free=102328Kb
 bounds [0x0000022458390000, 0x0000022459510000, 0x000002245f8c0000]
CodeHeap 'non-nmethods': size=5760Kb used=2619Kb max_used=2684Kb free=3140Kb
 bounds [0x000002245f8c0000, 0x000002245fb70000, 0x000002245fe60000]
CodeCache: size=245760Kb, used=26296Kb, max_used=26682Kb, free=219461Kb
 total_blobs=10346, nmethods=9460, adapters=788, full_count=0
Compilation: enabled, stopped_count=0, restarted_count=0

Compilation events (20 events):
Event: 28.664 Thread 0x0000022419030920 nmethod 10152 0x00000224583caf90 code [0x00000224583cb1a0, 0x00000224583cb6a8]
Event: 28.664 Thread 0x0000022419030920 10153       2       org.objectweb.asm.tree.MethodNode::visitTypeInsn (17 bytes)
Event: 28.664 Thread 0x0000022419030920 nmethod 10153 0x0000022458491e90 code [0x0000022458492040, 0x0000022458492240]
Event: 28.664 Thread 0x0000022419030920 10154       2       org.objectweb.asm.tree.TypeInsnNode::<init> (11 bytes)
Event: 28.664 Thread 0x0000022419030920 nmethod 10154 0x000002245850bc90 code [0x000002245850be20, 0x000002245850bf80]
Event: 28.675 Thread 0x000002241dce6fb0 nmethod 10147 0x000002245fee9290 code [0x000002245fee9460, 0x000002245fee9b78]
Event: 28.676 Thread 0x000002241dce6fb0 10145       4       org.objectweb.asm.Attribute::computeAttributesSize (62 bytes)
Event: 28.679 Thread 0x000002241dce6fb0 nmethod 10145 0x0000022460057310 code [0x00000224600574c0, 0x0000022460057620]
Event: 28.679 Thread 0x000002241dce6fb0 10146       4       org.objectweb.asm.Attribute::putAttributes (78 bytes)
Event: 28.679 Thread 0x0000022419030920 10156       2       com.esotericsoftware.kryo.io.Output::writeByte (36 bytes)
Event: 28.680 Thread 0x0000022419030920 nmethod 10156 0x00000224584c8410 code [0x00000224584c85c0, 0x00000224584c8750]
Event: 28.686 Thread 0x0000022419030920 10157       3       org.objectweb.asm.MethodVisitor::visitInvokeDynamicInsn (39 bytes)
Event: 29.693 Thread 0x0000022419030920 nmethod 10157 0x0000022458558c90 code [0x0000022458558e60, 0x0000022458559180]
Event: 29.693 Thread 0x0000022419030920 10162       3       org.gradle.api.file.RelativePath::<init> (197 bytes)
Event: 29.694 Thread 0x000002241dce6fb0 nmethod 10146 0x0000022460056a90 code [0x0000022460056ca0, 0x0000022460056f78]
Event: 29.695 Thread 0x000002241dce6fb0 10149       4       org.objectweb.asm.AnnotationWriter::computeAnnotationsSize (66 bytes)
Event: 29.695 Thread 0x0000022419030920 nmethod 10162 0x0000022458ad4490 code [0x0000022458ad4700, 0x0000022458ad5300]
Event: 29.695 Thread 0x0000022419030920 10175       3       org.gradle.internal.classpath.generated.InterceptorDeclaration_ConfigCacheJvmBytecode::visitMethodInsn (4568 bytes)
Event: 29.697 Thread 0x000002241dce6fb0 nmethod 10149 0x000002245ffa2190 code [0x000002245ffa2340, 0x000002245ffa2478]
Event: 29.697 Thread 0x000002241dce6fb0 10164       4       org.objectweb.asm.MethodWriter::visitJumpInsn (495 bytes)

GC Heap History (20 events):
Event: 18.364 GC heap before
{Heap before GC invocations=11 (full 0):
 garbage-first heap   total 262144K, used 190138K [0x00000000e0000000, 0x0000000100000000)
  region size 1024K, 153 young (156672K), 14 survivors (14336K)
 Metaspace       used 54887K, committed 56576K, reserved 393216K
  class space    used 7971K, committed 8768K, reserved 327680K
}
Event: 18.380 GC heap after
{Heap after GC invocations=12 (full 0):
 garbage-first heap   total 262144K, used 57636K [0x00000000e0000000, 0x0000000100000000)
  region size 1024K, 15 young (15360K), 15 survivors (15360K)
 Metaspace       used 54887K, committed 56576K, reserved 393216K
  class space    used 7971K, committed 8768K, reserved 327680K
}
Event: 18.719 GC heap before
{Heap before GC invocations=12 (full 0):
 garbage-first heap   total 262144K, used 197924K [0x00000000e0000000, 0x0000000100000000)
  region size 1024K, 153 young (156672K), 15 survivors (15360K)
 Metaspace       used 54918K, committed 56576K, reserved 393216K
  class space    used 7971K, committed 8768K, reserved 327680K
}
Event: 18.730 GC heap after
{Heap after GC invocations=13 (full 0):
 garbage-first heap   total 262144K, used 62431K [0x00000000e0000000, 0x0000000100000000)
  region size 1024K, 13 young (13312K), 13 survivors (13312K)
 Metaspace       used 54918K, committed 56576K, reserved 393216K
  class space    used 7971K, committed 8768K, reserved 327680K
}
Event: 19.717 GC heap before
{Heap before GC invocations=13 (full 0):
 garbage-first heap   total 262144K, used 204767K [0x00000000e0000000, 0x0000000100000000)
  region size 1024K, 153 young (156672K), 13 survivors (13312K)
 Metaspace       used 55136K, committed 56832K, reserved 393216K
  class space    used 7972K, committed 8768K, reserved 327680K
}
Event: 19.725 GC heap after
{Heap after GC invocations=14 (full 0):
 garbage-first heap   total 262144K, used 61376K [0x00000000e0000000, 0x0000000100000000)
  region size 1024K, 9 young (9216K), 9 survivors (9216K)
 Metaspace       used 55136K, committed 56832K, reserved 393216K
  class space    used 7972K, committed 8768K, reserved 327680K
}
Event: 22.972 GC heap before
{Heap before GC invocations=14 (full 0):
 garbage-first heap   total 262144K, used 211904K [0x00000000e0000000, 0x0000000100000000)
  region size 1024K, 153 young (156672K), 9 survivors (9216K)
 Metaspace       used 55251K, committed 56896K, reserved 393216K
  class space    used 7972K, committed 8768K, reserved 327680K
}
Event: 22.978 GC heap after
{Heap after GC invocations=15 (full 0):
 garbage-first heap   total 262144K, used 70480K [0x00000000e0000000, 0x0000000100000000)
  region size 1024K, 14 young (14336K), 14 survivors (14336K)
 Metaspace       used 55251K, committed 56896K, reserved 393216K
  class space    used 7972K, committed 8768K, reserved 327680K
}
Event: 24.974 GC heap before
{Heap before GC invocations=15 (full 0):
 garbage-first heap   total 262144K, used 212816K [0x00000000e0000000, 0x0000000100000000)
  region size 1024K, 153 young (156672K), 14 survivors (14336K)
 Metaspace       used 55251K, committed 56896K, reserved 393216K
  class space    used 7972K, committed 8768K, reserved 327680K
}
Event: 24.981 GC heap after
{Heap after GC invocations=16 (full 0):
 garbage-first heap   total 262144K, used 73841K [0x00000000e0000000, 0x0000000100000000)
  region size 1024K, 14 young (14336K), 14 survivors (14336K)
 Metaspace       used 55251K, committed 56896K, reserved 393216K
  class space    used 7972K, committed 8768K, reserved 327680K
}
Event: 25.406 GC heap before
{Heap before GC invocations=16 (full 0):
 garbage-first heap   total 262144K, used 216177K [0x00000000e0000000, 0x0000000100000000)
  region size 1024K, 154 young (157696K), 14 survivors (14336K)
 Metaspace       used 55401K, committed 57088K, reserved 393216K
  class space    used 7972K, committed 8768K, reserved 327680K
}
Event: 25.414 GC heap after
{Heap after GC invocations=17 (full 0):
 garbage-first heap   total 262144K, used 78551K [0x00000000e0000000, 0x0000000100000000)
  region size 1024K, 14 young (14336K), 14 survivors (14336K)
 Metaspace       used 55401K, committed 57088K, reserved 393216K
  class space    used 7972K, committed 8768K, reserved 327680K
}
Event: 26.184 GC heap before
{Heap before GC invocations=17 (full 0):
 garbage-first heap   total 262144K, used 219863K [0x00000000e0000000, 0x0000000100000000)
  region size 1024K, 153 young (156672K), 14 survivors (14336K)
 Metaspace       used 55439K, committed 57088K, reserved 393216K
  class space    used 7972K, committed 8768K, reserved 327680K
}
Event: 26.195 GC heap after
{Heap after GC invocations=18 (full 0):
 garbage-first heap   total 262144K, used 85435K [0x00000000e0000000, 0x0000000100000000)
  region size 1024K, 20 young (20480K), 20 survivors (20480K)
 Metaspace       used 55439K, committed 57088K, reserved 393216K
  class space    used 7972K, committed 8768K, reserved 327680K
}
Event: 27.454 GC heap before
{Heap before GC invocations=18 (full 0):
 garbage-first heap   total 262144K, used 227771K [0x00000000e0000000, 0x0000000100000000)
  region size 1024K, 153 young (156672K), 20 survivors (20480K)
 Metaspace       used 55673K, committed 57280K, reserved 393216K
  class space    used 8004K, committed 8768K, reserved 327680K
}
Event: 27.506 GC heap after
{Heap after GC invocations=19 (full 0):
 garbage-first heap   total 296960K, used 140108K [0x00000000e0000000, 0x0000000100000000)
  region size 1024K, 20 young (20480K), 20 survivors (20480K)
 Metaspace       used 55673K, committed 57280K, reserved 393216K
  class space    used 8004K, committed 8768K, reserved 327680K
}
Event: 28.165 GC heap before
{Heap before GC invocations=19 (full 0):
 garbage-first heap   total 296960K, used 249676K [0x00000000e0000000, 0x0000000100000000)
  region size 1024K, 125 young (128000K), 20 survivors (20480K)
 Metaspace       used 56573K, committed 58240K, reserved 393216K
  class space    used 8098K, committed 8960K, reserved 327680K
}
Event: 28.193 GC heap after
{Heap after GC invocations=20 (full 0):
 garbage-first heap   total 296960K, used 161279K [0x00000000e0000000, 0x0000000100000000)
  region size 1024K, 16 young (16384K), 16 survivors (16384K)
 Metaspace       used 56573K, committed 58240K, reserved 393216K
  class space    used 8098K, committed 8960K, reserved 327680K
}
Event: 28.426 GC heap before
{Heap before GC invocations=20 (full 0):
 garbage-first heap   total 296960K, used 253439K [0x00000000e0000000, 0x0000000100000000)
  region size 1024K, 107 young (109568K), 16 survivors (16384K)
 Metaspace       used 56648K, committed 58368K, reserved 393216K
  class space    used 8098K, committed 8960K, reserved 327680K
}
Event: 28.438 GC heap after
{Heap after GC invocations=21 (full 0):
 garbage-first heap   total 296960K, used 163583K [0x00000000e0000000, 0x0000000100000000)
  region size 1024K, 3 young (3072K), 3 survivors (3072K)
 Metaspace       used 56648K, committed 58368K, reserved 393216K
  class space    used 8098K, committed 8960K, reserved 327680K
}

Dll operation events (14 events):
Event: 0.062 Loaded shared library C:\Users\Aman Singh\.vscode\extensions\redhat.java-1.54.0-win32-x64\jre\21.0.10-win32-x86_64\bin\java.dll
Event: 0.163 Loaded shared library C:\Users\Aman Singh\.vscode\extensions\redhat.java-1.54.0-win32-x64\jre\21.0.10-win32-x86_64\bin\zip.dll
Event: 0.197 Loaded shared library C:\Users\Aman Singh\.vscode\extensions\redhat.java-1.54.0-win32-x64\jre\21.0.10-win32-x86_64\bin\instrument.dll
Event: 0.206 Loaded shared library C:\Users\Aman Singh\.vscode\extensions\redhat.java-1.54.0-win32-x64\jre\21.0.10-win32-x86_64\bin\net.dll
Event: 0.209 Loaded shared library C:\Users\Aman Singh\.vscode\extensions\redhat.java-1.54.0-win32-x64\jre\21.0.10-win32-x86_64\bin\nio.dll
Event: 0.215 Loaded shared library C:\Users\Aman Singh\.vscode\extensions\redhat.java-1.54.0-win32-x64\jre\21.0.10-win32-x86_64\bin\zip.dll
Event: 0.628 Loaded shared library C:\Users\Aman Singh\.vscode\extensions\redhat.java-1.54.0-win32-x64\jre\21.0.10-win32-x86_64\bin\jimage.dll
Event: 0.902 Loaded shared library C:\Users\Aman Singh\.vscode\extensions\redhat.java-1.54.0-win32-x64\jre\21.0.10-win32-x86_64\bin\verify.dll
Event: 1.129 Loaded shared library C:\Users\Aman Singh\.gradle\native\c067742578af261105cb4f569cf0c3c89f3d7b1fecec35dd04571415982c5e48\windows-amd64\native-platform.dll
Event: 1.142 Loaded shared library C:\Users\Aman Singh\.gradle\native\100fb08df4bc3b14c8652ba06237920a3bd2aa13389f12d3474272988ae205f9\windows-amd64\native-platform-file-events.dll
Event: 2.784 Loaded shared library C:\Users\Aman Singh\.vscode\extensions\redhat.java-1.54.0-win32-x64\jre\21.0.10-win32-x86_64\bin\management.dll
Event: 2.792 Loaded shared library C:\Users\Aman Singh\.vscode\extensions\redhat.java-1.54.0-win32-x64\jre\21.0.10-win32-x86_64\bin\management_ext.dll
Event: 3.106 Loaded shared library C:\Users\Aman Singh\.vscode\extensions\redhat.java-1.54.0-win32-x64\jre\21.0.10-win32-x86_64\bin\extnet.dll
Event: 3.373 Loaded shared library C:\Users\Aman Singh\.vscode\extensions\redhat.java-1.54.0-win32-x64\jre\21.0.10-win32-x86_64\bin\sunmscapi.dll

Deoptimization events (20 events):
Event: 28.133 Thread 0x000002241de83b60 DEOPT PACKING pc=0x00000224593d7185 sp=0x000000af1b9fa5d0
Event: 28.133 Thread 0x000002241de83b60 DEOPT UNPACKING pc=0x000002245f914bc2 sp=0x000000af1b9f9ad0 mode 0
Event: 28.341 Thread 0x000002241abc97f0 Uncommon trap: trap_request=0xffffff45 fr.pc=0x000002246044cb44 relative=0x0000000000000d44
Event: 28.341 Thread 0x000002241abc97f0 Uncommon trap: reason=unstable_if action=reinterpret pc=0x000002246044cb44 method=org.objectweb.asm.SymbolTable.addConstantUtf8(Ljava/lang/String;)I @ 40 c2
Event: 28.341 Thread 0x000002241abc97f0 DEOPT PACKING pc=0x000002246044cb44 sp=0x000000af18af3ce0
Event: 28.341 Thread 0x000002241abc97f0 DEOPT UNPACKING pc=0x000002245f914422 sp=0x000000af18af3cc0 mode 2
Event: 28.411 Thread 0x000002241de82e40 DEOPT PACKING pc=0x000002245949bb1c sp=0x000000af1bbf9d70
Event: 28.411 Thread 0x000002241de82e40 DEOPT UNPACKING pc=0x000002245f914bc2 sp=0x000000af1bbf9258 mode 0
Event: 28.543 Thread 0x000002241de82e40 Uncommon trap: trap_request=0xffffffdc fr.pc=0x000002246047cc7c relative=0x00000000000002bc
Event: 28.543 Thread 0x000002241de82e40 Uncommon trap: reason=class_check action=make_not_entrant pc=0x000002246047cc7c method=java.util.ArrayList.toArray([Ljava/lang/Object;)[Ljava/lang/Object; @ 21 c2
Event: 28.543 Thread 0x000002241de82e40 DEOPT PACKING pc=0x000002246047cc7c sp=0x000000af1bbfa5a0
Event: 28.543 Thread 0x000002241de82e40 DEOPT UNPACKING pc=0x000002245f914422 sp=0x000000af1bbfa560 mode 2
Event: 28.710 Thread 0x000002241de82e40 Uncommon trap: trap_request=0xffffff45 fr.pc=0x000002246000c0b0 relative=0x0000000000002d70
Event: 28.864 Thread 0x0000022419746900 Uncommon trap: trap_request=0xffffff45 fr.pc=0x0000022460049b40 relative=0x0000000000000200
Event: 29.692 Thread 0x000002241de82e40 Uncommon trap: reason=unstable_if action=reinterpret pc=0x000002246000c0b0 method=org.gradle.internal.classpath.generated.InterceptorDeclaration_ConfigCacheJvmBytecode.visitMethodInsn(Ljava/lang/String;ILjava/lang/String;Ljava/lang/String;Ljava/lang/Strin
Event: 29.692 Thread 0x0000022419746900 Uncommon trap: reason=unstable_if action=reinterpret pc=0x0000022460049b40 method=java.util.ArrayList$ArrayListSpliterator.forEachRemaining(Ljava/util/function/Consumer;)V @ 31 c2
Event: 29.692 Thread 0x0000022419746900 DEOPT PACKING pc=0x0000022460049b40 sp=0x000000af185fe8d0
Event: 29.692 Thread 0x000002241de82e40 DEOPT PACKING pc=0x000002246000c0b0 sp=0x000000af1bbf9ee0
Event: 29.692 Thread 0x0000022419746900 DEOPT UNPACKING pc=0x000002245f914422 sp=0x000000af185fe858 mode 2
Event: 29.692 Thread 0x000002241de82e40 DEOPT UNPACKING pc=0x000002245f914422 sp=0x000000af1bbf9e48 mode 2

Classes loaded (20 events):
Event: 17.913 Loading class jdk/internal/reflect/ClassDefiner
Event: 17.913 Loading class jdk/internal/reflect/ClassDefiner done
Event: 17.913 Loading class jdk/internal/reflect/ClassDefiner$1
Event: 17.913 Loading class jdk/internal/reflect/ClassDefiner$1 done
Event: 17.914 Loading class jdk/internal/reflect/SerializationConstructorAccessorImpl
Event: 17.914 Loading class jdk/internal/reflect/SerializationConstructorAccessorImpl done
Event: 18.033 Loading class java/util/zip/ZipFile$ZipEntryIterator
Event: 18.034 Loading class java/util/zip/ZipFile$ZipEntryIterator done
Event: 18.039 Loading class java/util/zip/ZipInputStream
Event: 18.039 Loading class java/util/zip/ZipInputStream done
Event: 27.829 Loading class java/nio/charset/UnsupportedCharsetException
Event: 27.830 Loading class java/nio/charset/UnsupportedCharsetException done
Event: 27.834 Loading class java/util/Collections$UnmodifiableSortedMap
Event: 27.835 Loading class java/util/Collections$UnmodifiableSortedMap done
Event: 27.840 Loading class java/util/zip/Deflater
Event: 27.841 Loading class java/util/zip/Deflater done
Event: 27.854 Loading class java/util/zip/Deflater$DeflaterZStreamRef
Event: 27.854 Loading class java/util/zip/Deflater$DeflaterZStreamRef done
Event: 28.018 Loading class java/nio/StringCharBuffer
Event: 28.019 Loading class java/nio/StringCharBuffer done

Classes unloaded (6 events):
Event: 28.570 Thread 0x000002246af83d30 Unloading class 0x000002240176d7e0 '_BuildScript_$_run_closure1$_closure5'
Event: 28.570 Thread 0x000002246af83d30 Unloading class 0x000002240176d3f0 '_BuildScript_$_run_closure1$_closure4'
Event: 28.570 Thread 0x000002246af83d30 Unloading class 0x000002240176d000 '_BuildScript_$_run_closure1$_closure3'
Event: 28.570 Thread 0x000002246af83d30 Unloading class 0x000002240176c930 '_BuildScript_$_run_closure1$_closure2'
Event: 28.570 Thread 0x000002246af83d30 Unloading class 0x000002240176c540 '_BuildScript_$_run_closure1'
Event: 28.570 Thread 0x000002246af83d30 Unloading class 0x000002240176c000 '_BuildScript_'

Classes redefined (0 events):
No events

Internal exceptions (20 events):
Event: 18.964 Thread 0x000002241b157ba0 Implicit null exception at 0x0000022460302827 to 0x0000022460302c85
Event: 19.088 Thread 0x000002241b15b020 Implicit null exception at 0x00000224602fe027 to 0x00000224602fe485
Event: 26.449 Thread 0x000002241abc97f0 Exception <a 'java/lang/NoSuchMethodError'{0x00000000ee9e5858}: 'java.lang.Object java.lang.invoke.DirectMethodHandle$Holder.invokeSpecialIFC(java.lang.Object, java.lang.Object, java.lang.Object)'> (0x00000000ee9e5858) 
thrown [s\src\hotspot\share\interpreter\linkResolver.cpp, line 773]
Event: 27.792 Thread 0x000002241de86950 Implicit null exception at 0x000002246040a6a8 to 0x000002246040afac
Event: 27.795 Thread 0x000002241de86950 Exception <a 'sun/nio/fs/WindowsException'{0x00000000ec70d3b0}> (0x00000000ec70d3b0) 
thrown [s\src\hotspot\share\prims\jni.cpp, line 520]
Event: 27.796 Thread 0x000002241de84f10 Exception <a 'sun/nio/fs/WindowsException'{0x00000000ec87ed00}> (0x00000000ec87ed00) 
thrown [s\src\hotspot\share\prims\jni.cpp, line 520]
Event: 27.799 Thread 0x000002241de84880 Exception <a 'sun/nio/fs/WindowsException'{0x00000000ecae8370}> (0x00000000ecae8370) 
thrown [s\src\hotspot\share\prims\jni.cpp, line 520]
Event: 27.822 Thread 0x000002241de82e40 Exception <a 'sun/nio/fs/WindowsException'{0x00000000ec7b4878}> (0x00000000ec7b4878) 
thrown [s\src\hotspot\share\prims\jni.cpp, line 520]
Event: 27.822 Thread 0x000002241abc97f0 Exception <a 'sun/nio/fs/WindowsException'{0x00000000ec7e8de0}> (0x00000000ec7e8de0) 
thrown [s\src\hotspot\share\prims\jni.cpp, line 520]
Event: 27.840 Thread 0x000002241de855a0 Exception <a 'sun/nio/fs/WindowsException'{0x00000000ec673370}> (0x00000000ec673370) 
thrown [s\src\hotspot\share\prims\jni.cpp, line 520]
Event: 27.848 Thread 0x000002241de85c30 Exception <a 'sun/nio/fs/WindowsException'{0x00000000ec477d58}> (0x00000000ec477d58) 
thrown [s\src\hotspot\share\prims\jni.cpp, line 520]
Event: 27.862 Thread 0x000002241b15bd40 Exception <a 'sun/nio/fs/WindowsException'{0x00000000ec26df00}> (0x00000000ec26df00) 
thrown [s\src\hotspot\share\prims\jni.cpp, line 520]
Event: 27.901 Thread 0x000002241de827b0 Exception <a 'sun/nio/fs/WindowsException'{0x00000000ebd5d7c8}> (0x00000000ebd5d7c8) 
thrown [s\src\hotspot\share\prims\jni.cpp, line 520]
Event: 27.939 Thread 0x000002241de841f0 Exception <a 'sun/nio/fs/WindowsException'{0x00000000ebc4d8a8}> (0x00000000ebc4d8a8) 
thrown [s\src\hotspot\share\prims\jni.cpp, line 520]
Event: 27.993 Thread 0x000002241de862c0 Exception <a 'sun/nio/fs/WindowsException'{0x00000000ebbaf510}> (0x00000000ebbaf510) 
thrown [s\src\hotspot\share\prims\jni.cpp, line 520]
Event: 27.993 Thread 0x000002241de83b60 Exception <a 'sun/nio/fs/WindowsException'{0x00000000ebbcc7a0}> (0x00000000ebbcc7a0) 
thrown [s\src\hotspot\share\prims\jni.cpp, line 520]
Event: 28.815 Thread 0x000002241de862c0 Exception <a 'sun/nio/fs/WindowsException'{0x00000000eaa824c0}> (0x00000000eaa824c0) 
thrown [s\src\hotspot\share\prims\jni.cpp, line 520]
Event: 28.866 Thread 0x000002241de84f10 Exception <a 'sun/nio/fs/WindowsException'{0x00000000ea930268}> (0x00000000ea930268) 
thrown [s\src\hotspot\share\prims\jni.cpp, line 520]
Event: 28.900 Thread 0x000002241de85c30 Exception <a 'sun/nio/fs/WindowsException'{0x00000000ea8c6f18}> (0x00000000ea8c6f18) 
thrown [s\src\hotspot\share\prims\jni.cpp, line 520]
Event: 28.916 Thread 0x000002241de86950 Exception <a 'sun/nio/fs/WindowsException'{0x00000000ea8e2138}> (0x00000000ea8e2138) 
thrown [s\src\hotspot\share\prims\jni.cpp, line 520]

ZGC Phase Switch (0 events):
No events

VM Operations (20 events):
Event: 27.886 Executing safepoint VM operation: ICBufferFull
Event: 27.887 Executing safepoint VM operation: ICBufferFull done
Event: 27.887 Executing safepoint VM operation: ICBufferFull
Event: 27.888 Executing safepoint VM operation: ICBufferFull done
Event: 27.928 Executing non-safepoint VM operation: HandshakeAllThreads (Deoptimize)
Event: 27.928 Executing non-safepoint VM operation: HandshakeAllThreads (Deoptimize) done
Event: 28.021 Executing non-safepoint VM operation: HandshakeAllThreads (Deoptimize)
Event: 28.021 Executing non-safepoint VM operation: HandshakeAllThreads (Deoptimize) done
Event: 28.023 Executing non-safepoint VM operation: HandshakeAllThreads (Deoptimize)
Event: 28.024 Executing non-safepoint VM operation: HandshakeAllThreads (Deoptimize) done
Event: 28.080 Executing non-safepoint VM operation: HandshakeAllThreads (Deoptimize)
Event: 28.084 Executing non-safepoint VM operation: HandshakeAllThreads (Deoptimize) done
Event: 28.165 Executing safepoint VM operation: G1CollectForAllocation (G1 Evacuation Pause)
Event: 28.193 Executing safepoint VM operation: G1CollectForAllocation (G1 Evacuation Pause) done
Event: 28.426 Executing safepoint VM operation: G1CollectForAllocation (G1 Evacuation Pause)
Event: 28.438 Executing safepoint VM operation: G1CollectForAllocation (G1 Evacuation Pause) done
Event: 28.558 Executing safepoint VM operation: G1PauseRemark
Event: 28.589 Executing safepoint VM operation: G1PauseRemark done
Event: 29.597 Executing safepoint VM operation: Cleanup
Event: 29.692 Executing safepoint VM operation: Cleanup done

Memory protections (0 events):
No events

Nmethod flushes (20 events):
Event: 28.588 Thread 0x000002246af83d30 flushing  nmethod 0x0000022458857410
Event: 28.588 Thread 0x000002246af83d30 flushing  nmethod 0x0000022458887c90
Event: 28.588 Thread 0x000002246af83d30 flushing  nmethod 0x000002245888a690
Event: 28.588 Thread 0x000002246af83d30 flushing  nmethod 0x00000224588f3690
Event: 28.588 Thread 0x000002246af83d30 flushing  nmethod 0x00000224588f3a90
Event: 28.588 Thread 0x000002246af83d30 flushing  nmethod 0x00000224588f3e90
Event: 28.588 Thread 0x000002246af83d30 flushing  nmethod 0x00000224588f4290
Event: 28.588 Thread 0x000002246af83d30 flushing  nmethod 0x0000022458915210
Event: 28.588 Thread 0x000002246af83d30 flushing  nmethod 0x00000224589d5b10
Event: 28.588 Thread 0x000002246af83d30 flushing  nmethod 0x0000022458a25c10
Event: 28.588 Thread 0x000002246af83d30 flushing  nmethod 0x0000022458b4f610
Event: 28.588 Thread 0x000002246af83d30 flushing  nmethod 0x0000022458b52590
Event: 28.588 Thread 0x000002246af83d30 flushing  nmethod 0x0000022458b52c90
Event: 28.588 Thread 0x000002246af83d30 flushing  nmethod 0x0000022458b53090
Event: 28.588 Thread 0x000002246af83d30 flushing  nmethod 0x0000022458b53d90
Event: 28.588 Thread 0x000002246af83d30 flushing  nmethod 0x0000022458b54890
Event: 28.588 Thread 0x000002246af83d30 flushing  nmethod 0x0000022458b5ab90
Event: 28.588 Thread 0x000002246af83d30 flushing  nmethod 0x0000022458b5af10
Event: 28.588 Thread 0x000002246af83d30 flushing  nmethod 0x0000022458b5b310
Event: 28.588 Thread 0x000002246af83d30 flushing  nmethod 0x0000022458b5c290

Events (20 events):
Event: 22.029 Thread 0x000002241ece47f0 Thread exited: 0x000002241ece47f0
Event: 22.063 Thread 0x000002241902c790 Thread added: 0x000002241c68e120
Event: 22.978 Thread 0x000002241c68e120 Thread exited: 0x000002241c68e120
Event: 25.013 Thread 0x0000022419030920 Thread added: 0x000002241c68e120
Event: 25.676 Thread 0x000002241c68e120 Thread exited: 0x000002241c68e120
Event: 26.450 Thread 0x000002241abc97f0 Thread added: 0x000002241b15bd40
Event: 26.451 Thread 0x000002241abc97f0 Thread added: 0x000002241de827b0
Event: 26.451 Thread 0x000002241abc97f0 Thread added: 0x000002241de862c0
Event: 26.452 Thread 0x000002241abc97f0 Thread added: 0x000002241de83b60
Event: 26.452 Thread 0x000002241abc97f0 Thread added: 0x000002241de841f0
Event: 26.453 Thread 0x000002241abc97f0 Thread added: 0x000002241de82e40
Event: 26.453 Thread 0x000002241abc97f0 Thread added: 0x000002241de84880
Event: 26.453 Thread 0x000002241abc97f0 Thread added: 0x000002241de855a0
Event: 26.453 Thread 0x0000022419030920 Thread added: 0x000002241c68e120
Event: 26.454 Thread 0x000002241abc97f0 Thread added: 0x000002241de85c30
Event: 26.454 Thread 0x000002241abc97f0 Thread added: 0x000002241de84f10
Event: 26.455 Thread 0x000002241abc97f0 Thread added: 0x000002241de86950
Event: 26.733 Thread 0x000002241c68e120 Thread exited: 0x000002241c68e120
Event: 26.855 Thread 0x0000022419030920 Thread added: 0x000002241dce6fb0
Event: 26.864 Thread 0x0000022419030920 Thread added: 0x000002241bad78a0


Dynamic libraries:
0x00007ff72ea30000 - 0x00007ff72ea3e000 	C:\Users\Aman Singh\.vscode\extensions\redhat.java-1.54.0-win32-x64\jre\21.0.10-win32-x86_64\bin\java.exe
0x00007ff81f260000 - 0x00007ff81f4c7000 	C:\WINDOWS\SYSTEM32\ntdll.dll
0x00007ff81ecb0000 - 0x00007ff81ed79000 	C:\WINDOWS\System32\KERNEL32.DLL
0x00007ff81c8a0000 - 0x00007ff81cc94000 	C:\WINDOWS\System32\KERNELBASE.dll
0x00007ff81cd60000 - 0x00007ff81ceab000 	C:\WINDOWS\System32\ucrtbase.dll
0x00007fffdb730000 - 0x00007fffdb748000 	C:\Users\Aman Singh\.vscode\extensions\redhat.java-1.54.0-win32-x64\jre\21.0.10-win32-x86_64\bin\jli.dll
0x00007fffdddf0000 - 0x00007fffdde0e000 	C:\Users\Aman Singh\.vscode\extensions\redhat.java-1.54.0-win32-x64\jre\21.0.10-win32-x86_64\bin\VCRUNTIME140.dll
0x00007ff81d770000 - 0x00007ff81d935000 	C:\WINDOWS\System32\USER32.dll
0x00007ff802720000 - 0x00007ff8029b3000 	C:\WINDOWS\WinSxS\amd64_microsoft.windows.common-controls_6595b64144ccf1df_6.0.26100.8115_none_3e075c82e3354f9c\COMCTL32.dll
0x00007ff81bd60000 - 0x00007ff81bd87000 	C:\WINDOWS\System32\win32u.dll
0x00007ff81daf0000 - 0x00007ff81db99000 	C:\WINDOWS\System32\msvcrt.dll
0x00007ff81da80000 - 0x00007ff81daab000 	C:\WINDOWS\System32\GDI32.dll
0x00007ff81c600000 - 0x00007ff81c72b000 	C:\WINDOWS\System32\gdi32full.dll
0x00007ff81ceb0000 - 0x00007ff81cf53000 	C:\WINDOWS\System32\msvcp_win.dll
0x00007ff81dab0000 - 0x00007ff81dae2000 	C:\WINDOWS\System32\IMM32.DLL
0x00007ffff24d0000 - 0x00007ffff24dc000 	C:\Users\Aman Singh\.vscode\extensions\redhat.java-1.54.0-win32-x64\jre\21.0.10-win32-x86_64\bin\vcruntime140_1.dll
0x00007fffa5e50000 - 0x00007fffa5edd000 	C:\Users\Aman Singh\.vscode\extensions\redhat.java-1.54.0-win32-x64\jre\21.0.10-win32-x86_64\bin\msvcp140.dll
0x00007fff2b490000 - 0x00007fff2c231000 	C:\Users\Aman Singh\.vscode\extensions\redhat.java-1.54.0-win32-x64\jre\21.0.10-win32-x86_64\bin\server\jvm.dll
0x00007ff81d990000 - 0x00007ff81da46000 	C:\WINDOWS\System32\ADVAPI32.dll
0x00007ff81f170000 - 0x00007ff81f217000 	C:\WINDOWS\System32\sechost.dll
0x00007ff81ed80000 - 0x00007ff81ee98000 	C:\WINDOWS\System32\RPCRT4.dll
0x00007ff81e830000 - 0x00007ff81e8b0000 	C:\WINDOWS\System32\WS2_32.dll
0x00007ff815f20000 - 0x00007ff815f56000 	C:\WINDOWS\SYSTEM32\WINMM.dll
0x00007ff81b7e0000 - 0x00007ff81b83e000 	C:\WINDOWS\SYSTEM32\POWRPROF.dll
0x00007ff815f60000 - 0x00007ff815f6b000 	C:\WINDOWS\SYSTEM32\VERSION.dll
0x00007ff81b7c0000 - 0x00007ff81b7d4000 	C:\WINDOWS\SYSTEM32\UMPDC.dll
0x00007ff81a8c0000 - 0x00007ff81a8db000 	C:\WINDOWS\SYSTEM32\kernel.appcore.dll
0x00007ffff2290000 - 0x00007ffff229a000 	C:\Users\Aman Singh\.vscode\extensions\redhat.java-1.54.0-win32-x64\jre\21.0.10-win32-x86_64\bin\jimage.dll
0x00007ff80fe30000 - 0x00007ff810072000 	C:\WINDOWS\SYSTEM32\DBGHELP.DLL
0x00007ff81e410000 - 0x00007ff81e792000 	C:\WINDOWS\System32\combase.dll
0x00007ff81cff0000 - 0x00007ff81d0c8000 	C:\WINDOWS\System32\OLEAUT32.dll
0x00007ff802100000 - 0x00007ff80213b000 	C:\WINDOWS\SYSTEM32\dbgcore.DLL
0x00007ff81bcb0000 - 0x00007ff81bd55000 	C:\WINDOWS\System32\bcryptPrimitives.dll
0x00007ffffd220000 - 0x00007ffffd22f000 	C:\Users\Aman Singh\.vscode\extensions\redhat.java-1.54.0-win32-x64\jre\21.0.10-win32-x86_64\bin\instrument.dll
0x00007fffdb030000 - 0x00007fffdb050000 	C:\Users\Aman Singh\.vscode\extensions\redhat.java-1.54.0-win32-x64\jre\21.0.10-win32-x86_64\bin\java.dll
0x00007ff81dba0000 - 0x00007ff81e307000 	C:\WINDOWS\System32\SHELL32.dll
0x00007ff81c730000 - 0x00007ff81c89a000 	C:\WINDOWS\System32\wintypes.dll
0x00007ff81bd90000 - 0x00007ff81c5f8000 	C:\WINDOWS\System32\windows.storage.dll
0x00007ff81eed0000 - 0x00007ff81efc8000 	C:\WINDOWS\System32\SHCORE.dll
0x00007ff81d700000 - 0x00007ff81d766000 	C:\WINDOWS\System32\shlwapi.dll
0x00007ff81ba50000 - 0x00007ff81ba79000 	C:\WINDOWS\SYSTEM32\profapi.dll
0x00007fffdaf80000 - 0x00007fffdaf98000 	C:\Users\Aman Singh\.vscode\extensions\redhat.java-1.54.0-win32-x64\jre\21.0.10-win32-x86_64\bin\zip.dll
0x00007fffe6440000 - 0x00007fffe6450000 	C:\Users\Aman Singh\.vscode\extensions\redhat.java-1.54.0-win32-x64\jre\21.0.10-win32-x86_64\bin\net.dll
0x00007ff812f20000 - 0x00007ff81304d000 	C:\WINDOWS\SYSTEM32\WINHTTP.dll
0x00007ff81ae30000 - 0x00007ff81ae9c000 	C:\WINDOWS\system32\mswsock.dll
0x00007fffda820000 - 0x00007fffda836000 	C:\Users\Aman Singh\.vscode\extensions\redhat.java-1.54.0-win32-x64\jre\21.0.10-win32-x86_64\bin\nio.dll
0x00007ffffafd0000 - 0x00007ffffafe0000 	C:\Users\Aman Singh\.vscode\extensions\redhat.java-1.54.0-win32-x64\jre\21.0.10-win32-x86_64\bin\verify.dll
0x00007ff809430000 - 0x00007ff809457000 	C:\Users\Aman Singh\.gradle\native\c067742578af261105cb4f569cf0c3c89f3d7b1fecec35dd04571415982c5e48\windows-amd64\native-platform.dll
0x00007fff61e70000 - 0x00007fff61fb4000 	C:\Users\Aman Singh\.gradle\native\100fb08df4bc3b14c8652ba06237920a3bd2aa13389f12d3474272988ae205f9\windows-amd64\native-platform-file-events.dll
0x00007ff808fd0000 - 0x00007ff808fda000 	C:\Users\Aman Singh\.vscode\extensions\redhat.java-1.54.0-win32-x64\jre\21.0.10-win32-x86_64\bin\management.dll
0x00007ff808fc0000 - 0x00007ff808fcc000 	C:\Users\Aman Singh\.vscode\extensions\redhat.java-1.54.0-win32-x64\jre\21.0.10-win32-x86_64\bin\management_ext.dll
0x00007ff81eb30000 - 0x00007ff81eb38000 	C:\WINDOWS\System32\PSAPI.DLL
0x00007ff81b110000 - 0x00007ff81b12b000 	C:\WINDOWS\SYSTEM32\CRYPTSP.dll
0x00007ff81a820000 - 0x00007ff81a859000 	C:\WINDOWS\system32\rsaenh.dll
0x00007ff81aee0000 - 0x00007ff81af13000 	C:\WINDOWS\SYSTEM32\USERENV.dll
0x00007ff81ba20000 - 0x00007ff81ba4a000 	C:\WINDOWS\SYSTEM32\bcrypt.dll
0x00007ff81b130000 - 0x00007ff81b13c000 	C:\WINDOWS\SYSTEM32\CRYPTBASE.dll
0x00007ff81a2a0000 - 0x00007ff81a2d2000 	C:\WINDOWS\SYSTEM32\IPHLPAPI.DLL
0x00007ff81eea0000 - 0x00007ff81eeaa000 	C:\WINDOWS\System32\NSI.dll
0x00007fffdb720000 - 0x00007fffdb729000 	C:\Users\Aman Singh\.vscode\extensions\redhat.java-1.54.0-win32-x64\jre\21.0.10-win32-x86_64\bin\extnet.dll
0x00007fffdd660000 - 0x00007fffdd66e000 	C:\Users\Aman Singh\.vscode\extensions\redhat.java-1.54.0-win32-x64\jre\21.0.10-win32-x86_64\bin\sunmscapi.dll
0x00007ff81bb30000 - 0x00007ff81bca7000 	C:\WINDOWS\System32\CRYPT32.dll
0x00007ff81b330000 - 0x00007ff81b360000 	C:\WINDOWS\SYSTEM32\ncrypt.dll
0x00007ff81b2e0000 - 0x00007ff81b31f000 	C:\WINDOWS\SYSTEM32\NTASN1.dll
0x00007fff897b0000 - 0x00007fff897b8000 	C:\WINDOWS\system32\wshunix.dll

JVMTI agents:
C:\Users\Aman Singh\.gradle\wrapper\dists\gradle-8.9-bin\90cnw93cvbtalezasaz0blq0a\gradle-8.9\lib\agents\gradle-instrumentation-agent-8.9.jar path:C:\Users\Aman Singh\.vscode\extensions\redhat.java-1.54.0-win32-x64\jre\21.0.10-win32-x86_64\bin\instrument.dll, loaded, initialized, instrumentlib options:none

dbghelp: loaded successfully - version: 4.0.5 - missing functions: none
symbol engine: initialized successfully - sym options: 0x614 - pdb path: .;C:\Users\Aman Singh\.vscode\extensions\redhat.java-1.54.0-win32-x64\jre\21.0.10-win32-x86_64\bin;C:\WINDOWS\SYSTEM32;C:\WINDOWS\WinSxS\amd64_microsoft.windows.common-controls_6595b64144ccf1df_6.0.26100.8115_none_3e075c82e3354f9c;C:\Users\Aman Singh\.vscode\extensions\redhat.java-1.54.0-win32-x64\jre\21.0.10-win32-x86_64\bin\server;C:\Users\Aman Singh\.gradle\native\c067742578af261105cb4f569cf0c3c89f3d7b1fecec35dd04571415982c5e48\windows-amd64;C:\Users\Aman Singh\.gradle\native\100fb08df4bc3b14c8652ba06237920a3bd2aa13389f12d3474272988ae205f9\windows-amd64

VM Arguments:
jvm_args: --add-opens=java.base/java.util=ALL-UNNAMED --add-opens=java.base/java.lang=ALL-UNNAMED --add-opens=java.base/java.lang.invoke=ALL-UNNAMED --add-opens=java.prefs/java.util.prefs=ALL-UNNAMED --add-exports=jdk.compiler/com.sun.tools.javac.api=ALL-UNNAMED --add-exports=jdk.compiler/com.sun.tools.javac.util=ALL-UNNAMED --add-opens=java.base/java.nio.charset=ALL-UNNAMED --add-opens=java.base/java.net=ALL-UNNAMED --add-opens=java.base/java.util.concurrent.atomic=ALL-UNNAMED -XX:MaxMetaspaceSize=384m -XX:+HeapDumpOnOutOfMemoryError -Xms256m -Xmx512m -Dfile.encoding=utf8 -Duser.country=IN -Duser.language=en -Duser.variant -javaagent:C:\Users\Aman Singh\.gradle\wrapper\dists\gradle-8.9-bin\90cnw93cvbtalezasaz0blq0a\gradle-8.9\lib\agents\gradle-instrumentation-agent-8.9.jar 
java_command: org.gradle.launcher.daemon.bootstrap.GradleDaemon 8.9
java_class_path (initial): C:\Users\Aman Singh\.gradle\wrapper\dists\gradle-8.9-bin\90cnw93cvbtalezasaz0blq0a\gradle-8.9\lib\gradle-daemon-main-8.9.jar
Launcher Type: SUN_STANDARD

[Global flags]
     intx CICompilerCount                          = 4                                         {product} {ergonomic}
   size_t CompressedClassSpaceSize                 = 335544320                                 {product} {ergonomic}
     uint ConcGCThreads                            = 3                                         {product} {ergonomic}
     uint G1ConcRefinementThreads                  = 10                                        {product} {ergonomic}
   size_t G1HeapRegionSize                         = 1048576                                   {product} {ergonomic}
    uintx GCDrainStackTargetSize                   = 64                                        {product} {ergonomic}
     bool HeapDumpOnOutOfMemoryError               = true                                   {manageable} {command line}
   size_t InitialHeapSize                          = 268435456                                 {product} {command line}
   size_t MarkStackSize                            = 4194304                                   {product} {ergonomic}
   size_t MaxHeapSize                              = 536870912                                 {product} {command line}
   size_t MaxMetaspaceSize                         = 402653184                                 {product} {command line}
   size_t MaxNewSize                               = 321912832                                 {product} {ergonomic}
   size_t MinHeapDeltaBytes                        = 1048576                                   {product} {ergonomic}
   size_t MinHeapSize                              = 268435456                                 {product} {command line}
    uintx NonNMethodCodeHeapSize                   = 5839372                                {pd product} {ergonomic}
    uintx NonProfiledCodeHeapSize                  = 122909434                              {pd product} {ergonomic}
    uintx ProfiledCodeHeapSize                     = 122909434                              {pd product} {ergonomic}
    uintx ReservedCodeCacheSize                    = 251658240                              {pd product} {ergonomic}
     bool SegmentedCodeCache                       = true                                      {product} {ergonomic}
   size_t SoftMaxHeapSize                          = 536870912                              {manageable} {ergonomic}
     bool UseCompressedOops                        = true                           {product lp64_product} {ergonomic}
     bool UseG1GC                                  = true                                      {product} {ergonomic}
     bool UseLargePagesIndividualAllocation        = false                                  {pd product} {ergonomic}

Logging:
Log output configuration:
 #0: stdout all=warning uptime,level,tags foldmultilines=false
 #1: stderr all=off uptime,level,tags foldmultilines=false

Release file:
JAVA_VERSION="21.0.10" 
MODULES="java.base java.compiler java.datatransfer java.xml java.prefs java.desktop java.instrument java.logging java.management java.security.sasl java.naming java.rmi java.management.rmi java.net.http java.scripting java.security.jgss java.transaction.xa java.sql java.sql.rowset java.xml.crypto java.se java.smartcardio jdk.accessibility jdk.internal.jvmstat jdk.attach jdk.charsets jdk.internal.opt jdk.zipfs jdk.compiler jdk.crypto.ec jdk.crypto.cryptoki jdk.crypto.mscapi jdk.dynalink jdk.internal.ed jdk.editpad jdk.hotspot.agent jdk.httpserver jdk.internal.le jdk.internal.vm.ci jdk.internal.vm.compiler jdk.internal.vm.compiler.management jdk.jartool jdk.javadoc jdk.jcmd jdk.management jdk.management.agent jdk.jconsole jdk.jdeps jdk.jdwp.agent jdk.jdi jdk.jfr jdk.jshell jdk.jsobject jdk.jstatd jdk.localedata jdk.management.jfr jdk.naming.dns jdk.naming.rmi jdk.net jdk.nio.mapmode jdk.random jdk.sctp jdk.security.auth jdk.security.jgss jdk.unsupported jdk.unsupported.desktop jdk.xml.dom" 

Environment Variables:
PATH=C:\Users\Aman Singh\AppData\Local\Programs\Microsoft VS Code;C:\Python313\Scripts\;C:\Python313\;C:\Program Files (x86)\Common Files\Oracle\Java\javapath;C:\Program Files\Common Files\Oracle\Java\javapath;C:\windows\system32;C:\windows;C:\windows\System32\Wbem;C:\windows\System32\WindowsPowerShell\v1.0\;C:\windows\System32\OpenSSH\;C:\Program Files\dotnet\;C:\MinGW\bin;C:\Program Files\Git\cmd;C:\Program Files\Git\mingw64\bin;C:\Program Files\Git\usr\bin;C:\Program Files\nodejs;C:\WINDOWS\system32;C:\WINDOWS;C:\WINDOWS\System32\Wbem;C:\WINDOWS\System32\WindowsPowerShell\v1.0\;C:\WINDOWS\System32\OpenSSH\;C:\Program Files\Tesseract-OCR\;C:\nvm;C:\nodejs;C:\ProgramData\chocolatey\bin;c:\Users\anamoon\AppData\Local\Programs\cursor\resources\app\bin;C:\Program Files\nodejs\;C:\flutter\bin;C:\Program Files\Docker\Docker\resources\bin;C:\Users\Aman Singh\.local\bin\claude.exe;C:\Program Files\cursor\resources\app\bin;c:\Users\Aman Singh\AppData\Local\Programs\Trae\bin;C:\Users\Aman Singh\AppData\Local\Programs\Python\Python310\Scripts\;C:\Users\Aman Singh\AppData\Local\Programs\Python\Python310\;C:\Users\Aman Singh\AppData\Local\Programs\Python\Python313\Scripts\;C:\Users\Aman Singh\AppData\Local\Programs\Python\Python313\;C:\Users\Aman Singh\AppData\Local\Programs\Python\Launcher\;C:\Users\Aman Singh\AppData\Local\Microsoft\WindowsApps;C:\Users\Aman Singh\AppData\Local\spicetify;C:\Users\Aman Singh\AppData\Local\Programs\Microsoft VS Code\bin;C:\Users\Aman Singh\AppData\Local\Microsoft\WindowsApps;C:\Users\Aman Singh\AppData\Local\GitHubDesktop\bin;C:\Users\Aman Singh\AppData\Local\Programs\cursor\resources\app\bin;C:\nvm;C:\nodejs;C:\Users\Aman Singh\AppData\Roaming\npm;C:\Users\Aman Singh\mujeat\muj_eats_6018\flutter\bin;C:\Users\Aman Singh\AppData\Local\Programs\Windsurf\bin;C:\Users\Aman Singh\AppData\Local\Programs\Kiro\bin;C:\Users\Aman Singh\AppData\Local\Programs\Antigravity\bin;C:\Users\Aman Singh\AppData\Local\PowerToys\DSCModules\;C:\Users\Aman Singh\.local\bin
USERNAME=Aman Singh
OS=Windows_NT
PROCESSOR_IDENTIFIER=AMD64 Family 25 Model 80 Stepping 0, AuthenticAMD
TMP=C:\Users\Aman Singh\AppData\Local\Temp
TEMP=C:\Users\Aman Singh\AppData\Local\Temp




Periodic native trim disabled

---------------  S Y S T E M  ---------------

OS:
 Windows 11 , 64 bit Build 26100 (10.0.26100.8246)
OS uptime: 1 days 16:13 hours
Hyper-V role detected

CPU: total 12 (initial active 12) (12 cores per cpu, 2 threads per core) family 25 model 80 stepping 0 microcode 0xa50000f, cx8, cmov, fxsr, ht, mmx, 3dnowpref, sse, sse2, sse3, ssse3, sse4a, sse4.1, sse4.2, popcnt, lzcnt, tsc, tscinvbit, avx, avx2, aes, erms, clmul, bmi1, bmi2, adx, sha, fma, vzeroupper, clflush, clflushopt, hv, rdtscp, rdpid, fsrm, f16c, cet_ss
Processor Information for the first 12 processors :
  Max Mhz: 2301, Current Mhz: 2010, Mhz Limit: 2301

Memory: 4k page, system-wide physical 7520M (688M free)
TotalPageFile size 31072M (AvailPageFile size 38M)
current process WorkingSet (physical memory assigned to process): 519M, peak: 523M
current process commit charge ("private bytes"): 578M, peak: 580M

vm_info: OpenJDK 64-Bit Server VM (21.0.10+7-LTS) for windows-amd64 JRE (21.0.10+7-LTS), built on 2026-01-20T00:00:00Z by "admin" with MS VC++ 17.12 (VS2022)

END.
