#
# There is insufficient memory for the Java Runtime Environment to continue.
# Native memory allocation (mmap) failed to map 53477376 bytes. Error detail: G1 virtual space
# Possible reasons:
#   The system is out of physical RAM or swap space
#   This process is running with CompressedOops enabled, and the Java Heap may be blocking the growth of the native heap
# Possible solutions:
#   Reduce memory load on the system
#   Increase physical memory or swap space
#   Check if swap backing store is full
#   Decrease Java heap size (-Xmx/-Xms)
#   Decrease number of Java threads
#   Decrease Java thread stack sizes (-Xss)
#   Set larger code cache with -XX:ReservedCodeCacheSize=
#   JVM is running with Unscaled Compressed Oops mode in which the Java heap is
#     placed in the first 4GB address space. The Java Heap base address is the
#     maximum limit for the native heap growth. Please use -XX:HeapBaseMinAddress
#     to set the Java Heap base and to place the Java Heap above 4GB virtual address.
# This output file may be truncated or incomplete.
#
#  Out of Memory Error (os_windows.cpp:3714), pid=19136, tid=10824
#
# JRE version: OpenJDK Runtime Environment Temurin-21.0.10+7 (21.0.10+7) (build 21.0.10+7-LTS)
# Java VM: OpenJDK 64-Bit Server VM Temurin-21.0.10+7 (21.0.10+7-LTS, mixed mode, sharing, tiered, compressed oops, compressed class ptrs, g1 gc, windows-amd64)
# No core dump will be written. Minidumps are not enabled by default on client versions of Windows
#

---------------  S U M M A R Y ------------

Command Line: --add-opens=java.base/java.util=ALL-UNNAMED --add-opens=java.base/java.lang=ALL-UNNAMED --add-opens=java.base/java.lang.invoke=ALL-UNNAMED --add-opens=java.prefs/java.util.prefs=ALL-UNNAMED --add-exports=jdk.compiler/com.sun.tools.javac.api=ALL-UNNAMED --add-exports=jdk.compiler/com.sun.tools.javac.util=ALL-UNNAMED --add-opens=java.base/java.nio.charset=ALL-UNNAMED --add-opens=java.base/java.net=ALL-UNNAMED --add-opens=java.base/java.util.concurrent.atomic=ALL-UNNAMED -XX:MaxMetaspaceSize=384m -XX:+HeapDumpOnOutOfMemoryError -Xms256m -Xmx512m -Dfile.encoding=utf8 -Duser.country=IN -Duser.language=en -Duser.variant -javaagent:C:\Users\Aman Singh\.gradle\wrapper\dists\gradle-8.9-bin\90cnw93cvbtalezasaz0blq0a\gradle-8.9\lib\agents\gradle-instrumentation-agent-8.9.jar org.gradle.launcher.daemon.bootstrap.GradleDaemon 8.9

Host: AMD Ryzen 5 5625U with Radeon Graphics         , 12 cores, 7G,  Windows 11 , 64 bit Build 26100 (10.0.26100.8246)
Time: Sun Apr 26 02:23:33 2026 India Standard Time elapsed time: 791.750301 seconds (0d 0h 13m 11s)

---------------  T H R E A D  ---------------

Current thread (0x000002cca90cc7e0):  VMThread "VM Thread"          [id=10824, stack(0x000000f626900000,0x000000f626a00000) (1024K)]

Stack: [0x000000f626900000,0x000000f626a00000]
Native frames: (J=compiled Java code, j=interpreted, Vv=VM code, C=native code)
V  [jvm.dll+0x6d7a39]
V  [jvm.dll+0x8b4b26]
V  [jvm.dll+0x8b70de]
V  [jvm.dll+0x8b77c3]
V  [jvm.dll+0x284346]
V  [jvm.dll+0x6d4355]
V  [jvm.dll+0x6c808a]
V  [jvm.dll+0x35edb8]
V  [jvm.dll+0x3669f6]
V  [jvm.dll+0x3b7afe]
V  [jvm.dll+0x3b7da8]
V  [jvm.dll+0x332fbc]
V  [jvm.dll+0x333047]
V  [jvm.dll+0x376e1c]
V  [jvm.dll+0x3755be]
V  [jvm.dll+0x332701]
V  [jvm.dll+0x374c2a]
V  [jvm.dll+0x8bd4b0]
V  [jvm.dll+0x8be824]
V  [jvm.dll+0x8bed50]
V  [jvm.dll+0x8beff3]
V  [jvm.dll+0x85f59d]
V  [jvm.dll+0x6d626d]
C  [ucrtbase.dll+0x37b0]
C  [KERNEL32.DLL+0x2e8d7]
C  [ntdll.dll+0x8c3fc]

VM_Operation (0x000000f62c1fa960): G1CollectForAllocation, mode: safepoint, requested by thread 0x000002ccc41fc420


---------------  P R O C E S S  ---------------

Threads class SMR info:
_java_thread_list=0x000002ccc7a8b490, length=91, elements={
0x000002cc90ed9c80, 0x000002cca90e9240, 0x000002cca90e9ca0, 0x000002cca90f2fa0,
0x000002cca90f3a00, 0x000002cca90f65a0, 0x000002cca90f9120, 0x000002cca90fdcf0,
0x000002cca90fe8c0, 0x000002cca90f7050, 0x000002cca90f76e0, 0x000002cca90f97b0,
0x000002cca90f9e40, 0x000002cca90fa4d0, 0x000002cca91ab9b0, 0x000002cca91acd60,
0x000002cca91a98e0, 0x000002cca91b01e0, 0x000002cca91ae110, 0x000002cca91ae7a0,
0x000002ccc46231e0, 0x000002ccc4625940, 0x000002ccc4626660, 0x000002ccc4626cf0,
0x000002ccc4627380, 0x000002ccc5cb29a0, 0x000002ccc43b3640, 0x000002cccac32170,
0x000002ccc91b68e0, 0x000002ccc7d530e0, 0x000002ccc7d51d30, 0x000002ccc7d52a50,
0x000002ccc99d9740, 0x000002ccc99d90b0, 0x000002ccc6d57ad0, 0x000002ccc6d56090,
0x000002ccc6d56720, 0x000002ccc6d55370, 0x000002ccc6d56db0, 0x000002ccc6d57440,
0x000002ccc317ede0, 0x000002ccc6d58160, 0x000002ccc6d587f0, 0x000002ccc6d55a00,
0x000002ccc6a55990, 0x000002ccc6a52510, 0x000002ccc6a52ba0, 0x000002ccc6a54c70,
0x000002ccc6a545e0, 0x000002ccc6a53230, 0x000002ccc6a53f50, 0x000002ccc6a55300,
0x000002ccca8d3780, 0x000002ccc7cefc40, 0x000002ccc7cf02d0, 0x000002ccc7cef5b0,
0x000002ccc7cf0960, 0x000002ccc7cf0ff0, 0x000002ccc7cf1680, 0x000002ccc7cf1d10,
0x000002ccc7cf23a0, 0x000002ccc7cf2a30, 0x000002ccc7ce3a10, 0x000002ccc7ce40a0,
0x000002ccc7ce4dc0, 0x000002ccc7ce5450, 0x000002ccc7ce5ae0, 0x000002ccc317fb00,
0x000002ccc3180eb0, 0x000002ccc317e750, 0x000002ccc3180820, 0x000002ccc3180190,
0x000002ccc317da30, 0x000002ccc6a538c0, 0x000002ccc3181540, 0x000002ccc317f470,
0x000002ccc317e0c0, 0x000002ccc7ce4730, 0x000002cca93dfdf0, 0x000002cca93df760,
0x000002ccc41fc420, 0x000002ccc41fb070, 0x000002ccc41fb700, 0x000002ccc41fbd90,
0x000002ccc7ec92e0, 0x000002ccc7eca000, 0x000002ccc7ce6170, 0x000002ccc7ce6800,
0x000002ccc7ce3380, 0x000002ccc7c15ed0, 0x000002ccc47797c0
}

Java Threads: ( => current thread )
  0x000002cc90ed9c80 JavaThread "main"                              [_thread_blocked, id=34052, stack(0x000000f626200000,0x000000f626300000) (1024K)]
  0x000002cca90e9240 JavaThread "Reference Handler"          daemon [_thread_blocked, id=25508, stack(0x000000f626a00000,0x000000f626b00000) (1024K)]
  0x000002cca90e9ca0 JavaThread "Finalizer"                  daemon [_thread_blocked, id=18048, stack(0x000000f626b00000,0x000000f626c00000) (1024K)]
  0x000002cca90f2fa0 JavaThread "Signal Dispatcher"          daemon [_thread_blocked, id=22032, stack(0x000000f626c00000,0x000000f626d00000) (1024K)]
  0x000002cca90f3a00 JavaThread "Attach Listener"            daemon [_thread_blocked, id=33056, stack(0x000000f626d00000,0x000000f626e00000) (1024K)]
  0x000002cca90f65a0 JavaThread "Service Thread"             daemon [_thread_blocked, id=30992, stack(0x000000f626e00000,0x000000f626f00000) (1024K)]
  0x000002cca90f9120 JavaThread "Monitor Deflation Thread"   daemon [_thread_blocked, id=24344, stack(0x000000f626f00000,0x000000f627000000) (1024K)]
  0x000002cca90fdcf0 JavaThread "C2 CompilerThread0"         daemon [_thread_blocked, id=2980, stack(0x000000f627000000,0x000000f627100000) (1024K)]
  0x000002cca90fe8c0 JavaThread "C1 CompilerThread0"         daemon [_thread_blocked, id=32624, stack(0x000000f627100000,0x000000f627200000) (1024K)]
  0x000002cca90f7050 JavaThread "Common-Cleaner"             daemon [_thread_blocked, id=5808, stack(0x000000f627200000,0x000000f627300000) (1024K)]
  0x000002cca90f76e0 JavaThread "Notification Thread"        daemon [_thread_blocked, id=4756, stack(0x000000f627300000,0x000000f627400000) (1024K)]
  0x000002cca90f97b0 JavaThread "Daemon health stats"               [_thread_blocked, id=24152, stack(0x000000f627b00000,0x000000f627c00000) (1024K)]
  0x000002cca90f9e40 JavaThread "Incoming local TCP Connector on port 57941"        [_thread_in_native, id=10176, stack(0x000000f627c00000,0x000000f627d00000) (1024K)]
  0x000002cca90fa4d0 JavaThread "Daemon periodic checks"            [_thread_blocked, id=20316, stack(0x000000f627e00000,0x000000f627f00000) (1024K)]
  0x000002cca91ab9b0 JavaThread "Cache worker for journal cache (C:\Users\Aman Singh\.gradle\caches\journal-1)"        [_thread_blocked, id=27688, stack(0x000000f628500000,0x000000f628600000) (1024K)]
  0x000002cca91acd60 JavaThread "File lock request listener"        [_thread_in_native, id=32960, stack(0x000000f628600000,0x000000f628700000) (1024K)]
  0x000002cca91a98e0 JavaThread "Cache worker for file hash cache (C:\Users\Aman Singh\.gradle\caches\8.9\fileHashes)"        [_thread_blocked, id=19052, stack(0x000000f628700000,0x000000f628800000) (1024K)]
  0x000002cca91b01e0 JavaThread "File watcher server"        daemon [_thread_in_native, id=19580, stack(0x000000f629000000,0x000000f629100000) (1024K)]
  0x000002cca91ae110 JavaThread "File watcher consumer"      daemon [_thread_blocked, id=29528, stack(0x000000f629100000,0x000000f629200000) (1024K)]
  0x000002cca91ae7a0 JavaThread "Cache worker for file content cache (C:\Users\Aman Singh\.gradle\caches\8.9\fileContent)"        [_thread_blocked, id=26852, stack(0x000000f629200000,0x000000f629300000) (1024K)]
  0x000002ccc46231e0 JavaThread "jar transforms"                    [_thread_blocked, id=5924, stack(0x000000f628800000,0x000000f628900000) (1024K)]
  0x000002ccc4625940 JavaThread "jar transforms Thread 2"           [_thread_blocked, id=26944, stack(0x000000f629500000,0x000000f629600000) (1024K)]
  0x000002ccc4626660 JavaThread "jar transforms Thread 3"           [_thread_blocked, id=30136, stack(0x000000f629700000,0x000000f629800000) (1024K)]
  0x000002ccc4626cf0 JavaThread "jar transforms Thread 4"           [_thread_blocked, id=34456, stack(0x000000f629800000,0x000000f629900000) (1024K)]
  0x000002ccc4627380 JavaThread "jar transforms Thread 5"           [_thread_blocked, id=9108, stack(0x000000f629900000,0x000000f629a00000) (1024K)]
  0x000002ccc5cb29a0 JavaThread "jar transforms Thread 6"           [_thread_blocked, id=14920, stack(0x000000f62cf00000,0x000000f62d000000) (1024K)]
  0x000002ccc43b3640 JavaThread "jar transforms Thread 7"           [_thread_blocked, id=25628, stack(0x000000f629a00000,0x000000f629b00000) (1024K)]
  0x000002cccac32170 JavaThread "jar transforms Thread 8"           [_thread_blocked, id=13660, stack(0x000000f62b000000,0x000000f62b100000) (1024K)]
  0x000002ccc91b68e0 JavaThread "Daemon Thread 2"                   [_thread_blocked, id=30068, stack(0x000000f625f00000,0x000000f626000000) (1024K)]
  0x000002ccc7d530e0 JavaThread "Handler for socket connection from /127.0.0.1:57941 to /127.0.0.1:52785"        [_thread_in_native, id=4576, stack(0x000000f626100000,0x000000f626200000) (1024K)]
  0x000002ccc7d51d30 JavaThread "Cancel handler"                    [_thread_blocked, id=22692, stack(0x000000f627d00000,0x000000f627e00000) (1024K)]
  0x000002ccc7d52a50 JavaThread "Daemon worker Thread 2"            [_thread_blocked, id=29260, stack(0x000000f627f00000,0x000000f628000000) (1024K)]
  0x000002ccc99d9740 JavaThread "Asynchronous log dispatcher for DefaultDaemonConnection: socket connection from /127.0.0.1:57941 to /127.0.0.1:52785"        [_thread_blocked, id=5792, stack(0x000000f628000000,0x000000f628100000) (1024K)]
  0x000002ccc99d90b0 JavaThread "Stdin handler"                     [_thread_blocked, id=25228, stack(0x000000f628100000,0x000000f628200000) (1024K)]
  0x000002ccc6d57ad0 JavaThread "Daemon client event forwarder"        [_thread_blocked, id=6568, stack(0x000000f628200000,0x000000f628300000) (1024K)]
  0x000002ccc6d56090 JavaThread "Cache worker for file hash cache (C:\Users\Aman Singh\Desktop\Alemono\AlemanoMarkerScanner\node_modules\react-native-safe-area-context\android\.gradle\8.9\fileHashes)"        [_thread_blocked, id=17128, stack(0x000000f628300000,0x000000f628400000) (1024K)]
  0x000002ccc6d56720 JavaThread "Cache worker for Build Output Cleanup Cache (C:\Users\Aman Singh\Desktop\Alemono\AlemanoMarkerScanner\node_modules\react-native-safe-area-context\android\.gradle\buildOutputCleanup)"        [_thread_blocked, id=11008, stack(0x000000f628400000,0x000000f628500000) (1024K)]
  0x000002ccc6d55370 JavaThread "Cache worker for checksums cache (C:\Users\Aman Singh\Desktop\Alemono\AlemanoMarkerScanner\node_modules\react-native-safe-area-context\android\.gradle\8.9\checksums)"        [_thread_blocked, id=33472, stack(0x000000f628900000,0x000000f628a00000) (1024K)]
  0x000002ccc6d56db0 JavaThread "Cache worker for cache directory md-rule (C:\Users\Aman Singh\.gradle\caches\8.9\md-rule)"        [_thread_blocked, id=2160, stack(0x000000f628a00000,0x000000f628b00000) (1024K)]
  0x000002ccc6d57440 JavaThread "Cache worker for cache directory md-supplier (C:\Users\Aman Singh\.gradle\caches\8.9\md-supplier)"        [_thread_blocked, id=25452, stack(0x000000f628f00000,0x000000f629000000) (1024K)]
  0x000002ccc317ede0 JavaThread "jar transforms Thread 9"           [_thread_blocked, id=19364, stack(0x000000f629300000,0x000000f629400000) (1024K)]
  0x000002ccc6d58160 JavaThread "Unconstrained build operations"        [_thread_blocked, id=13840, stack(0x000000f629400000,0x000000f629500000) (1024K)]
  0x000002ccc6d587f0 JavaThread "Unconstrained build operations Thread 2"        [_thread_blocked, id=29024, stack(0x000000f629600000,0x000000f629700000) (1024K)]
  0x000002ccc6d55a00 JavaThread "Unconstrained build operations Thread 3"        [_thread_blocked, id=27200, stack(0x000000f629c00000,0x000000f629d00000) (1024K)]
  0x000002ccc6a55990 JavaThread "Unconstrained build operations Thread 4"        [_thread_blocked, id=27848, stack(0x000000f629d00000,0x000000f629e00000) (1024K)]
  0x000002ccc6a52510 JavaThread "Unconstrained build operations Thread 5"        [_thread_blocked, id=12604, stack(0x000000f629e00000,0x000000f629f00000) (1024K)]
  0x000002ccc6a52ba0 JavaThread "Unconstrained build operations Thread 6"        [_thread_blocked, id=13088, stack(0x000000f629f00000,0x000000f62a000000) (1024K)]
  0x000002ccc6a54c70 JavaThread "Unconstrained build operations Thread 7"        [_thread_blocked, id=19268, stack(0x000000f62a000000,0x000000f62a100000) (1024K)]
  0x000002ccc6a545e0 JavaThread "Unconstrained build operations Thread 8"        [_thread_blocked, id=16448, stack(0x000000f62a100000,0x000000f62a200000) (1024K)]
  0x000002ccc6a53230 JavaThread "Unconstrained build operations Thread 9"        [_thread_blocked, id=33344, stack(0x000000f62a200000,0x000000f62a300000) (1024K)]
  0x000002ccc6a53f50 JavaThread "Unconstrained build operations Thread 10"        [_thread_blocked, id=17960, stack(0x000000f62a300000,0x000000f62a400000) (1024K)]
  0x000002ccc6a55300 JavaThread "Unconstrained build operations Thread 11"        [_thread_blocked, id=5684, stack(0x000000f62a400000,0x000000f62a500000) (1024K)]
  0x000002ccca8d3780 JavaThread "Unconstrained build operations Thread 12"        [_thread_blocked, id=9084, stack(0x000000f62a500000,0x000000f62a600000) (1024K)]
  0x000002ccc7cefc40 JavaThread "Unconstrained build operations Thread 13"        [_thread_blocked, id=26632, stack(0x000000f62a600000,0x000000f62a700000) (1024K)]
  0x000002ccc7cf02d0 JavaThread "Unconstrained build operations Thread 14"        [_thread_blocked, id=13480, stack(0x000000f62a700000,0x000000f62a800000) (1024K)]
  0x000002ccc7cef5b0 JavaThread "Unconstrained build operations Thread 15"        [_thread_blocked, id=7816, stack(0x000000f62a800000,0x000000f62a900000) (1024K)]
  0x000002ccc7cf0960 JavaThread "Unconstrained build operations Thread 16"        [_thread_blocked, id=10672, stack(0x000000f62aa00000,0x000000f62ab00000) (1024K)]
  0x000002ccc7cf0ff0 JavaThread "Unconstrained build operations Thread 17"        [_thread_blocked, id=33488, stack(0x000000f62ab00000,0x000000f62ac00000) (1024K)]
  0x000002ccc7cf1680 JavaThread "Unconstrained build operations Thread 18"        [_thread_blocked, id=7888, stack(0x000000f62ac00000,0x000000f62ad00000) (1024K)]
  0x000002ccc7cf1d10 JavaThread "Unconstrained build operations Thread 19"        [_thread_blocked, id=2792, stack(0x000000f62ad00000,0x000000f62ae00000) (1024K)]
  0x000002ccc7cf23a0 JavaThread "Unconstrained build operations Thread 20"        [_thread_blocked, id=23616, stack(0x000000f62ae00000,0x000000f62af00000) (1024K)]
  0x000002ccc7cf2a30 JavaThread "Unconstrained build operations Thread 21"        [_thread_blocked, id=17820, stack(0x000000f62af00000,0x000000f62b000000) (1024K)]
  0x000002ccc7ce3a10 JavaThread "Unconstrained build operations Thread 22"        [_thread_blocked, id=28828, stack(0x000000f62b100000,0x000000f62b200000) (1024K)]
  0x000002ccc7ce40a0 JavaThread "Unconstrained build operations Thread 23"        [_thread_blocked, id=13016, stack(0x000000f62b200000,0x000000f62b300000) (1024K)]
  0x000002ccc7ce4dc0 JavaThread "Unconstrained build operations Thread 24"        [_thread_blocked, id=6924, stack(0x000000f62b300000,0x000000f62b400000) (1024K)]
  0x000002ccc7ce5450 JavaThread "Unconstrained build operations Thread 25"        [_thread_blocked, id=11768, stack(0x000000f62b400000,0x000000f62b500000) (1024K)]
  0x000002ccc7ce5ae0 JavaThread "Unconstrained build operations Thread 26"        [_thread_blocked, id=19172, stack(0x000000f62b500000,0x000000f62b600000) (1024K)]
  0x000002ccc317fb00 JavaThread "Unconstrained build operations Thread 27"        [_thread_blocked, id=28220, stack(0x000000f626000000,0x000000f626100000) (1024K)]
  0x000002ccc3180eb0 JavaThread "Unconstrained build operations Thread 28"        [_thread_blocked, id=34076, stack(0x000000f62a900000,0x000000f62aa00000) (1024K)]
  0x000002ccc317e750 JavaThread "Unconstrained build operations Thread 29"        [_thread_blocked, id=29164, stack(0x000000f62b600000,0x000000f62b700000) (1024K)]
  0x000002ccc3180820 JavaThread "Unconstrained build operations Thread 30"        [_thread_blocked, id=13920, stack(0x000000f62b700000,0x000000f62b800000) (1024K)]
  0x000002ccc3180190 JavaThread "Unconstrained build operations Thread 31"        [_thread_blocked, id=16696, stack(0x000000f62b800000,0x000000f62b900000) (1024K)]
  0x000002ccc317da30 JavaThread "Unconstrained build operations Thread 32"        [_thread_blocked, id=7748, stack(0x000000f62b900000,0x000000f62ba00000) (1024K)]
  0x000002ccc6a538c0 JavaThread "Unconstrained build operations Thread 33"        [_thread_blocked, id=23576, stack(0x000000f62ba00000,0x000000f62bb00000) (1024K)]
  0x000002ccc3181540 JavaThread "Unconstrained build operations Thread 34"        [_thread_blocked, id=20064, stack(0x000000f62bb00000,0x000000f62bc00000) (1024K)]
  0x000002ccc317f470 JavaThread "Unconstrained build operations Thread 35"        [_thread_blocked, id=17964, stack(0x000000f62bc00000,0x000000f62bd00000) (1024K)]
  0x000002ccc317e0c0 JavaThread "Unconstrained build operations Thread 36"        [_thread_blocked, id=32704, stack(0x000000f62bd00000,0x000000f62be00000) (1024K)]
  0x000002ccc7ce4730 JavaThread "Unconstrained build operations Thread 37"        [_thread_blocked, id=29372, stack(0x000000f62be00000,0x000000f62bf00000) (1024K)]
  0x000002cca93dfdf0 JavaThread "Unconstrained build operations Thread 38"        [_thread_blocked, id=5780, stack(0x000000f62bf00000,0x000000f62c000000) (1024K)]
  0x000002cca93df760 JavaThread "Unconstrained build operations Thread 39"        [_thread_blocked, id=27560, stack(0x000000f62c000000,0x000000f62c100000) (1024K)]
  0x000002ccc41fc420 JavaThread "Unconstrained build operations Thread 40"        [_thread_blocked, id=1784, stack(0x000000f62c100000,0x000000f62c200000) (1024K)]
  0x000002ccc41fb070 JavaThread "Unconstrained build operations Thread 41"        [_thread_blocked, id=30880, stack(0x000000f62c200000,0x000000f62c300000) (1024K)]
  0x000002ccc41fb700 JavaThread "Unconstrained build operations Thread 42"        [_thread_blocked, id=7972, stack(0x000000f62c300000,0x000000f62c400000) (1024K)]
  0x000002ccc41fbd90 JavaThread "Unconstrained build operations Thread 43"        [_thread_blocked, id=12740, stack(0x000000f62c400000,0x000000f62c500000) (1024K)]
  0x000002ccc7ec92e0 JavaThread "Unconstrained build operations Thread 44"        [_thread_blocked, id=7380, stack(0x000000f62c500000,0x000000f62c600000) (1024K)]
  0x000002ccc7eca000 JavaThread "Unconstrained build operations Thread 45"        [_thread_blocked, id=17416, stack(0x000000f62c600000,0x000000f62c700000) (1024K)]
  0x000002ccc7ce6170 JavaThread "Unconstrained build operations Thread 46"        [_thread_blocked, id=15848, stack(0x000000f62c700000,0x000000f62c800000) (1024K)]
  0x000002ccc7ce6800 JavaThread "Unconstrained build operations Thread 47"        [_thread_blocked, id=21972, stack(0x000000f62c800000,0x000000f62c900000) (1024K)]
  0x000002ccc7ce3380 JavaThread "Unconstrained build operations Thread 48"        [_thread_blocked, id=14452, stack(0x000000f62c900000,0x000000f62ca00000) (1024K)]
  0x000002ccc7c15ed0 JavaThread "C2 CompilerThread1"         daemon [_thread_blocked, id=22236, stack(0x000000f62ca00000,0x000000f62cb00000) (1024K)]
  0x000002ccc47797c0 JavaThread "C2 CompilerThread2"         daemon [_thread_blocked, id=4832, stack(0x000000f62cb00000,0x000000f62cc00000) (1024K)]
Total: 91

Other Threads:
=>0x000002cca90cc7e0 VMThread "VM Thread"                           [id=10824, stack(0x000000f626900000,0x000000f626a00000) (1024K)]
  0x000002cca90b87b0 WatcherThread "VM Periodic Task Thread"        [id=24264, stack(0x000000f626800000,0x000000f626900000) (1024K)]
  0x000002cc932fbcb0 WorkerThread "GC Thread#0"                     [id=13260, stack(0x000000f626300000,0x000000f626400000) (1024K)]
  0x000002cca95020b0 WorkerThread "GC Thread#1"                     [id=24496, stack(0x000000f627600000,0x000000f627700000) (1024K)]
  0x000002cca9cb0650 WorkerThread "GC Thread#2"                     [id=27100, stack(0x000000f627700000,0x000000f627800000) (1024K)]
  0x000002cca9906b20 WorkerThread "GC Thread#3"                     [id=21036, stack(0x000000f627800000,0x000000f627900000) (1024K)]
  0x000002cca9905500 WorkerThread "GC Thread#4"                     [id=10840, stack(0x000000f627900000,0x000000f627a00000) (1024K)]
  0x000002cca99063c0 WorkerThread "GC Thread#5"                     [id=23860, stack(0x000000f627a00000,0x000000f627b00000) (1024K)]
  0x000002ccc40d6cf0 WorkerThread "GC Thread#6"                     [id=22752, stack(0x000000f627400000,0x000000f627500000) (1024K)]
  0x000002ccc40d56d0 WorkerThread "GC Thread#7"                     [id=18808, stack(0x000000f627500000,0x000000f627600000) (1024K)]
  0x000002ccc40d31f0 WorkerThread "GC Thread#8"                     [id=16284, stack(0x000000f628b00000,0x000000f628c00000) (1024K)]
  0x000002ccc40d40b0 WorkerThread "GC Thread#9"                     [id=16504, stack(0x000000f628c00000,0x000000f628d00000) (1024K)]
  0x000002cc93300d10 ConcurrentGCThread "G1 Main Marker"            [id=28296, stack(0x000000f626400000,0x000000f626500000) (1024K)]
  0x000002cc93302450 WorkerThread "G1 Conc#0"                       [id=10356, stack(0x000000f626500000,0x000000f626600000) (1024K)]
  0x000002ccc40d35a0 WorkerThread "G1 Conc#1"                       [id=12272, stack(0x000000f628d00000,0x000000f628e00000) (1024K)]
  0x000002ccc40d3d00 WorkerThread "G1 Conc#2"                       [id=26464, stack(0x000000f628e00000,0x000000f628f00000) (1024K)]
  0x000002cca8f84aa0 ConcurrentGCThread "G1 Refine#0"               [id=14060, stack(0x000000f626600000,0x000000f626700000) (1024K)]
  0x000002cca8f852d0 ConcurrentGCThread "G1 Service"                [id=32892, stack(0x000000f626700000,0x000000f626800000) (1024K)]
Total: 18

Threads with active compile tasks:
C2 CompilerThread1  791843 18411   !   4       org.gradle.cache.internal.DefaultFileLockManager$DefaultFileLock::doWriteAction (66 bytes)
C2 CompilerThread2  791843 18418       4       org.gradle.internal.snapshot.AbstractFileSystemLocationSnapshot::relocate (72 bytes)
Total: 2

VM state: at safepoint (normal execution)

VM Mutex/Monitor currently owned by a thread:  ([mutex/lock_event])
[0x00007fff2c14e560] Threads_lock - owner thread: 0x000002cca90cc7e0
[0x00007fff2c14e660] Heap_lock - owner thread: 0x000002ccc41fc420

Heap address: 0x00000000e0000000, size: 512 MB, Compressed Oops mode: 32-bit

CDS archive(s) mapped at: [0x000002ccaa000000-0x000002ccaaba0000-0x000002ccaaba0000), size 12189696, SharedBaseAddress: 0x000002ccaa000000, ArchiveRelocationMode: 1.
Compressed class space mapped at: 0x000002ccab000000-0x000002ccbf000000, reserved size: 335544320
Narrow klass base: 0x000002ccaa000000, Narrow klass shift: 0, Narrow klass range: 0x100000000

GC Precious Log:
 CardTable entry size: 512
 Card Set container configuration: InlinePtr #cards 5 size 8 Array Of Cards #cards 12 size 40 Howl #buckets 4 coarsen threshold 1843 Howl Bitmap #cards 512 size 80 coarsen threshold 460 Card regions per heap region 1 cards per card region 2048
 CPUs: 12 total, 12 available
 Memory: 7520M
 Large Page Support: Disabled
 NUMA Support: Disabled
 Compressed Oops: Enabled (32-bit)
 Heap Region Size: 1M
 Heap Min Capacity: 256M
 Heap Initial Capacity: 256M
 Heap Max Capacity: 512M
 Pre-touch: Disabled
 Parallel Workers: 10
 Concurrent Workers: 3
 Concurrent Refinement Workers: 10
 Periodic GC: Disabled

Heap:
 garbage-first heap   total 395264K, used 175422K [0x00000000e0000000, 0x0000000100000000)
  region size 1024K, 8 young (8192K), 8 survivors (8192K)
 Metaspace       used 68938K, committed 71872K, reserved 393216K
  class space    used 9133K, committed 10496K, reserved 327680K

Heap Regions: E=young(eden), S=young(survivor), O=old, HS=humongous(starts), HC=humongous(continues), CS=collection set, F=free, TAMS=top-at-mark-start, PB=parsable bottom
|   0|0x00000000e0000000, 0x00000000e0100000, 0x00000000e0100000|100%|HS|  |TAMS 0x00000000e0000000| PB 0x00000000e0000000| Complete 
|   1|0x00000000e0100000, 0x00000000e0200000, 0x00000000e0200000|100%|HC|  |TAMS 0x00000000e0100000| PB 0x00000000e0100000| Complete 
|   2|0x00000000e0200000, 0x00000000e0300000, 0x00000000e0300000|100%|HC|  |TAMS 0x00000000e0200000| PB 0x00000000e0200000| Complete 
|   3|0x00000000e0300000, 0x00000000e0400000, 0x00000000e0400000|100%|HC|  |TAMS 0x00000000e0300000| PB 0x00000000e0300000| Complete 
|   4|0x00000000e0400000, 0x00000000e0500000, 0x00000000e0500000|100%| O|  |TAMS 0x00000000e0400000| PB 0x00000000e0400000| Untracked 
|   5|0x00000000e0500000, 0x00000000e0600000, 0x00000000e0600000|100%| O|  |TAMS 0x00000000e0500000| PB 0x00000000e0500000| Untracked 
|   6|0x00000000e0600000, 0x00000000e0700000, 0x00000000e0700000|100%| O|  |TAMS 0x00000000e0600000| PB 0x00000000e0600000| Untracked 
|   7|0x00000000e0700000, 0x00000000e0800000, 0x00000000e0800000|100%| O|  |TAMS 0x00000000e0700000| PB 0x00000000e0700000| Untracked 
|   8|0x00000000e0800000, 0x00000000e0900000, 0x00000000e0900000|100%| O|  |TAMS 0x00000000e0800000| PB 0x00000000e0800000| Untracked 
|   9|0x00000000e0900000, 0x00000000e0a00000, 0x00000000e0a00000|100%| O|  |TAMS 0x00000000e0900000| PB 0x00000000e0900000| Untracked 
|  10|0x00000000e0a00000, 0x00000000e0b00000, 0x00000000e0b00000|100%|HS|  |TAMS 0x00000000e0a00000| PB 0x00000000e0a00000| Complete 
|  11|0x00000000e0b00000, 0x00000000e0c00000, 0x00000000e0c00000|100%| O|  |TAMS 0x00000000e0b00000| PB 0x00000000e0b00000| Untracked 
|  12|0x00000000e0c00000, 0x00000000e0d00000, 0x00000000e0d00000|100%| O|  |TAMS 0x00000000e0c00000| PB 0x00000000e0c00000| Untracked 
|  13|0x00000000e0d00000, 0x00000000e0e00000, 0x00000000e0e00000|100%| O|  |TAMS 0x00000000e0d00000| PB 0x00000000e0d00000| Untracked 
|  14|0x00000000e0e00000, 0x00000000e0f00000, 0x00000000e0f00000|100%| O|  |TAMS 0x00000000e0e00000| PB 0x00000000e0e00000| Untracked 
|  15|0x00000000e0f00000, 0x00000000e1000000, 0x00000000e1000000|100%| O|  |TAMS 0x00000000e0f00000| PB 0x00000000e0f00000| Untracked 
|  16|0x00000000e1000000, 0x00000000e1100000, 0x00000000e1100000|100%| O|  |TAMS 0x00000000e1000000| PB 0x00000000e1000000| Untracked 
|  17|0x00000000e1100000, 0x00000000e1200000, 0x00000000e1200000|100%| O|  |TAMS 0x00000000e1100000| PB 0x00000000e1100000| Untracked 
|  18|0x00000000e1200000, 0x00000000e1300000, 0x00000000e1300000|100%| O|  |TAMS 0x00000000e1200000| PB 0x00000000e1200000| Untracked 
|  19|0x00000000e1300000, 0x00000000e1400000, 0x00000000e1400000|100%| O|  |TAMS 0x00000000e1300000| PB 0x00000000e1300000| Untracked 
|  20|0x00000000e1400000, 0x00000000e1500000, 0x00000000e1500000|100%| O|  |TAMS 0x00000000e1400000| PB 0x00000000e1400000| Untracked 
|  21|0x00000000e1500000, 0x00000000e1600000, 0x00000000e1600000|100%| O|  |TAMS 0x00000000e1500000| PB 0x00000000e1500000| Untracked 
|  22|0x00000000e1600000, 0x00000000e1700000, 0x00000000e1700000|100%| O|  |TAMS 0x00000000e1600000| PB 0x00000000e1600000| Untracked 
|  23|0x00000000e1700000, 0x00000000e1800000, 0x00000000e1800000|100%| O|  |TAMS 0x00000000e1700000| PB 0x00000000e1700000| Untracked 
|  24|0x00000000e1800000, 0x00000000e1900000, 0x00000000e1900000|100%| O|  |TAMS 0x00000000e1800000| PB 0x00000000e1800000| Untracked 
|  25|0x00000000e1900000, 0x00000000e1a00000, 0x00000000e1a00000|100%| O|  |TAMS 0x00000000e1900000| PB 0x00000000e1900000| Untracked 
|  26|0x00000000e1a00000, 0x00000000e1b00000, 0x00000000e1b00000|100%| O|  |TAMS 0x00000000e1a00000| PB 0x00000000e1a00000| Untracked 
|  27|0x00000000e1b00000, 0x00000000e1c00000, 0x00000000e1c00000|100%| O|  |TAMS 0x00000000e1b00000| PB 0x00000000e1b00000| Untracked 
|  28|0x00000000e1c00000, 0x00000000e1d00000, 0x00000000e1d00000|100%| O|  |TAMS 0x00000000e1c00000| PB 0x00000000e1c00000| Untracked 
|  29|0x00000000e1d00000, 0x00000000e1e00000, 0x00000000e1e00000|100%| O|  |TAMS 0x00000000e1d00000| PB 0x00000000e1d00000| Untracked 
|  30|0x00000000e1e00000, 0x00000000e1f00000, 0x00000000e1f00000|100%| O|  |TAMS 0x00000000e1e00000| PB 0x00000000e1e00000| Untracked 
|  31|0x00000000e1f00000, 0x00000000e2000000, 0x00000000e2000000|100%| O|  |TAMS 0x00000000e1f00000| PB 0x00000000e1f00000| Untracked 
|  32|0x00000000e2000000, 0x00000000e2100000, 0x00000000e2100000|100%| O|  |TAMS 0x00000000e2000000| PB 0x00000000e2000000| Untracked 
|  33|0x00000000e2100000, 0x00000000e2200000, 0x00000000e2200000|100%| O|  |TAMS 0x00000000e2100000| PB 0x00000000e2100000| Untracked 
|  34|0x00000000e2200000, 0x00000000e2300000, 0x00000000e2300000|100%| O|  |TAMS 0x00000000e2200000| PB 0x00000000e2200000| Untracked 
|  35|0x00000000e2300000, 0x00000000e2400000, 0x00000000e2400000|100%| O|  |TAMS 0x00000000e2300000| PB 0x00000000e2300000| Untracked 
|  36|0x00000000e2400000, 0x00000000e2500000, 0x00000000e2500000|100%| O|  |TAMS 0x00000000e2400000| PB 0x00000000e2400000| Untracked 
|  37|0x00000000e2500000, 0x00000000e2600000, 0x00000000e2600000|100%| O|  |TAMS 0x00000000e2500000| PB 0x00000000e2500000| Untracked 
|  38|0x00000000e2600000, 0x00000000e2700000, 0x00000000e2700000|100%| O|  |TAMS 0x00000000e2600000| PB 0x00000000e2600000| Untracked 
|  39|0x00000000e2700000, 0x00000000e2800000, 0x00000000e2800000|100%| O|  |TAMS 0x00000000e2700000| PB 0x00000000e2700000| Untracked 
|  40|0x00000000e2800000, 0x00000000e2900000, 0x00000000e2900000|100%| O|  |TAMS 0x00000000e2800000| PB 0x00000000e2800000| Untracked 
|  41|0x00000000e2900000, 0x00000000e2a00000, 0x00000000e2a00000|100%| O|Cm|TAMS 0x00000000e2900000| PB 0x00000000e2900000| Complete 
|  42|0x00000000e2a00000, 0x00000000e2b00000, 0x00000000e2b00000|100%| O|  |TAMS 0x00000000e2a00000| PB 0x00000000e2a00000| Untracked 
|  43|0x00000000e2b00000, 0x00000000e2c00000, 0x00000000e2c00000|100%| O|  |TAMS 0x00000000e2b00000| PB 0x00000000e2b00000| Untracked 
|  44|0x00000000e2c00000, 0x00000000e2d00000, 0x00000000e2d00000|100%| O|  |TAMS 0x00000000e2c00000| PB 0x00000000e2c00000| Untracked 
|  45|0x00000000e2d00000, 0x00000000e2e00000, 0x00000000e2e00000|100%| O|  |TAMS 0x00000000e2d00000| PB 0x00000000e2d00000| Untracked 
|  46|0x00000000e2e00000, 0x00000000e2f00000, 0x00000000e2f00000|100%|HS|  |TAMS 0x00000000e2e00000| PB 0x00000000e2e00000| Complete 
|  47|0x00000000e2f00000, 0x00000000e3000000, 0x00000000e3000000|100%| O|Cm|TAMS 0x00000000e2f00000| PB 0x00000000e2f00000| Complete 
|  48|0x00000000e3000000, 0x00000000e3100000, 0x00000000e3100000|100%| O|  |TAMS 0x00000000e3000000| PB 0x00000000e3000000| Untracked 
|  49|0x00000000e3100000, 0x00000000e3200000, 0x00000000e3200000|100%| O|  |TAMS 0x00000000e3100000| PB 0x00000000e3100000| Untracked 
|  50|0x00000000e3200000, 0x00000000e3300000, 0x00000000e3300000|100%| O|  |TAMS 0x00000000e3200000| PB 0x00000000e3200000| Untracked 
|  51|0x00000000e3300000, 0x00000000e3400000, 0x00000000e3400000|100%| O|  |TAMS 0x00000000e3300000| PB 0x00000000e3300000| Untracked 
|  52|0x00000000e3400000, 0x00000000e3500000, 0x00000000e3500000|100%| O|  |TAMS 0x00000000e3400000| PB 0x00000000e3400000| Untracked 
|  53|0x00000000e3500000, 0x00000000e3600000, 0x00000000e3600000|100%| O|  |TAMS 0x00000000e3500000| PB 0x00000000e3500000| Untracked 
|  54|0x00000000e3600000, 0x00000000e3700000, 0x00000000e3700000|100%|HS|  |TAMS 0x00000000e3600000| PB 0x00000000e3600000| Complete 
|  55|0x00000000e3700000, 0x00000000e3800000, 0x00000000e3800000|100%| O|  |TAMS 0x00000000e3700000| PB 0x00000000e3700000| Untracked 
|  56|0x00000000e3800000, 0x00000000e3800000, 0x00000000e3900000|  0%| F|  |TAMS 0x00000000e3800000| PB 0x00000000e3800000| Untracked 
|  57|0x00000000e3900000, 0x00000000e3a00000, 0x00000000e3a00000|100%| O|  |TAMS 0x00000000e3900000| PB 0x00000000e3900000| Untracked 
|  58|0x00000000e3a00000, 0x00000000e3b00000, 0x00000000e3b00000|100%| O|  |TAMS 0x00000000e3a00000| PB 0x00000000e3a00000| Untracked 
|  59|0x00000000e3b00000, 0x00000000e3c00000, 0x00000000e3c00000|100%| O|  |TAMS 0x00000000e3b00000| PB 0x00000000e3b00000| Untracked 
|  60|0x00000000e3c00000, 0x00000000e3d00000, 0x00000000e3d00000|100%| O|  |TAMS 0x00000000e3c00000| PB 0x00000000e3c00000| Untracked 
|  61|0x00000000e3d00000, 0x00000000e3e00000, 0x00000000e3e00000|100%| O|  |TAMS 0x00000000e3d00000| PB 0x00000000e3d00000| Untracked 
|  62|0x00000000e3e00000, 0x00000000e3f00000, 0x00000000e3f00000|100%| O|  |TAMS 0x00000000e3e00000| PB 0x00000000e3e00000| Untracked 
|  63|0x00000000e3f00000, 0x00000000e4000000, 0x00000000e4000000|100%| O|  |TAMS 0x00000000e3f00000| PB 0x00000000e3f00000| Untracked 
|  64|0x00000000e4000000, 0x00000000e4100000, 0x00000000e4100000|100%| O|  |TAMS 0x00000000e4000000| PB 0x00000000e4000000| Untracked 
|  65|0x00000000e4100000, 0x00000000e4200000, 0x00000000e4200000|100%| O|  |TAMS 0x00000000e4100000| PB 0x00000000e4100000| Untracked 
|  66|0x00000000e4200000, 0x00000000e4300000, 0x00000000e4300000|100%| O|  |TAMS 0x00000000e4200000| PB 0x00000000e4200000| Untracked 
|  67|0x00000000e4300000, 0x00000000e4400000, 0x00000000e4400000|100%| O|  |TAMS 0x00000000e4300000| PB 0x00000000e4300000| Untracked 
|  68|0x00000000e4400000, 0x00000000e4500000, 0x00000000e4500000|100%| O|  |TAMS 0x00000000e4400000| PB 0x00000000e4400000| Untracked 
|  69|0x00000000e4500000, 0x00000000e4600000, 0x00000000e4600000|100%| O|  |TAMS 0x00000000e4500000| PB 0x00000000e4500000| Untracked 
|  70|0x00000000e4600000, 0x00000000e4700000, 0x00000000e4700000|100%| O|  |TAMS 0x00000000e4600000| PB 0x00000000e4600000| Untracked 
|  71|0x00000000e4700000, 0x00000000e4800000, 0x00000000e4800000|100%| O|  |TAMS 0x00000000e4700000| PB 0x00000000e4700000| Untracked 
|  72|0x00000000e4800000, 0x00000000e4900000, 0x00000000e4900000|100%| O|  |TAMS 0x00000000e4800000| PB 0x00000000e4800000| Untracked 
|  73|0x00000000e4900000, 0x00000000e4a00000, 0x00000000e4a00000|100%| O|  |TAMS 0x00000000e4900000| PB 0x00000000e4900000| Untracked 
|  74|0x00000000e4a00000, 0x00000000e4b00000, 0x00000000e4b00000|100%| O|  |TAMS 0x00000000e4a00000| PB 0x00000000e4a00000| Untracked 
|  75|0x00000000e4b00000, 0x00000000e4c00000, 0x00000000e4c00000|100%| O|Cm|TAMS 0x00000000e4b00000| PB 0x00000000e4b00000| Complete 
|  76|0x00000000e4c00000, 0x00000000e4d00000, 0x00000000e4d00000|100%| O|  |TAMS 0x00000000e4c00000| PB 0x00000000e4c00000| Untracked 
|  77|0x00000000e4d00000, 0x00000000e4e00000, 0x00000000e4e00000|100%| O|  |TAMS 0x00000000e4d00000| PB 0x00000000e4d00000| Untracked 
|  78|0x00000000e4e00000, 0x00000000e4f00000, 0x00000000e4f00000|100%| O|  |TAMS 0x00000000e4e00000| PB 0x00000000e4e00000| Untracked 
|  79|0x00000000e4f00000, 0x00000000e5000000, 0x00000000e5000000|100%| O|  |TAMS 0x00000000e4f00000| PB 0x00000000e4f00000| Untracked 
|  80|0x00000000e5000000, 0x00000000e5100000, 0x00000000e5100000|100%| O|  |TAMS 0x00000000e5000000| PB 0x00000000e5000000| Untracked 
|  81|0x00000000e5100000, 0x00000000e5200000, 0x00000000e5200000|100%| O|  |TAMS 0x00000000e5100000| PB 0x00000000e5100000| Untracked 
|  82|0x00000000e5200000, 0x00000000e5300000, 0x00000000e5300000|100%| O|  |TAMS 0x00000000e5200000| PB 0x00000000e5200000| Untracked 
|  83|0x00000000e5300000, 0x00000000e5400000, 0x00000000e5400000|100%| O|  |TAMS 0x00000000e5300000| PB 0x00000000e5300000| Untracked 
|  84|0x00000000e5400000, 0x00000000e5500000, 0x00000000e5500000|100%| O|  |TAMS 0x00000000e5400000| PB 0x00000000e5400000| Untracked 
|  85|0x00000000e5500000, 0x00000000e5600000, 0x00000000e5600000|100%| O|  |TAMS 0x00000000e5500000| PB 0x00000000e5500000| Untracked 
|  86|0x00000000e5600000, 0x00000000e5700000, 0x00000000e5700000|100%| O|  |TAMS 0x00000000e5600000| PB 0x00000000e5600000| Untracked 
|  87|0x00000000e5700000, 0x00000000e5800000, 0x00000000e5800000|100%| O|  |TAMS 0x00000000e5700000| PB 0x00000000e5700000| Untracked 
|  88|0x00000000e5800000, 0x00000000e5900000, 0x00000000e5900000|100%| O|  |TAMS 0x00000000e5800000| PB 0x00000000e5800000| Untracked 
|  89|0x00000000e5900000, 0x00000000e5a00000, 0x00000000e5a00000|100%| O|  |TAMS 0x00000000e5900000| PB 0x00000000e5900000| Untracked 
|  90|0x00000000e5a00000, 0x00000000e5b00000, 0x00000000e5b00000|100%| O|  |TAMS 0x00000000e5a00000| PB 0x00000000e5a00000| Untracked 
|  91|0x00000000e5b00000, 0x00000000e5c00000, 0x00000000e5c00000|100%| O|Cm|TAMS 0x00000000e5b00000| PB 0x00000000e5b00000| Complete 
|  92|0x00000000e5c00000, 0x00000000e5d00000, 0x00000000e5d00000|100%| O|  |TAMS 0x00000000e5c00000| PB 0x00000000e5c00000| Untracked 
|  93|0x00000000e5d00000, 0x00000000e5e00000, 0x00000000e5e00000|100%| O|  |TAMS 0x00000000e5d00000| PB 0x00000000e5d00000| Untracked 
|  94|0x00000000e5e00000, 0x00000000e5f00000, 0x00000000e5f00000|100%| O|  |TAMS 0x00000000e5e00000| PB 0x00000000e5e00000| Untracked 
|  95|0x00000000e5f00000, 0x00000000e6000000, 0x00000000e6000000|100%| O|  |TAMS 0x00000000e5f00000| PB 0x00000000e5f00000| Untracked 
|  96|0x00000000e6000000, 0x00000000e6100000, 0x00000000e6100000|100%| O|  |TAMS 0x00000000e6000000| PB 0x00000000e6000000| Untracked 
|  97|0x00000000e6100000, 0x00000000e6200000, 0x00000000e6200000|100%| O|  |TAMS 0x00000000e6100000| PB 0x00000000e6100000| Untracked 
|  98|0x00000000e6200000, 0x00000000e6300000, 0x00000000e6300000|100%| O|  |TAMS 0x00000000e6200000| PB 0x00000000e6200000| Untracked 
|  99|0x00000000e6300000, 0x00000000e6400000, 0x00000000e6400000|100%| O|  |TAMS 0x00000000e6300000| PB 0x00000000e6300000| Untracked 
| 100|0x00000000e6400000, 0x00000000e6500000, 0x00000000e6500000|100%| O|  |TAMS 0x00000000e6400000| PB 0x00000000e6400000| Untracked 
| 101|0x00000000e6500000, 0x00000000e6600000, 0x00000000e6600000|100%| O|  |TAMS 0x00000000e6500000| PB 0x00000000e6500000| Untracked 
| 102|0x00000000e6600000, 0x00000000e6700000, 0x00000000e6700000|100%| O|  |TAMS 0x00000000e6600000| PB 0x00000000e6600000| Untracked 
| 103|0x00000000e6700000, 0x00000000e6800000, 0x00000000e6800000|100%| O|  |TAMS 0x00000000e6700000| PB 0x00000000e6700000| Untracked 
| 104|0x00000000e6800000, 0x00000000e6900000, 0x00000000e6900000|100%| O|  |TAMS 0x00000000e6800000| PB 0x00000000e6800000| Untracked 
| 105|0x00000000e6900000, 0x00000000e6a00000, 0x00000000e6a00000|100%| O|  |TAMS 0x00000000e6900000| PB 0x00000000e6900000| Untracked 
| 106|0x00000000e6a00000, 0x00000000e6b00000, 0x00000000e6b00000|100%| O|  |TAMS 0x00000000e6a00000| PB 0x00000000e6a00000| Untracked 
| 107|0x00000000e6b00000, 0x00000000e6c00000, 0x00000000e6c00000|100%| O|  |TAMS 0x00000000e6b00000| PB 0x00000000e6b00000| Untracked 
| 108|0x00000000e6c00000, 0x00000000e6d00000, 0x00000000e6d00000|100%| O|  |TAMS 0x00000000e6c00000| PB 0x00000000e6c00000| Untracked 
| 109|0x00000000e6d00000, 0x00000000e6e00000, 0x00000000e6e00000|100%| O|  |TAMS 0x00000000e6d00000| PB 0x00000000e6d00000| Untracked 
| 110|0x00000000e6e00000, 0x00000000e6f00000, 0x00000000e6f00000|100%| O|  |TAMS 0x00000000e6e00000| PB 0x00000000e6e00000| Untracked 
| 111|0x00000000e6f00000, 0x00000000e7000000, 0x00000000e7000000|100%| O|  |TAMS 0x00000000e6f00000| PB 0x00000000e6f00000| Untracked 
| 112|0x00000000e7000000, 0x00000000e7100000, 0x00000000e7100000|100%|HS|  |TAMS 0x00000000e7000000| PB 0x00000000e7000000| Complete 
| 113|0x00000000e7100000, 0x00000000e7200000, 0x00000000e7200000|100%|HS|  |TAMS 0x00000000e7100000| PB 0x00000000e7100000| Complete 
| 114|0x00000000e7200000, 0x00000000e7300000, 0x00000000e7300000|100%| O|  |TAMS 0x00000000e7200000| PB 0x00000000e7200000| Untracked 
| 115|0x00000000e7300000, 0x00000000e7400000, 0x00000000e7400000|100%| O|  |TAMS 0x00000000e7300000| PB 0x00000000e7300000| Untracked 
| 116|0x00000000e7400000, 0x00000000e7500000, 0x00000000e7500000|100%| O|  |TAMS 0x00000000e7400000| PB 0x00000000e7400000| Untracked 
| 117|0x00000000e7500000, 0x00000000e7600000, 0x00000000e7600000|100%| O|  |TAMS 0x00000000e7500000| PB 0x00000000e7500000| Untracked 
| 118|0x00000000e7600000, 0x00000000e7700000, 0x00000000e7700000|100%| O|  |TAMS 0x00000000e7600000| PB 0x00000000e7600000| Untracked 
| 119|0x00000000e7700000, 0x00000000e7800000, 0x00000000e7800000|100%| O|  |TAMS 0x00000000e7700000| PB 0x00000000e7700000| Untracked 
| 120|0x00000000e7800000, 0x00000000e7900000, 0x00000000e7900000|100%| O|  |TAMS 0x00000000e7800000| PB 0x00000000e7800000| Untracked 
| 121|0x00000000e7900000, 0x00000000e7a00000, 0x00000000e7a00000|100%| O|  |TAMS 0x00000000e7900000| PB 0x00000000e7900000| Untracked 
| 122|0x00000000e7a00000, 0x00000000e7b00000, 0x00000000e7b00000|100%| O|  |TAMS 0x00000000e7a00000| PB 0x00000000e7a00000| Untracked 
| 123|0x00000000e7b00000, 0x00000000e7c00000, 0x00000000e7c00000|100%| O|  |TAMS 0x00000000e7b00000| PB 0x00000000e7b00000| Untracked 
| 124|0x00000000e7c00000, 0x00000000e7d00000, 0x00000000e7d00000|100%| O|Cm|TAMS 0x00000000e7c00000| PB 0x00000000e7c00000| Complete 
| 125|0x00000000e7d00000, 0x00000000e7e00000, 0x00000000e7e00000|100%| O|  |TAMS 0x00000000e7d00000| PB 0x00000000e7d00000| Untracked 
| 126|0x00000000e7e00000, 0x00000000e7f00000, 0x00000000e7f00000|100%| O|  |TAMS 0x00000000e7e00000| PB 0x00000000e7e00000| Untracked 
| 127|0x00000000e7f00000, 0x00000000e8000000, 0x00000000e8000000|100%| O|  |TAMS 0x00000000e7f00000| PB 0x00000000e7f00000| Untracked 
| 128|0x00000000e8000000, 0x00000000e8100000, 0x00000000e8100000|100%| O|  |TAMS 0x00000000e8000000| PB 0x00000000e8000000| Untracked 
| 129|0x00000000e8100000, 0x00000000e8200000, 0x00000000e8200000|100%| O|  |TAMS 0x00000000e8100000| PB 0x00000000e8100000| Untracked 
| 130|0x00000000e8200000, 0x00000000e8300000, 0x00000000e8300000|100%| O|  |TAMS 0x00000000e8200000| PB 0x00000000e8200000| Untracked 
| 131|0x00000000e8300000, 0x00000000e8400000, 0x00000000e8400000|100%| O|  |TAMS 0x00000000e8300000| PB 0x00000000e8300000| Untracked 
| 132|0x00000000e8400000, 0x00000000e8500000, 0x00000000e8500000|100%| O|  |TAMS 0x00000000e8400000| PB 0x00000000e8400000| Untracked 
| 133|0x00000000e8500000, 0x00000000e8600000, 0x00000000e8600000|100%| O|  |TAMS 0x00000000e8500000| PB 0x00000000e8500000| Untracked 
| 134|0x00000000e8600000, 0x00000000e8700000, 0x00000000e8700000|100%| O|  |TAMS 0x00000000e8600000| PB 0x00000000e8600000| Untracked 
| 135|0x00000000e8700000, 0x00000000e8800000, 0x00000000e8800000|100%| O|  |TAMS 0x00000000e8700000| PB 0x00000000e8700000| Untracked 
| 136|0x00000000e8800000, 0x00000000e8900000, 0x00000000e8900000|100%| O|  |TAMS 0x00000000e8800000| PB 0x00000000e8800000| Untracked 
| 137|0x00000000e8900000, 0x00000000e8a00000, 0x00000000e8a00000|100%| O|  |TAMS 0x00000000e8900000| PB 0x00000000e8900000| Untracked 
| 138|0x00000000e8a00000, 0x00000000e8b00000, 0x00000000e8b00000|100%| O|  |TAMS 0x00000000e8a00000| PB 0x00000000e8a00000| Untracked 
| 139|0x00000000e8b00000, 0x00000000e8c00000, 0x00000000e8c00000|100%| O|  |TAMS 0x00000000e8b00000| PB 0x00000000e8b00000| Untracked 
| 140|0x00000000e8c00000, 0x00000000e8d00000, 0x00000000e8d00000|100%| O|  |TAMS 0x00000000e8c00000| PB 0x00000000e8c00000| Untracked 
| 141|0x00000000e8d00000, 0x00000000e8e00000, 0x00000000e8e00000|100%| O|  |TAMS 0x00000000e8d00000| PB 0x00000000e8d00000| Untracked 
| 142|0x00000000e8e00000, 0x00000000e8f00000, 0x00000000e8f00000|100%| O|  |TAMS 0x00000000e8e00000| PB 0x00000000e8e00000| Untracked 
| 143|0x00000000e8f00000, 0x00000000e9000000, 0x00000000e9000000|100%| O|  |TAMS 0x00000000e8f00000| PB 0x00000000e8f00000| Untracked 
| 144|0x00000000e9000000, 0x00000000e9100000, 0x00000000e9100000|100%| O|  |TAMS 0x00000000e9000000| PB 0x00000000e9000000| Untracked 
| 145|0x00000000e9100000, 0x00000000e9200000, 0x00000000e9200000|100%| O|  |TAMS 0x00000000e9100000| PB 0x00000000e9100000| Untracked 
| 146|0x00000000e9200000, 0x00000000e9300000, 0x00000000e9300000|100%|HS|  |TAMS 0x00000000e9200000| PB 0x00000000e9200000| Complete 
| 147|0x00000000e9300000, 0x00000000e9400000, 0x00000000e9400000|100%|HS|  |TAMS 0x00000000e9300000| PB 0x00000000e9300000| Complete 
| 148|0x00000000e9400000, 0x00000000e9500000, 0x00000000e9500000|100%|HC|  |TAMS 0x00000000e9400000| PB 0x00000000e9400000| Complete 
| 149|0x00000000e9500000, 0x00000000e9600000, 0x00000000e9600000|100%|HC|  |TAMS 0x00000000e9500000| PB 0x00000000e9500000| Complete 
| 150|0x00000000e9600000, 0x00000000e96eaa20, 0x00000000e9700000| 91%| O|  |TAMS 0x00000000e9600000| PB 0x00000000e9600000| Untracked 
| 151|0x00000000e9700000, 0x00000000e9700000, 0x00000000e9800000|  0%| F|  |TAMS 0x00000000e9700000| PB 0x00000000e9700000| Untracked 
| 152|0x00000000e9800000, 0x00000000e9800000, 0x00000000e9900000|  0%| F|  |TAMS 0x00000000e9800000| PB 0x00000000e9800000| Untracked 
| 153|0x00000000e9900000, 0x00000000e9900000, 0x00000000e9a00000|  0%| F|  |TAMS 0x00000000e9900000| PB 0x00000000e9900000| Untracked 
| 154|0x00000000e9a00000, 0x00000000e9a00000, 0x00000000e9b00000|  0%| F|  |TAMS 0x00000000e9a00000| PB 0x00000000e9a00000| Untracked 
| 155|0x00000000e9b00000, 0x00000000e9b00000, 0x00000000e9c00000|  0%| F|  |TAMS 0x00000000e9b00000| PB 0x00000000e9b00000| Untracked 
| 156|0x00000000e9c00000, 0x00000000e9c00000, 0x00000000e9d00000|  0%| F|  |TAMS 0x00000000e9c00000| PB 0x00000000e9c00000| Untracked 
| 157|0x00000000e9d00000, 0x00000000e9d00000, 0x00000000e9e00000|  0%| F|  |TAMS 0x00000000e9d00000| PB 0x00000000e9d00000| Untracked 
| 158|0x00000000e9e00000, 0x00000000e9e00000, 0x00000000e9f00000|  0%| F|  |TAMS 0x00000000e9e00000| PB 0x00000000e9e00000| Untracked 
| 159|0x00000000e9f00000, 0x00000000e9f00000, 0x00000000ea000000|  0%| F|  |TAMS 0x00000000e9f00000| PB 0x00000000e9f00000| Untracked 
| 160|0x00000000ea000000, 0x00000000ea000000, 0x00000000ea100000|  0%| F|  |TAMS 0x00000000ea000000| PB 0x00000000ea000000| Untracked 
| 161|0x00000000ea100000, 0x00000000ea100000, 0x00000000ea200000|  0%| F|  |TAMS 0x00000000ea100000| PB 0x00000000ea100000| Untracked 
| 162|0x00000000ea200000, 0x00000000ea200000, 0x00000000ea300000|  0%| F|  |TAMS 0x00000000ea200000| PB 0x00000000ea200000| Untracked 
| 163|0x00000000ea300000, 0x00000000ea300000, 0x00000000ea400000|  0%| F|  |TAMS 0x00000000ea300000| PB 0x00000000ea300000| Untracked 
| 164|0x00000000ea400000, 0x00000000ea400000, 0x00000000ea500000|  0%| F|  |TAMS 0x00000000ea400000| PB 0x00000000ea400000| Untracked 
| 165|0x00000000ea500000, 0x00000000ea500000, 0x00000000ea600000|  0%| F|  |TAMS 0x00000000ea500000| PB 0x00000000ea500000| Untracked 
| 166|0x00000000ea600000, 0x00000000ea600000, 0x00000000ea700000|  0%| F|  |TAMS 0x00000000ea600000| PB 0x00000000ea600000| Untracked 
| 167|0x00000000ea700000, 0x00000000ea700000, 0x00000000ea800000|  0%| F|  |TAMS 0x00000000ea700000| PB 0x00000000ea700000| Untracked 
| 168|0x00000000ea800000, 0x00000000ea800000, 0x00000000ea900000|  0%| F|  |TAMS 0x00000000ea800000| PB 0x00000000ea800000| Untracked 
| 169|0x00000000ea900000, 0x00000000ea900000, 0x00000000eaa00000|  0%| F|  |TAMS 0x00000000ea900000| PB 0x00000000ea900000| Untracked 
| 170|0x00000000eaa00000, 0x00000000eaa00000, 0x00000000eab00000|  0%| F|  |TAMS 0x00000000eaa00000| PB 0x00000000eaa00000| Untracked 
| 171|0x00000000eab00000, 0x00000000eab00000, 0x00000000eac00000|  0%| F|  |TAMS 0x00000000eab00000| PB 0x00000000eab00000| Untracked 
| 172|0x00000000eac00000, 0x00000000eac00000, 0x00000000ead00000|  0%| F|  |TAMS 0x00000000eac00000| PB 0x00000000eac00000| Untracked 
| 173|0x00000000ead00000, 0x00000000ead00000, 0x00000000eae00000|  0%| F|  |TAMS 0x00000000ead00000| PB 0x00000000ead00000| Untracked 
| 174|0x00000000eae00000, 0x00000000eae00000, 0x00000000eaf00000|  0%| F|  |TAMS 0x00000000eae00000| PB 0x00000000eae00000| Untracked 
| 175|0x00000000eaf00000, 0x00000000eaf00000, 0x00000000eb000000|  0%| F|  |TAMS 0x00000000eaf00000| PB 0x00000000eaf00000| Untracked 
| 176|0x00000000eb000000, 0x00000000eb000000, 0x00000000eb100000|  0%| F|  |TAMS 0x00000000eb000000| PB 0x00000000eb000000| Untracked 
| 177|0x00000000eb100000, 0x00000000eb100000, 0x00000000eb200000|  0%| F|  |TAMS 0x00000000eb100000| PB 0x00000000eb100000| Untracked 
| 178|0x00000000eb200000, 0x00000000eb200000, 0x00000000eb300000|  0%| F|  |TAMS 0x00000000eb200000| PB 0x00000000eb200000| Untracked 
| 179|0x00000000eb300000, 0x00000000eb300000, 0x00000000eb400000|  0%| F|  |TAMS 0x00000000eb300000| PB 0x00000000eb300000| Untracked 
| 180|0x00000000eb400000, 0x00000000eb400000, 0x00000000eb500000|  0%| F|  |TAMS 0x00000000eb400000| PB 0x00000000eb400000| Untracked 
| 181|0x00000000eb500000, 0x00000000eb500000, 0x00000000eb600000|  0%| F|  |TAMS 0x00000000eb500000| PB 0x00000000eb500000| Untracked 
| 182|0x00000000eb600000, 0x00000000eb600000, 0x00000000eb700000|  0%| F|  |TAMS 0x00000000eb600000| PB 0x00000000eb600000| Untracked 
| 183|0x00000000eb700000, 0x00000000eb700000, 0x00000000eb800000|  0%| F|  |TAMS 0x00000000eb700000| PB 0x00000000eb700000| Untracked 
| 184|0x00000000eb800000, 0x00000000eb800000, 0x00000000eb900000|  0%| F|  |TAMS 0x00000000eb800000| PB 0x00000000eb800000| Untracked 
| 185|0x00000000eb900000, 0x00000000eb900000, 0x00000000eba00000|  0%| F|  |TAMS 0x00000000eb900000| PB 0x00000000eb900000| Untracked 
| 186|0x00000000eba00000, 0x00000000eba00000, 0x00000000ebb00000|  0%| F|  |TAMS 0x00000000eba00000| PB 0x00000000eba00000| Untracked 
| 187|0x00000000ebb00000, 0x00000000ebb00000, 0x00000000ebc00000|  0%| F|  |TAMS 0x00000000ebb00000| PB 0x00000000ebb00000| Untracked 
| 188|0x00000000ebc00000, 0x00000000ebc00000, 0x00000000ebd00000|  0%| F|  |TAMS 0x00000000ebc00000| PB 0x00000000ebc00000| Untracked 
| 189|0x00000000ebd00000, 0x00000000ebd00000, 0x00000000ebe00000|  0%| F|  |TAMS 0x00000000ebd00000| PB 0x00000000ebd00000| Untracked 
| 190|0x00000000ebe00000, 0x00000000ebe00000, 0x00000000ebf00000|  0%| F|  |TAMS 0x00000000ebe00000| PB 0x00000000ebe00000| Untracked 
| 191|0x00000000ebf00000, 0x00000000ebf00000, 0x00000000ec000000|  0%| F|  |TAMS 0x00000000ebf00000| PB 0x00000000ebf00000| Untracked 
| 192|0x00000000ec000000, 0x00000000ec000000, 0x00000000ec100000|  0%| F|  |TAMS 0x00000000ec000000| PB 0x00000000ec000000| Untracked 
| 193|0x00000000ec100000, 0x00000000ec100000, 0x00000000ec200000|  0%| F|  |TAMS 0x00000000ec100000| PB 0x00000000ec100000| Untracked 
| 194|0x00000000ec200000, 0x00000000ec200000, 0x00000000ec300000|  0%| F|  |TAMS 0x00000000ec200000| PB 0x00000000ec200000| Untracked 
| 195|0x00000000ec300000, 0x00000000ec300000, 0x00000000ec400000|  0%| F|  |TAMS 0x00000000ec300000| PB 0x00000000ec300000| Untracked 
| 196|0x00000000ec400000, 0x00000000ec400000, 0x00000000ec500000|  0%| F|  |TAMS 0x00000000ec400000| PB 0x00000000ec400000| Untracked 
| 197|0x00000000ec500000, 0x00000000ec500000, 0x00000000ec600000|  0%| F|  |TAMS 0x00000000ec500000| PB 0x00000000ec500000| Untracked 
| 198|0x00000000ec600000, 0x00000000ec600000, 0x00000000ec700000|  0%| F|  |TAMS 0x00000000ec600000| PB 0x00000000ec600000| Untracked 
| 199|0x00000000ec700000, 0x00000000ec700000, 0x00000000ec800000|  0%| F|  |TAMS 0x00000000ec700000| PB 0x00000000ec700000| Untracked 
| 200|0x00000000ec800000, 0x00000000ec800000, 0x00000000ec900000|  0%| F|  |TAMS 0x00000000ec800000| PB 0x00000000ec800000| Untracked 
| 201|0x00000000ec900000, 0x00000000ec900000, 0x00000000eca00000|  0%| F|  |TAMS 0x00000000ec900000| PB 0x00000000ec900000| Untracked 
| 202|0x00000000eca00000, 0x00000000eca00000, 0x00000000ecb00000|  0%| F|  |TAMS 0x00000000eca00000| PB 0x00000000eca00000| Untracked 
| 203|0x00000000ecb00000, 0x00000000ecb00000, 0x00000000ecc00000|  0%| F|  |TAMS 0x00000000ecb00000| PB 0x00000000ecb00000| Untracked 
| 204|0x00000000ecc00000, 0x00000000ecc00000, 0x00000000ecd00000|  0%| F|  |TAMS 0x00000000ecc00000| PB 0x00000000ecc00000| Untracked 
| 205|0x00000000ecd00000, 0x00000000ecd00000, 0x00000000ece00000|  0%| F|  |TAMS 0x00000000ecd00000| PB 0x00000000ecd00000| Untracked 
| 206|0x00000000ece00000, 0x00000000ece00000, 0x00000000ecf00000|  0%| F|  |TAMS 0x00000000ece00000| PB 0x00000000ece00000| Untracked 
| 207|0x00000000ecf00000, 0x00000000ecf00000, 0x00000000ed000000|  0%| F|  |TAMS 0x00000000ecf00000| PB 0x00000000ecf00000| Untracked 
| 208|0x00000000ed000000, 0x00000000ed000000, 0x00000000ed100000|  0%| F|  |TAMS 0x00000000ed000000| PB 0x00000000ed000000| Untracked 
| 209|0x00000000ed100000, 0x00000000ed100000, 0x00000000ed200000|  0%| F|  |TAMS 0x00000000ed100000| PB 0x00000000ed100000| Untracked 
| 210|0x00000000ed200000, 0x00000000ed200000, 0x00000000ed300000|  0%| F|  |TAMS 0x00000000ed200000| PB 0x00000000ed200000| Untracked 
| 211|0x00000000ed300000, 0x00000000ed300000, 0x00000000ed400000|  0%| F|  |TAMS 0x00000000ed300000| PB 0x00000000ed300000| Untracked 
| 212|0x00000000ed400000, 0x00000000ed400000, 0x00000000ed500000|  0%| F|  |TAMS 0x00000000ed400000| PB 0x00000000ed400000| Untracked 
| 213|0x00000000ed500000, 0x00000000ed500000, 0x00000000ed600000|  0%| F|  |TAMS 0x00000000ed500000| PB 0x00000000ed500000| Untracked 
| 214|0x00000000ed600000, 0x00000000ed600000, 0x00000000ed700000|  0%| F|  |TAMS 0x00000000ed600000| PB 0x00000000ed600000| Untracked 
| 215|0x00000000ed700000, 0x00000000ed700000, 0x00000000ed800000|  0%| F|  |TAMS 0x00000000ed700000| PB 0x00000000ed700000| Untracked 
| 216|0x00000000ed800000, 0x00000000ed800000, 0x00000000ed900000|  0%| F|  |TAMS 0x00000000ed800000| PB 0x00000000ed800000| Untracked 
| 217|0x00000000ed900000, 0x00000000ed900000, 0x00000000eda00000|  0%| F|  |TAMS 0x00000000ed900000| PB 0x00000000ed900000| Untracked 
| 218|0x00000000eda00000, 0x00000000eda00000, 0x00000000edb00000|  0%| F|  |TAMS 0x00000000eda00000| PB 0x00000000eda00000| Untracked 
| 219|0x00000000edb00000, 0x00000000edb00000, 0x00000000edc00000|  0%| F|  |TAMS 0x00000000edb00000| PB 0x00000000edb00000| Untracked 
| 220|0x00000000edc00000, 0x00000000edc00000, 0x00000000edd00000|  0%| F|  |TAMS 0x00000000edc00000| PB 0x00000000edc00000| Untracked 
| 221|0x00000000edd00000, 0x00000000edd00000, 0x00000000ede00000|  0%| F|  |TAMS 0x00000000edd00000| PB 0x00000000edd00000| Untracked 
| 222|0x00000000ede00000, 0x00000000ede00000, 0x00000000edf00000|  0%| F|  |TAMS 0x00000000ede00000| PB 0x00000000ede00000| Untracked 
| 223|0x00000000edf00000, 0x00000000edf00000, 0x00000000ee000000|  0%| F|  |TAMS 0x00000000edf00000| PB 0x00000000edf00000| Untracked 
| 224|0x00000000ee000000, 0x00000000ee000000, 0x00000000ee100000|  0%| F|  |TAMS 0x00000000ee000000| PB 0x00000000ee000000| Untracked 
| 225|0x00000000ee100000, 0x00000000ee100000, 0x00000000ee200000|  0%| F|  |TAMS 0x00000000ee100000| PB 0x00000000ee100000| Untracked 
| 226|0x00000000ee200000, 0x00000000ee200000, 0x00000000ee300000|  0%| F|  |TAMS 0x00000000ee200000| PB 0x00000000ee200000| Untracked 
| 227|0x00000000ee300000, 0x00000000ee300000, 0x00000000ee400000|  0%| F|  |TAMS 0x00000000ee300000| PB 0x00000000ee300000| Untracked 
| 228|0x00000000ee400000, 0x00000000ee400000, 0x00000000ee500000|  0%| F|  |TAMS 0x00000000ee400000| PB 0x00000000ee400000| Untracked 
| 229|0x00000000ee500000, 0x00000000ee500000, 0x00000000ee600000|  0%| F|  |TAMS 0x00000000ee500000| PB 0x00000000ee500000| Untracked 
| 230|0x00000000ee600000, 0x00000000ee600000, 0x00000000ee700000|  0%| F|  |TAMS 0x00000000ee600000| PB 0x00000000ee600000| Untracked 
| 231|0x00000000ee700000, 0x00000000ee700000, 0x00000000ee800000|  0%| F|  |TAMS 0x00000000ee700000| PB 0x00000000ee700000| Untracked 
| 232|0x00000000ee800000, 0x00000000ee8651a0, 0x00000000ee900000| 39%| S|CS|TAMS 0x00000000ee800000| PB 0x00000000ee800000| Complete 
| 233|0x00000000ee900000, 0x00000000eea00000, 0x00000000eea00000|100%| S|CS|TAMS 0x00000000ee900000| PB 0x00000000ee900000| Complete 
| 234|0x00000000eea00000, 0x00000000eeb00000, 0x00000000eeb00000|100%| S|CS|TAMS 0x00000000eea00000| PB 0x00000000eea00000| Complete 
| 235|0x00000000eeb00000, 0x00000000eec00000, 0x00000000eec00000|100%| S|CS|TAMS 0x00000000eeb00000| PB 0x00000000eeb00000| Complete 
| 236|0x00000000eec00000, 0x00000000eed00000, 0x00000000eed00000|100%| S|CS|TAMS 0x00000000eec00000| PB 0x00000000eec00000| Complete 
| 237|0x00000000eed00000, 0x00000000eee00000, 0x00000000eee00000|100%| S|CS|TAMS 0x00000000eed00000| PB 0x00000000eed00000| Complete 
| 238|0x00000000eee00000, 0x00000000eef00000, 0x00000000eef00000|100%| S|CS|TAMS 0x00000000eee00000| PB 0x00000000eee00000| Complete 
| 239|0x00000000eef00000, 0x00000000ef000000, 0x00000000ef000000|100%| S|CS|TAMS 0x00000000eef00000| PB 0x00000000eef00000| Complete 
| 240|0x00000000ef000000, 0x00000000ef000000, 0x00000000ef100000|  0%| F|  |TAMS 0x00000000ef000000| PB 0x00000000ef000000| Untracked 
| 241|0x00000000ef100000, 0x00000000ef100000, 0x00000000ef200000|  0%| F|  |TAMS 0x00000000ef100000| PB 0x00000000ef100000| Untracked 
| 242|0x00000000ef200000, 0x00000000ef200000, 0x00000000ef300000|  0%| F|  |TAMS 0x00000000ef200000| PB 0x00000000ef200000| Untracked 
| 243|0x00000000ef300000, 0x00000000ef300000, 0x00000000ef400000|  0%| F|  |TAMS 0x00000000ef300000| PB 0x00000000ef300000| Untracked 
| 244|0x00000000ef400000, 0x00000000ef400000, 0x00000000ef500000|  0%| F|  |TAMS 0x00000000ef400000| PB 0x00000000ef400000| Untracked 
| 245|0x00000000ef500000, 0x00000000ef500000, 0x00000000ef600000|  0%| F|  |TAMS 0x00000000ef500000| PB 0x00000000ef500000| Untracked 
| 246|0x00000000ef600000, 0x00000000ef600000, 0x00000000ef700000|  0%| F|  |TAMS 0x00000000ef600000| PB 0x00000000ef600000| Untracked 
| 247|0x00000000ef700000, 0x00000000ef700000, 0x00000000ef800000|  0%| F|  |TAMS 0x00000000ef700000| PB 0x00000000ef700000| Untracked 
| 248|0x00000000ef800000, 0x00000000ef800000, 0x00000000ef900000|  0%| F|  |TAMS 0x00000000ef800000| PB 0x00000000ef800000| Untracked 
| 249|0x00000000ef900000, 0x00000000ef900000, 0x00000000efa00000|  0%| F|  |TAMS 0x00000000ef900000| PB 0x00000000ef900000| Untracked 
| 250|0x00000000efa00000, 0x00000000efa00000, 0x00000000efb00000|  0%| F|  |TAMS 0x00000000efa00000| PB 0x00000000efa00000| Untracked 
| 251|0x00000000efb00000, 0x00000000efb00000, 0x00000000efc00000|  0%| F|  |TAMS 0x00000000efb00000| PB 0x00000000efb00000| Untracked 
| 252|0x00000000efc00000, 0x00000000efc00000, 0x00000000efd00000|  0%| F|  |TAMS 0x00000000efc00000| PB 0x00000000efc00000| Untracked 
| 253|0x00000000efd00000, 0x00000000efd00000, 0x00000000efe00000|  0%| F|  |TAMS 0x00000000efd00000| PB 0x00000000efd00000| Untracked 
| 254|0x00000000efe00000, 0x00000000efe00000, 0x00000000eff00000|  0%| F|  |TAMS 0x00000000efe00000| PB 0x00000000efe00000| Untracked 
| 255|0x00000000eff00000, 0x00000000eff00000, 0x00000000f0000000|  0%| F|  |TAMS 0x00000000eff00000| PB 0x00000000eff00000| Untracked 
| 256|0x00000000f0000000, 0x00000000f0000000, 0x00000000f0100000|  0%| F|  |TAMS 0x00000000f0000000| PB 0x00000000f0000000| Untracked 
| 257|0x00000000f0100000, 0x00000000f0100000, 0x00000000f0200000|  0%| F|  |TAMS 0x00000000f0100000| PB 0x00000000f0100000| Untracked 
| 258|0x00000000f0200000, 0x00000000f0200000, 0x00000000f0300000|  0%| F|  |TAMS 0x00000000f0200000| PB 0x00000000f0200000| Untracked 
| 259|0x00000000f0300000, 0x00000000f0300000, 0x00000000f0400000|  0%| F|  |TAMS 0x00000000f0300000| PB 0x00000000f0300000| Untracked 
| 260|0x00000000f0400000, 0x00000000f0400000, 0x00000000f0500000|  0%| F|  |TAMS 0x00000000f0400000| PB 0x00000000f0400000| Untracked 
| 261|0x00000000f0500000, 0x00000000f0500000, 0x00000000f0600000|  0%| F|  |TAMS 0x00000000f0500000| PB 0x00000000f0500000| Untracked 
| 262|0x00000000f0600000, 0x00000000f0600000, 0x00000000f0700000|  0%| F|  |TAMS 0x00000000f0600000| PB 0x00000000f0600000| Untracked 
| 263|0x00000000f0700000, 0x00000000f0700000, 0x00000000f0800000|  0%| F|  |TAMS 0x00000000f0700000| PB 0x00000000f0700000| Untracked 
| 264|0x00000000f0800000, 0x00000000f0800000, 0x00000000f0900000|  0%| F|  |TAMS 0x00000000f0800000| PB 0x00000000f0800000| Untracked 
| 265|0x00000000f0900000, 0x00000000f0900000, 0x00000000f0a00000|  0%| F|  |TAMS 0x00000000f0900000| PB 0x00000000f0900000| Untracked 
| 266|0x00000000f0a00000, 0x00000000f0a00000, 0x00000000f0b00000|  0%| F|  |TAMS 0x00000000f0a00000| PB 0x00000000f0a00000| Untracked 
| 267|0x00000000f0b00000, 0x00000000f0b00000, 0x00000000f0c00000|  0%| F|  |TAMS 0x00000000f0b00000| PB 0x00000000f0b00000| Untracked 
| 268|0x00000000f0c00000, 0x00000000f0c00000, 0x00000000f0d00000|  0%| F|  |TAMS 0x00000000f0c00000| PB 0x00000000f0c00000| Untracked 
| 269|0x00000000f0d00000, 0x00000000f0d00000, 0x00000000f0e00000|  0%| F|  |TAMS 0x00000000f0d00000| PB 0x00000000f0d00000| Untracked 
| 270|0x00000000f0e00000, 0x00000000f0e00000, 0x00000000f0f00000|  0%| F|  |TAMS 0x00000000f0e00000| PB 0x00000000f0e00000| Untracked 
| 271|0x00000000f0f00000, 0x00000000f0f00000, 0x00000000f1000000|  0%| F|  |TAMS 0x00000000f0f00000| PB 0x00000000f0f00000| Untracked 
| 272|0x00000000f1000000, 0x00000000f1000000, 0x00000000f1100000|  0%| F|  |TAMS 0x00000000f1000000| PB 0x00000000f1000000| Untracked 
| 273|0x00000000f1100000, 0x00000000f1100000, 0x00000000f1200000|  0%| F|  |TAMS 0x00000000f1100000| PB 0x00000000f1100000| Untracked 
| 274|0x00000000f1200000, 0x00000000f1200000, 0x00000000f1300000|  0%| F|  |TAMS 0x00000000f1200000| PB 0x00000000f1200000| Untracked 
| 275|0x00000000f1300000, 0x00000000f1300000, 0x00000000f1400000|  0%| F|  |TAMS 0x00000000f1300000| PB 0x00000000f1300000| Untracked 
| 276|0x00000000f1400000, 0x00000000f1400000, 0x00000000f1500000|  0%| F|  |TAMS 0x00000000f1400000| PB 0x00000000f1400000| Untracked 
| 277|0x00000000f1500000, 0x00000000f1500000, 0x00000000f1600000|  0%| F|  |TAMS 0x00000000f1500000| PB 0x00000000f1500000| Untracked 
| 278|0x00000000f1600000, 0x00000000f1600000, 0x00000000f1700000|  0%| F|  |TAMS 0x00000000f1600000| PB 0x00000000f1600000| Untracked 
| 279|0x00000000f1700000, 0x00000000f1700000, 0x00000000f1800000|  0%| F|  |TAMS 0x00000000f1700000| PB 0x00000000f1700000| Untracked 
| 280|0x00000000f1800000, 0x00000000f1800000, 0x00000000f1900000|  0%| F|  |TAMS 0x00000000f1800000| PB 0x00000000f1800000| Untracked 
| 281|0x00000000f1900000, 0x00000000f1900000, 0x00000000f1a00000|  0%| F|  |TAMS 0x00000000f1900000| PB 0x00000000f1900000| Untracked 
| 282|0x00000000f1a00000, 0x00000000f1a00000, 0x00000000f1b00000|  0%| F|  |TAMS 0x00000000f1a00000| PB 0x00000000f1a00000| Untracked 
| 283|0x00000000f1b00000, 0x00000000f1b00000, 0x00000000f1c00000|  0%| F|  |TAMS 0x00000000f1b00000| PB 0x00000000f1b00000| Untracked 
| 284|0x00000000f1c00000, 0x00000000f1c00000, 0x00000000f1d00000|  0%| F|  |TAMS 0x00000000f1c00000| PB 0x00000000f1c00000| Untracked 
| 285|0x00000000f1d00000, 0x00000000f1d00000, 0x00000000f1e00000|  0%| F|  |TAMS 0x00000000f1d00000| PB 0x00000000f1d00000| Untracked 
| 286|0x00000000f1e00000, 0x00000000f1e00000, 0x00000000f1f00000|  0%| F|  |TAMS 0x00000000f1e00000| PB 0x00000000f1e00000| Untracked 
| 287|0x00000000f1f00000, 0x00000000f1f00000, 0x00000000f2000000|  0%| F|  |TAMS 0x00000000f1f00000| PB 0x00000000f1f00000| Untracked 
| 288|0x00000000f2000000, 0x00000000f2000000, 0x00000000f2100000|  0%| F|  |TAMS 0x00000000f2000000| PB 0x00000000f2000000| Untracked 
| 289|0x00000000f2100000, 0x00000000f2100000, 0x00000000f2200000|  0%| F|  |TAMS 0x00000000f2100000| PB 0x00000000f2100000| Untracked 
| 290|0x00000000f2200000, 0x00000000f2200000, 0x00000000f2300000|  0%| F|  |TAMS 0x00000000f2200000| PB 0x00000000f2200000| Untracked 
| 291|0x00000000f2300000, 0x00000000f2300000, 0x00000000f2400000|  0%| F|  |TAMS 0x00000000f2300000| PB 0x00000000f2300000| Untracked 
| 292|0x00000000f2400000, 0x00000000f2400000, 0x00000000f2500000|  0%| F|  |TAMS 0x00000000f2400000| PB 0x00000000f2400000| Untracked 
| 293|0x00000000f2500000, 0x00000000f2500000, 0x00000000f2600000|  0%| F|  |TAMS 0x00000000f2500000| PB 0x00000000f2500000| Untracked 
| 294|0x00000000f2600000, 0x00000000f2600000, 0x00000000f2700000|  0%| F|  |TAMS 0x00000000f2600000| PB 0x00000000f2600000| Untracked 
| 295|0x00000000f2700000, 0x00000000f2700000, 0x00000000f2800000|  0%| F|  |TAMS 0x00000000f2700000| PB 0x00000000f2700000| Untracked 
| 296|0x00000000f2800000, 0x00000000f2800000, 0x00000000f2900000|  0%| F|  |TAMS 0x00000000f2800000| PB 0x00000000f2800000| Untracked 
| 297|0x00000000f2900000, 0x00000000f2900000, 0x00000000f2a00000|  0%| F|  |TAMS 0x00000000f2900000| PB 0x00000000f2900000| Untracked 
| 298|0x00000000f2a00000, 0x00000000f2a00000, 0x00000000f2b00000|  0%| F|  |TAMS 0x00000000f2a00000| PB 0x00000000f2a00000| Untracked 
| 299|0x00000000f2b00000, 0x00000000f2b00000, 0x00000000f2c00000|  0%| F|  |TAMS 0x00000000f2b00000| PB 0x00000000f2b00000| Untracked 
| 300|0x00000000f2c00000, 0x00000000f2c00000, 0x00000000f2d00000|  0%| F|  |TAMS 0x00000000f2c00000| PB 0x00000000f2c00000| Untracked 
| 301|0x00000000f2d00000, 0x00000000f2d00000, 0x00000000f2e00000|  0%| F|  |TAMS 0x00000000f2d00000| PB 0x00000000f2d00000| Untracked 
| 302|0x00000000f2e00000, 0x00000000f2e00000, 0x00000000f2f00000|  0%| F|  |TAMS 0x00000000f2e00000| PB 0x00000000f2e00000| Untracked 
| 303|0x00000000f2f00000, 0x00000000f2f00000, 0x00000000f3000000|  0%| F|  |TAMS 0x00000000f2f00000| PB 0x00000000f2f00000| Untracked 
| 304|0x00000000f3000000, 0x00000000f3000000, 0x00000000f3100000|  0%| F|  |TAMS 0x00000000f3000000| PB 0x00000000f3000000| Untracked 
| 305|0x00000000f3100000, 0x00000000f3100000, 0x00000000f3200000|  0%| F|  |TAMS 0x00000000f3100000| PB 0x00000000f3100000| Untracked 
| 306|0x00000000f3200000, 0x00000000f3200000, 0x00000000f3300000|  0%| F|  |TAMS 0x00000000f3200000| PB 0x00000000f3200000| Untracked 
| 307|0x00000000f3300000, 0x00000000f3300000, 0x00000000f3400000|  0%| F|  |TAMS 0x00000000f3300000| PB 0x00000000f3300000| Untracked 
| 308|0x00000000f3400000, 0x00000000f3400000, 0x00000000f3500000|  0%| F|  |TAMS 0x00000000f3400000| PB 0x00000000f3400000| Untracked 
| 309|0x00000000f3500000, 0x00000000f3500000, 0x00000000f3600000|  0%| F|  |TAMS 0x00000000f3500000| PB 0x00000000f3500000| Untracked 
| 310|0x00000000f3600000, 0x00000000f3600000, 0x00000000f3700000|  0%| F|  |TAMS 0x00000000f3600000| PB 0x00000000f3600000| Untracked 
| 311|0x00000000f3700000, 0x00000000f3700000, 0x00000000f3800000|  0%| F|  |TAMS 0x00000000f3700000| PB 0x00000000f3700000| Untracked 
| 312|0x00000000f3800000, 0x00000000f3800000, 0x00000000f3900000|  0%| F|  |TAMS 0x00000000f3800000| PB 0x00000000f3800000| Untracked 
| 313|0x00000000f3900000, 0x00000000f3900000, 0x00000000f3a00000|  0%| F|  |TAMS 0x00000000f3900000| PB 0x00000000f3900000| Untracked 
| 314|0x00000000f3a00000, 0x00000000f3a00000, 0x00000000f3b00000|  0%| F|  |TAMS 0x00000000f3a00000| PB 0x00000000f3a00000| Untracked 
| 315|0x00000000f3b00000, 0x00000000f3b00000, 0x00000000f3c00000|  0%| F|  |TAMS 0x00000000f3b00000| PB 0x00000000f3b00000| Untracked 
| 316|0x00000000f3c00000, 0x00000000f3c00000, 0x00000000f3d00000|  0%| F|  |TAMS 0x00000000f3c00000| PB 0x00000000f3c00000| Untracked 
| 317|0x00000000f3d00000, 0x00000000f3d00000, 0x00000000f3e00000|  0%| F|  |TAMS 0x00000000f3d00000| PB 0x00000000f3d00000| Untracked 
| 318|0x00000000f3e00000, 0x00000000f3e00000, 0x00000000f3f00000|  0%| F|  |TAMS 0x00000000f3e00000| PB 0x00000000f3e00000| Untracked 
| 319|0x00000000f3f00000, 0x00000000f3f00000, 0x00000000f4000000|  0%| F|  |TAMS 0x00000000f3f00000| PB 0x00000000f3f00000| Untracked 
| 320|0x00000000f4000000, 0x00000000f4000000, 0x00000000f4100000|  0%| F|  |TAMS 0x00000000f4000000| PB 0x00000000f4000000| Untracked 
| 321|0x00000000f4100000, 0x00000000f4100000, 0x00000000f4200000|  0%| F|  |TAMS 0x00000000f4100000| PB 0x00000000f4100000| Untracked 
| 322|0x00000000f4200000, 0x00000000f4200000, 0x00000000f4300000|  0%| F|  |TAMS 0x00000000f4200000| PB 0x00000000f4200000| Untracked 
| 323|0x00000000f4300000, 0x00000000f4300000, 0x00000000f4400000|  0%| F|  |TAMS 0x00000000f4300000| PB 0x00000000f4300000| Untracked 
| 324|0x00000000f4400000, 0x00000000f4400000, 0x00000000f4500000|  0%| F|  |TAMS 0x00000000f4400000| PB 0x00000000f4400000| Untracked 
| 451|0x00000000fc300000, 0x00000000fc300000, 0x00000000fc400000|  0%| F|  |TAMS 0x00000000fc300000| PB 0x00000000fc300000| Untracked 
| 452|0x00000000fc400000, 0x00000000fc400000, 0x00000000fc500000|  0%| F|  |TAMS 0x00000000fc400000| PB 0x00000000fc400000| Untracked 
| 453|0x00000000fc500000, 0x00000000fc600000, 0x00000000fc600000|100%| O|  |TAMS 0x00000000fc500000| PB 0x00000000fc500000| Untracked 
| 454|0x00000000fc600000, 0x00000000fc700000, 0x00000000fc700000|100%| O|  |TAMS 0x00000000fc600000| PB 0x00000000fc600000| Untracked 
| 455|0x00000000fc700000, 0x00000000fc800000, 0x00000000fc800000|100%| O|  |TAMS 0x00000000fc700000| PB 0x00000000fc700000| Untracked 
| 456|0x00000000fc800000, 0x00000000fc900000, 0x00000000fc900000|100%| O|  |TAMS 0x00000000fc800000| PB 0x00000000fc800000| Untracked 
| 457|0x00000000fc900000, 0x00000000fc900000, 0x00000000fca00000|  0%| F|  |TAMS 0x00000000fc900000| PB 0x00000000fc900000| Untracked 
| 458|0x00000000fca00000, 0x00000000fca00000, 0x00000000fcb00000|  0%| F|  |TAMS 0x00000000fca00000| PB 0x00000000fca00000| Untracked 
| 459|0x00000000fcb00000, 0x00000000fcb00000, 0x00000000fcc00000|  0%| F|  |TAMS 0x00000000fcb00000| PB 0x00000000fcb00000| Untracked 
| 460|0x00000000fcc00000, 0x00000000fcc00000, 0x00000000fcd00000|  0%| F|  |TAMS 0x00000000fcc00000| PB 0x00000000fcc00000| Untracked 
| 461|0x00000000fcd00000, 0x00000000fcd00000, 0x00000000fce00000|  0%| F|  |TAMS 0x00000000fcd00000| PB 0x00000000fcd00000| Untracked 
| 462|0x00000000fce00000, 0x00000000fce00000, 0x00000000fcf00000|  0%| F|  |TAMS 0x00000000fce00000| PB 0x00000000fce00000| Untracked 
| 463|0x00000000fcf00000, 0x00000000fcf00000, 0x00000000fd000000|  0%| F|  |TAMS 0x00000000fcf00000| PB 0x00000000fcf00000| Untracked 
| 464|0x00000000fd000000, 0x00000000fd000000, 0x00000000fd100000|  0%| F|  |TAMS 0x00000000fd000000| PB 0x00000000fd000000| Untracked 
| 465|0x00000000fd100000, 0x00000000fd100000, 0x00000000fd200000|  0%| F|  |TAMS 0x00000000fd100000| PB 0x00000000fd100000| Untracked 
| 466|0x00000000fd200000, 0x00000000fd200000, 0x00000000fd300000|  0%| F|  |TAMS 0x00000000fd200000| PB 0x00000000fd200000| Untracked 
| 467|0x00000000fd300000, 0x00000000fd300000, 0x00000000fd400000|  0%| F|  |TAMS 0x00000000fd300000| PB 0x00000000fd300000| Untracked 
| 468|0x00000000fd400000, 0x00000000fd400000, 0x00000000fd500000|  0%| F|  |TAMS 0x00000000fd400000| PB 0x00000000fd400000| Untracked 
| 469|0x00000000fd500000, 0x00000000fd600000, 0x00000000fd600000|100%| O|  |TAMS 0x00000000fd500000| PB 0x00000000fd500000| Untracked 
| 470|0x00000000fd600000, 0x00000000fd700000, 0x00000000fd700000|100%| O|  |TAMS 0x00000000fd600000| PB 0x00000000fd600000| Untracked 
| 471|0x00000000fd700000, 0x00000000fd700000, 0x00000000fd800000|  0%| F|  |TAMS 0x00000000fd700000| PB 0x00000000fd700000| Untracked 
| 472|0x00000000fd800000, 0x00000000fd900000, 0x00000000fd900000|100%| O|  |TAMS 0x00000000fd800000| PB 0x00000000fd800000| Untracked 
| 473|0x00000000fd900000, 0x00000000fda00000, 0x00000000fda00000|100%| O|  |TAMS 0x00000000fd900000| PB 0x00000000fd900000| Untracked 
| 474|0x00000000fda00000, 0x00000000fdb00000, 0x00000000fdb00000|100%| O|  |TAMS 0x00000000fda00000| PB 0x00000000fda00000| Untracked 
| 475|0x00000000fdb00000, 0x00000000fdc00000, 0x00000000fdc00000|100%| O|  |TAMS 0x00000000fdb00000| PB 0x00000000fdb00000| Untracked 
| 476|0x00000000fdc00000, 0x00000000fdd00000, 0x00000000fdd00000|100%| O|  |TAMS 0x00000000fdc00000| PB 0x00000000fdc00000| Untracked 
| 477|0x00000000fdd00000, 0x00000000fde00000, 0x00000000fde00000|100%| O|  |TAMS 0x00000000fdd00000| PB 0x00000000fdd00000| Untracked 
| 478|0x00000000fde00000, 0x00000000fdf00000, 0x00000000fdf00000|100%| O|  |TAMS 0x00000000fde00000| PB 0x00000000fde00000| Untracked 
| 479|0x00000000fdf00000, 0x00000000fe000000, 0x00000000fe000000|100%| O|  |TAMS 0x00000000fdf00000| PB 0x00000000fdf00000| Untracked 
| 480|0x00000000fe000000, 0x00000000fe000000, 0x00000000fe100000|  0%| F|  |TAMS 0x00000000fe000000| PB 0x00000000fe000000| Untracked 
| 481|0x00000000fe100000, 0x00000000fe100000, 0x00000000fe200000|  0%| F|  |TAMS 0x00000000fe100000| PB 0x00000000fe100000| Untracked 
| 482|0x00000000fe200000, 0x00000000fe200000, 0x00000000fe300000|  0%| F|  |TAMS 0x00000000fe200000| PB 0x00000000fe200000| Untracked 
| 483|0x00000000fe300000, 0x00000000fe300000, 0x00000000fe400000|  0%| F|  |TAMS 0x00000000fe300000| PB 0x00000000fe300000| Untracked 
| 484|0x00000000fe400000, 0x00000000fe400000, 0x00000000fe500000|  0%| F|  |TAMS 0x00000000fe400000| PB 0x00000000fe400000| Untracked 
| 485|0x00000000fe500000, 0x00000000fe500000, 0x00000000fe600000|  0%| F|  |TAMS 0x00000000fe500000| PB 0x00000000fe500000| Untracked 
| 486|0x00000000fe600000, 0x00000000fe600000, 0x00000000fe700000|  0%| F|  |TAMS 0x00000000fe600000| PB 0x00000000fe600000| Untracked 
| 487|0x00000000fe700000, 0x00000000fe700000, 0x00000000fe800000|  0%| F|  |TAMS 0x00000000fe700000| PB 0x00000000fe700000| Untracked 
| 488|0x00000000fe800000, 0x00000000fe800000, 0x00000000fe900000|  0%| F|  |TAMS 0x00000000fe800000| PB 0x00000000fe800000| Untracked 
| 489|0x00000000fe900000, 0x00000000fe900000, 0x00000000fea00000|  0%| F|  |TAMS 0x00000000fe900000| PB 0x00000000fe900000| Untracked 
| 490|0x00000000fea00000, 0x00000000fea00000, 0x00000000feb00000|  0%| F|  |TAMS 0x00000000fea00000| PB 0x00000000fea00000| Untracked 
| 491|0x00000000feb00000, 0x00000000feb00000, 0x00000000fec00000|  0%| F|  |TAMS 0x00000000feb00000| PB 0x00000000feb00000| Untracked 
| 492|0x00000000fec00000, 0x00000000fec00000, 0x00000000fed00000|  0%| F|  |TAMS 0x00000000fec00000| PB 0x00000000fec00000| Untracked 
| 493|0x00000000fed00000, 0x00000000fed00000, 0x00000000fee00000|  0%| F|  |TAMS 0x00000000fed00000| PB 0x00000000fed00000| Untracked 
| 494|0x00000000fee00000, 0x00000000fee00000, 0x00000000fef00000|  0%| F|  |TAMS 0x00000000fee00000| PB 0x00000000fee00000| Untracked 
| 495|0x00000000fef00000, 0x00000000fef00000, 0x00000000ff000000|  0%| F|  |TAMS 0x00000000fef00000| PB 0x00000000fef00000| Untracked 
| 496|0x00000000ff000000, 0x00000000ff000000, 0x00000000ff100000|  0%| F|  |TAMS 0x00000000ff000000| PB 0x00000000ff000000| Untracked 
| 497|0x00000000ff100000, 0x00000000ff100000, 0x00000000ff200000|  0%| F|  |TAMS 0x00000000ff100000| PB 0x00000000ff100000| Untracked 
| 498|0x00000000ff200000, 0x00000000ff200000, 0x00000000ff300000|  0%| F|  |TAMS 0x00000000ff200000| PB 0x00000000ff200000| Untracked 
| 499|0x00000000ff300000, 0x00000000ff300000, 0x00000000ff400000|  0%| F|  |TAMS 0x00000000ff300000| PB 0x00000000ff300000| Untracked 
| 500|0x00000000ff400000, 0x00000000ff400000, 0x00000000ff500000|  0%| F|  |TAMS 0x00000000ff400000| PB 0x00000000ff400000| Untracked 
| 501|0x00000000ff500000, 0x00000000ff500000, 0x00000000ff600000|  0%| F|  |TAMS 0x00000000ff500000| PB 0x00000000ff500000| Untracked 
| 502|0x00000000ff600000, 0x00000000ff600000, 0x00000000ff700000|  0%| F|  |TAMS 0x00000000ff600000| PB 0x00000000ff600000| Untracked 
| 503|0x00000000ff700000, 0x00000000ff700000, 0x00000000ff800000|  0%| F|  |TAMS 0x00000000ff700000| PB 0x00000000ff700000| Untracked 
| 504|0x00000000ff800000, 0x00000000ff800000, 0x00000000ff900000|  0%| F|  |TAMS 0x00000000ff800000| PB 0x00000000ff800000| Untracked 
| 505|0x00000000ff900000, 0x00000000ff900000, 0x00000000ffa00000|  0%| F|  |TAMS 0x00000000ff900000| PB 0x00000000ff900000| Untracked 
| 506|0x00000000ffa00000, 0x00000000ffa00000, 0x00000000ffb00000|  0%| F|  |TAMS 0x00000000ffa00000| PB 0x00000000ffa00000| Untracked 
| 507|0x00000000ffb00000, 0x00000000ffb00000, 0x00000000ffc00000|  0%| F|  |TAMS 0x00000000ffb00000| PB 0x00000000ffb00000| Untracked 
| 508|0x00000000ffc00000, 0x00000000ffc00000, 0x00000000ffd00000|  0%| F|  |TAMS 0x00000000ffc00000| PB 0x00000000ffc00000| Untracked 
| 509|0x00000000ffd00000, 0x00000000ffd00000, 0x00000000ffe00000|  0%| F|  |TAMS 0x00000000ffd00000| PB 0x00000000ffd00000| Untracked 
| 510|0x00000000ffe00000, 0x00000000ffe00000, 0x00000000fff00000|  0%| F|  |TAMS 0x00000000ffe00000| PB 0x00000000ffe00000| Untracked 
| 511|0x00000000fff00000, 0x00000000fff00000, 0x0000000100000000|  0%| F|  |TAMS 0x00000000fff00000| PB 0x00000000fff00000| Untracked 

Card table byte_map: [0x000002cca5b20000,0x000002cca5c20000] _byte_map_base: 0x000002cca5420000

Marking Bits: (CMBitMap*) 0x000002cc932fc2d0
 Bits: [0x000002cca5c20000, 0x000002cca6420000)

Polling page: 0x000002cc91130000

Metaspace:

Usage:
  Non-class:     58.40 MB used.
      Class:      8.92 MB used.
       Both:     67.32 MB used.

Virtual space:
  Non-class space:       64.00 MB reserved,      59.94 MB ( 94%) committed,  1 nodes.
      Class space:      320.00 MB reserved,      10.25 MB (  3%) committed,  1 nodes.
             Both:      384.00 MB reserved,      70.19 MB ( 18%) committed. 

Chunk freelists:
   Non-Class:  5.20 MB
       Class:  6.65 MB
        Both:  11.85 MB

MaxMetaspaceSize: 384.00 MB
CompressedClassSpaceSize: 320.00 MB
Initial GC threshold: 21.00 MB
Current GC threshold: 117.00 MB
CDS: on
 - commit_granule_bytes: 65536.
 - commit_granule_words: 8192.
 - virtual_space_node_default_size: 8388608.
 - enlarge_chunks_in_place: 1.
 - use_allocation_guard: 0.


Internal statistics:

num_allocs_failed_limit: 15.
num_arena_births: 3174.
num_arena_deaths: 1990.
num_vsnodes_births: 2.
num_vsnodes_deaths: 0.
num_space_committed: 1123.
num_space_uncommitted: 0.
num_chunks_returned_to_freelist: 2279.
num_chunks_taken_from_freelist: 6293.
num_chunk_merges: 828.
num_chunk_splits: 3930.
num_chunks_enlarged: 2465.
num_inconsistent_stats: 0.

CodeHeap 'non-profiled nmethods': size=120000Kb used=5515Kb max_used=10452Kb free=114484Kb
 bounds [0x000002cc9dfa0000, 0x000002cc9e9e0000, 0x000002cca54d0000]
CodeHeap 'profiled nmethods': size=120000Kb used=6059Kb max_used=20158Kb free=113940Kb
 bounds [0x000002cc964d0000, 0x000002cc97880000, 0x000002cc9da00000]
CodeHeap 'non-nmethods': size=5760Kb used=2682Kb max_used=2760Kb free=3077Kb
 bounds [0x000002cc9da00000, 0x000002cc9dcd0000, 0x000002cc9dfa0000]
CodeCache: size=245760Kb, used=14256Kb, max_used=33370Kb, free=231501Kb
 total_blobs=4957, nmethods=4017, adapters=843, full_count=0
Compilation: enabled, stopped_count=0, restarted_count=0

Compilation events (20 events):
Event: 789.558 Thread 0x000002cca90fe8c0 nmethod 18408 0x000002cc967c7590 code [0x000002cc967c7740, 0x000002cc967c78f8]
Event: 789.565 Thread 0x000002cca90fe8c0 18409       3       org.gradle.api.internal.initialization.transform.ExternalDependencyInstrumentingArtifactTransform$Inject1::$gradleInitWork (19 bytes)
Event: 789.566 Thread 0x000002cca90fe8c0 nmethod 18409 0x000002cc967c1610 code [0x000002cc967c1820, 0x000002cc967c1f98]
Event: 789.583 Thread 0x000002ccc47797c0 nmethod 18391% 0x000002cc9e3e5210 code [0x000002cc9e3e55e0, 0x000002cc9e3e7238]
Event: 789.610 Thread 0x000002ccc7c15ed0 18411   !   4       org.gradle.cache.internal.DefaultFileLockManager$DefaultFileLock::doWriteAction (66 bytes)
Event: 789.630 Thread 0x000002ccc47797c0 18412 %     4       com.esotericsoftware.kryo.io.Input::readUtf8 @ 30 (90 bytes)
Event: 789.634 Thread 0x000002cca90fdcf0 18413       4       com.esotericsoftware.kryo.io.Input::readUtf8Length (139 bytes)
Event: 789.637 Thread 0x000002cca90fdcf0 nmethod 18413 0x000002cc9e796290 code [0x000002cc9e796420, 0x000002cc9e7965c0]
Event: 789.643 Thread 0x000002ccc47797c0 nmethod 18412% 0x000002cc9e128010 code [0x000002cc9e1281c0, 0x000002cc9e128640]
Event: 789.662 Thread 0x000002cca90fe8c0 18414       3       org.gradle.api.internal.provider.AbstractMinimalProvider::asSupplier (96 bytes)
Event: 789.663 Thread 0x000002cca90fe8c0 nmethod 18414 0x000002cc966f5490 code [0x000002cc966f5840, 0x000002cc966f72e8]
Event: 789.679 Thread 0x000002cca90fe8c0 18415       3       java.util.HashMap::getOrDefault (19 bytes)
Event: 789.680 Thread 0x000002cca90fe8c0 nmethod 18415 0x000002cc967e7810 code [0x000002cc967e79c0, 0x000002cc967e7b58]
Event: 789.684 Thread 0x000002ccc47797c0 18416       4       org.gradle.internal.Try::successful (9 bytes)
Event: 789.684 Thread 0x000002cca90fdcf0 18417       4       com.google.common.collect.ImmutableSortedMap::get (27 bytes)
Event: 789.687 Thread 0x000002ccc47797c0 nmethod 18416 0x000002cc9e49ed10 code [0x000002cc9e49eea0, 0x000002cc9e49f078]
Event: 789.687 Thread 0x000002cca90fdcf0 nmethod 18417 0x000002cc9e0f1090 code [0x000002cc9e0f1240, 0x000002cc9e0f13d0]
Event: 789.703 Thread 0x000002ccc47797c0 18418       4       org.gradle.internal.snapshot.AbstractFileSystemLocationSnapshot::relocate (72 bytes)
Event: 789.706 Thread 0x000002cca90fdcf0 18419       4       org.gradle.cache.internal.filelock.DefaultLockStateSerializer$SequenceNumberLockState::beforeUpdate (17 bytes)
Event: 789.708 Thread 0x000002cca90fdcf0 nmethod 18419 0x000002cc9e7a7510 code [0x000002cc9e7a76a0, 0x000002cc9e7a77a8]

GC Heap History (20 events):
Event: 787.044 GC heap after
{Heap after GC invocations=88 (full 0):
 garbage-first heap   total 347136K, used 153109K [0x00000000e0000000, 0x0000000100000000)
  region size 1024K, 8 young (8192K), 8 survivors (8192K)
 Metaspace       used 68888K, committed 71872K, reserved 393216K
  class space    used 9132K, committed 10496K, reserved 327680K
}
Event: 787.249 GC heap before
{Heap before GC invocations=88 (full 0):
 garbage-first heap   total 347136K, used 315925K [0x00000000e0000000, 0x0000000100000000)
  region size 1024K, 168 young (172032K), 8 survivors (8192K)
 Metaspace       used 68888K, committed 71872K, reserved 393216K
  class space    used 9132K, committed 10496K, reserved 327680K
}
Event: 787.255 GC heap after
{Heap after GC invocations=89 (full 0):
 garbage-first heap   total 347136K, used 154138K [0x00000000e0000000, 0x0000000100000000)
  region size 1024K, 9 young (9216K), 9 survivors (9216K)
 Metaspace       used 68888K, committed 71872K, reserved 393216K
  class space    used 9132K, committed 10496K, reserved 327680K
}
Event: 787.514 GC heap before
{Heap before GC invocations=89 (full 0):
 garbage-first heap   total 347136K, used 320026K [0x00000000e0000000, 0x0000000100000000)
  region size 1024K, 172 young (176128K), 9 survivors (9216K)
 Metaspace       used 68891K, committed 71872K, reserved 393216K
  class space    used 9132K, committed 10496K, reserved 327680K
}
Event: 787.521 GC heap after
{Heap after GC invocations=90 (full 0):
 garbage-first heap   total 347136K, used 155523K [0x00000000e0000000, 0x0000000100000000)
  region size 1024K, 10 young (10240K), 10 survivors (10240K)
 Metaspace       used 68891K, committed 71872K, reserved 393216K
  class space    used 9132K, committed 10496K, reserved 327680K
}
Event: 787.762 GC heap before
{Heap before GC invocations=91 (full 0):
 garbage-first heap   total 347136K, used 325507K [0x00000000e0000000, 0x0000000100000000)
  region size 1024K, 176 young (180224K), 10 survivors (10240K)
 Metaspace       used 68895K, committed 71872K, reserved 393216K
  class space    used 9132K, committed 10496K, reserved 327680K
}
Event: 787.770 GC heap after
{Heap after GC invocations=92 (full 0):
 garbage-first heap   total 347136K, used 156945K [0x00000000e0000000, 0x0000000100000000)
  region size 1024K, 12 young (12288K), 12 survivors (12288K)
 Metaspace       used 68895K, committed 71872K, reserved 393216K
  class space    used 9132K, committed 10496K, reserved 327680K
}
Event: 787.951 GC heap before
{Heap before GC invocations=92 (full 0):
 garbage-first heap   total 347136K, used 326929K [0x00000000e0000000, 0x0000000100000000)
  region size 1024K, 179 young (183296K), 12 survivors (12288K)
 Metaspace       used 68896K, committed 71872K, reserved 393216K
  class space    used 9132K, committed 10496K, reserved 327680K
}
Event: 788.066 GC heap after
{Heap after GC invocations=93 (full 0):
 garbage-first heap   total 347136K, used 151320K [0x00000000e0000000, 0x0000000100000000)
  region size 1024K, 11 young (11264K), 11 survivors (11264K)
 Metaspace       used 68896K, committed 71872K, reserved 393216K
  class space    used 9132K, committed 10496K, reserved 327680K
}
Event: 788.547 GC heap before
{Heap before GC invocations=93 (full 0):
 garbage-first heap   total 347136K, used 327448K [0x00000000e0000000, 0x0000000100000000)
  region size 1024K, 184 young (188416K), 11 survivors (11264K)
 Metaspace       used 68916K, committed 71872K, reserved 393216K
  class space    used 9133K, committed 10496K, reserved 327680K
}
Event: 789.152 GC heap after
{Heap after GC invocations=94 (full 0):
 garbage-first heap   total 395264K, used 147224K [0x00000000e0000000, 0x0000000100000000)
  region size 1024K, 8 young (8192K), 8 survivors (8192K)
 Metaspace       used 68916K, committed 71872K, reserved 393216K
  class space    used 9133K, committed 10496K, reserved 327680K
}
Event: 789.185 GC heap before
{Heap before GC invocations=94 (full 0):
 garbage-first heap   total 395264K, used 158488K [0x00000000e0000000, 0x0000000100000000)
  region size 1024K, 19 young (19456K), 8 survivors (8192K)
 Metaspace       used 68921K, committed 71872K, reserved 393216K
  class space    used 9133K, committed 10496K, reserved 327680K
}
Event: 789.191 GC heap after
{Heap after GC invocations=95 (full 0):
 garbage-first heap   total 395264K, used 147877K [0x00000000e0000000, 0x0000000100000000)
  region size 1024K, 2 young (2048K), 2 survivors (2048K)
 Metaspace       used 68921K, committed 71872K, reserved 393216K
  class space    used 9133K, committed 10496K, reserved 327680K
}
Event: 789.243 GC heap before
{Heap before GC invocations=95 (full 0):
 garbage-first heap   total 395264K, used 165285K [0x00000000e0000000, 0x0000000100000000)
  region size 1024K, 19 young (19456K), 2 survivors (2048K)
 Metaspace       used 68924K, committed 71872K, reserved 393216K
  class space    used 9133K, committed 10496K, reserved 327680K
}
Event: 789.247 GC heap after
{Heap after GC invocations=96 (full 0):
 garbage-first heap   total 395264K, used 148492K [0x00000000e0000000, 0x0000000100000000)
  region size 1024K, 3 young (3072K), 3 survivors (3072K)
 Metaspace       used 68924K, committed 71872K, reserved 393216K
  class space    used 9133K, committed 10496K, reserved 327680K
}
Event: 789.410 GC heap before
{Heap before GC invocations=97 (full 0):
 garbage-first heap   total 395264K, used 226316K [0x00000000e0000000, 0x0000000100000000)
  region size 1024K, 80 young (81920K), 3 survivors (3072K)
 Metaspace       used 68926K, committed 71872K, reserved 393216K
  class space    used 9133K, committed 10496K, reserved 327680K
}
Event: 789.423 GC heap after
{Heap after GC invocations=98 (full 0):
 garbage-first heap   total 395264K, used 161458K [0x00000000e0000000, 0x0000000100000000)
  region size 1024K, 10 young (10240K), 10 survivors (10240K)
 Metaspace       used 68926K, committed 71872K, reserved 393216K
  class space    used 9133K, committed 10496K, reserved 327680K
}
Event: 789.439 GC heap before
{Heap before GC invocations=98 (full 0):
 garbage-first heap   total 395264K, used 171698K [0x00000000e0000000, 0x0000000100000000)
  region size 1024K, 19 young (19456K), 10 survivors (10240K)
 Metaspace       used 68926K, committed 71872K, reserved 393216K
  class space    used 9133K, committed 10496K, reserved 327680K
}
Event: 789.450 GC heap after
{Heap after GC invocations=99 (full 0):
 garbage-first heap   total 395264K, used 164731K [0x00000000e0000000, 0x0000000100000000)
  region size 1024K, 2 young (2048K), 2 survivors (2048K)
 Metaspace       used 68926K, committed 71872K, reserved 393216K
  class space    used 9133K, committed 10496K, reserved 327680K
}
Event: 789.711 GC heap before
{Heap before GC invocations=99 (full 0):
 garbage-first heap   total 395264K, used 300923K [0x00000000e0000000, 0x0000000100000000)
  region size 1024K, 132 young (135168K), 2 survivors (2048K)
 Metaspace       used 68938K, committed 71872K, reserved 393216K
  class space    used 9133K, committed 10496K, reserved 327680K
}

Dll operation events (14 events):
Event: 0.019 Loaded shared library C:\Users\Aman Singh\.vscode\extensions\redhat.java-1.54.0-win32-x64\jre\21.0.10-win32-x86_64\bin\java.dll
Event: 0.135 Loaded shared library C:\Users\Aman Singh\.vscode\extensions\redhat.java-1.54.0-win32-x64\jre\21.0.10-win32-x86_64\bin\zip.dll
Event: 0.176 Loaded shared library C:\Users\Aman Singh\.vscode\extensions\redhat.java-1.54.0-win32-x64\jre\21.0.10-win32-x86_64\bin\instrument.dll
Event: 0.187 Loaded shared library C:\Users\Aman Singh\.vscode\extensions\redhat.java-1.54.0-win32-x64\jre\21.0.10-win32-x86_64\bin\net.dll
Event: 0.192 Loaded shared library C:\Users\Aman Singh\.vscode\extensions\redhat.java-1.54.0-win32-x64\jre\21.0.10-win32-x86_64\bin\nio.dll
Event: 0.198 Loaded shared library C:\Users\Aman Singh\.vscode\extensions\redhat.java-1.54.0-win32-x64\jre\21.0.10-win32-x86_64\bin\zip.dll
Event: 0.566 Loaded shared library C:\Users\Aman Singh\.vscode\extensions\redhat.java-1.54.0-win32-x64\jre\21.0.10-win32-x86_64\bin\jimage.dll
Event: 0.832 Loaded shared library C:\Users\Aman Singh\.vscode\extensions\redhat.java-1.54.0-win32-x64\jre\21.0.10-win32-x86_64\bin\verify.dll
Event: 1.097 Loaded shared library C:\Users\Aman Singh\.gradle\native\c067742578af261105cb4f569cf0c3c89f3d7b1fecec35dd04571415982c5e48\windows-amd64\native-platform.dll
Event: 1.447 Loaded shared library C:\Users\Aman Singh\.gradle\native\100fb08df4bc3b14c8652ba06237920a3bd2aa13389f12d3474272988ae205f9\windows-amd64\native-platform-file-events.dll
Event: 4.036 Loaded shared library C:\Users\Aman Singh\.vscode\extensions\redhat.java-1.54.0-win32-x64\jre\21.0.10-win32-x86_64\bin\management.dll
Event: 4.168 Loaded shared library C:\Users\Aman Singh\.vscode\extensions\redhat.java-1.54.0-win32-x64\jre\21.0.10-win32-x86_64\bin\management_ext.dll
Event: 4.620 Loaded shared library C:\Users\Aman Singh\.vscode\extensions\redhat.java-1.54.0-win32-x64\jre\21.0.10-win32-x86_64\bin\extnet.dll
Event: 5.393 Loaded shared library C:\Users\Aman Singh\.vscode\extensions\redhat.java-1.54.0-win32-x64\jre\21.0.10-win32-x86_64\bin\sunmscapi.dll

Deoptimization events (20 events):
Event: 789.454 Thread 0x000002cca93df760 Uncommon trap: trap_request=0xffffffbe fr.pc=0x000002cc9e2268c0 relative=0x0000000000001b80
Event: 789.454 Thread 0x000002cca93df760 Uncommon trap: reason=profile_predicate action=maybe_recompile pc=0x000002cc9e2268c0 method=com.google.common.collect.MapMakerInternalMap$Segment.expand()V @ 56 c2
Event: 789.454 Thread 0x000002cca93df760 DEOPT PACKING pc=0x000002cc9e2268c0 sp=0x000000f62c0fa8f0
Event: 789.454 Thread 0x000002cca93df760 DEOPT UNPACKING pc=0x000002cc9da54422 sp=0x000000f62c0fa898 mode 2
Event: 789.454 Thread 0x000002cca93df760 Uncommon trap: trap_request=0xffffffbe fr.pc=0x000002cc9e2268c0 relative=0x0000000000001b80
Event: 789.454 Thread 0x000002cca93df760 Uncommon trap: reason=profile_predicate action=maybe_recompile pc=0x000002cc9e2268c0 method=com.google.common.collect.MapMakerInternalMap$Segment.expand()V @ 56 c2
Event: 789.454 Thread 0x000002cca93df760 DEOPT PACKING pc=0x000002cc9e2268c0 sp=0x000000f62c0fa8f0
Event: 789.454 Thread 0x000002cca93df760 DEOPT UNPACKING pc=0x000002cc9da54422 sp=0x000000f62c0fa898 mode 2
Event: 789.480 Thread 0x000002ccc7eca000 Uncommon trap: trap_request=0xffffffde fr.pc=0x000002cc9dfb4ac0 relative=0x0000000000000180
Event: 789.480 Thread 0x000002ccc7eca000 Uncommon trap: reason=class_check action=maybe_recompile pc=0x000002cc9dfb4ac0 method=java.util.concurrent.ConcurrentHashMap$ForwardingNode.find(ILjava/lang/Object;)Ljava/util/concurrent/ConcurrentHashMap$Node; @ 87 c2
Event: 789.480 Thread 0x000002ccc7eca000 DEOPT PACKING pc=0x000002cc9dfb4ac0 sp=0x000000f62c6fe120
Event: 789.480 Thread 0x000002ccc7eca000 DEOPT UNPACKING pc=0x000002cc9da54422 sp=0x000000f62c6fe0a0 mode 2
Event: 789.517 Thread 0x000002cca93df760 Uncommon trap: trap_request=0xffffff45 fr.pc=0x000002cc9e761db8 relative=0x0000000000000ab8
Event: 789.517 Thread 0x000002cca93df760 Uncommon trap: reason=unstable_if action=reinterpret pc=0x000002cc9e761db8 method=com.google.common.collect.Sets$1$1.computeNext()Ljava/lang/Object; @ 57 c2
Event: 789.517 Thread 0x000002cca93df760 DEOPT PACKING pc=0x000002cc9e761db8 sp=0x000000f62c0fb3d0
Event: 789.517 Thread 0x000002cca93df760 DEOPT UNPACKING pc=0x000002cc9da54422 sp=0x000000f62c0fb3b0 mode 2
Event: 789.653 Thread 0x000002ccc7ce6170 Uncommon trap: trap_request=0xffffffde fr.pc=0x000002cc9dfb4ac0 relative=0x0000000000000180
Event: 789.653 Thread 0x000002ccc7ce6170 Uncommon trap: reason=class_check action=maybe_recompile pc=0x000002cc9dfb4ac0 method=java.util.concurrent.ConcurrentHashMap$ForwardingNode.find(ILjava/lang/Object;)Ljava/util/concurrent/ConcurrentHashMap$Node; @ 87 c2
Event: 789.654 Thread 0x000002ccc7ce6170 DEOPT PACKING pc=0x000002cc9dfb4ac0 sp=0x000000f62c7fe2b0
Event: 789.654 Thread 0x000002ccc7ce6170 DEOPT UNPACKING pc=0x000002cc9da54422 sp=0x000000f62c7fe230 mode 2

Classes loaded (20 events):
Event: 110.824 Loading class org/xml/sax/ContentHandler
Event: 110.825 Loading class org/xml/sax/ContentHandler done
Event: 110.825 Loading class org/xml/sax/DTDHandler
Event: 110.825 Loading class org/xml/sax/DTDHandler done
Event: 110.836 Loading class java/util/Spliterators$IntArraySpliterator
Event: 110.836 Loading class java/util/Spliterators$IntArraySpliterator done
Event: 110.850 Loading class java/text/CharacterIterator
Event: 110.851 Loading class java/text/CharacterIterator done
Event: 110.853 Loading class java/text/StringCharacterIterator
Event: 110.854 Loading class java/text/StringCharacterIterator done
Event: 110.933 Loading class jdk/internal/reflect/DirectMethodHandleAccessor$NativeAccessor
Event: 110.934 Loading class jdk/internal/reflect/DirectMethodHandleAccessor$NativeAccessor done
Event: 110.958 Loading class java/lang/invoke/WrongMethodTypeException
Event: 110.959 Loading class java/lang/invoke/WrongMethodTypeException done
Event: 735.844 Loading class java/util/Collections$ReverseComparator
Event: 735.845 Loading class java/util/Collections$ReverseComparator done
Event: 735.845 Loading class java/util/Comparators$NaturalOrderComparator
Event: 735.845 Loading class java/util/Comparators$NaturalOrderComparator done
Event: 735.845 Loading class java/util/Collections$ReverseComparator2
Event: 735.845 Loading class java/util/Collections$ReverseComparator2 done

Classes unloaded (20 events):
Event: 779.045 Thread 0x000002cca90cc7e0 Unloading class 0x000002ccaba25000 'java/lang/invoke/LambdaForm$MH+0x000002ccaba25000'
Event: 779.045 Thread 0x000002cca90cc7e0 Unloading class 0x000002ccaba24c00 'java/lang/invoke/LambdaForm$MH+0x000002ccaba24c00'
Event: 779.045 Thread 0x000002cca90cc7e0 Unloading class 0x000002ccaba24800 'java/lang/invoke/LambdaForm$MH+0x000002ccaba24800'
Event: 779.045 Thread 0x000002cca90cc7e0 Unloading class 0x000002ccaba24400 'java/lang/invoke/LambdaForm$MH+0x000002ccaba24400'
Event: 779.045 Thread 0x000002cca90cc7e0 Unloading class 0x000002ccaba24000 'java/lang/invoke/LambdaForm$MH+0x000002ccaba24000'
Event: 779.045 Thread 0x000002cca90cc7e0 Unloading class 0x000002ccaba03bd0 '_BuildScript_$_run_closure2'
Event: 779.045 Thread 0x000002cca90cc7e0 Unloading class 0x000002ccaba037e0 '_BuildScript_$_run_closure1$_closure4'
Event: 779.045 Thread 0x000002cca90cc7e0 Unloading class 0x000002ccaba033f0 '_BuildScript_$_run_closure1$_closure3'
Event: 779.045 Thread 0x000002cca90cc7e0 Unloading class 0x000002ccaba03000 '_BuildScript_$_run_closure1'
Event: 779.045 Thread 0x000002cca90cc7e0 Unloading class 0x000002ccaba02800 '_BuildScript_'
Event: 779.045 Thread 0x000002cca90cc7e0 Unloading class 0x000002ccaba0ac00 'java/lang/invoke/LambdaForm$MH+0x000002ccaba0ac00'
Event: 779.045 Thread 0x000002cca90cc7e0 Unloading class 0x000002ccaba0a000 'java/lang/invoke/LambdaForm$MH+0x000002ccaba0a000'
Event: 779.045 Thread 0x000002cca90cc7e0 Unloading class 0x000002ccab9d5400 'jdk/internal/reflect/GeneratedSerializationConstructorAccessor7'
Event: 779.045 Thread 0x000002cca90cc7e0 Unloading class 0x000002ccab9d5000 'jdk/internal/reflect/GeneratedSerializationConstructorAccessor6'
Event: 779.045 Thread 0x000002cca90cc7e0 Unloading class 0x000002ccab9d4c00 'jdk/internal/reflect/GeneratedSerializationConstructorAccessor5'
Event: 779.045 Thread 0x000002cca90cc7e0 Unloading class 0x000002ccab9d4800 'jdk/internal/reflect/GeneratedSerializationConstructorAccessor4'
Event: 780.111 Thread 0x000002cca90cc7e0 Unloading class 0x000002ccab9bc000 '_BuildScript_$_run_closure1$_closure3'
Event: 780.111 Thread 0x000002cca90cc7e0 Unloading class 0x000002ccab9d5bf0 '_BuildScript_$_run_closure1$_closure2'
Event: 780.111 Thread 0x000002cca90cc7e0 Unloading class 0x000002ccab9d5800 '_BuildScript_$_run_closure1'
Event: 780.111 Thread 0x000002cca90cc7e0 Unloading class 0x000002ccaba02000 '_BuildScript_'

Classes redefined (0 events):
No events

Internal exceptions (20 events):
Event: 787.620 Thread 0x000002ccc7ce3380 Exception <a 'sun/nio/fs/WindowsException'{0x00000000ef981f40}> (0x00000000ef981f40) 
thrown [s\src\hotspot\share\prims\jni.cpp, line 520]
Event: 787.642 Thread 0x000002ccc7ce6170 Exception <a 'sun/nio/fs/WindowsException'{0x00000000ef3a7730}> (0x00000000ef3a7730) 
thrown [s\src\hotspot\share\prims\jni.cpp, line 520]
Event: 787.805 Thread 0x000002ccc7ec92e0 Exception <a 'sun/nio/fs/WindowsException'{0x00000000fe4865a8}> (0x00000000fe4865a8) 
thrown [s\src\hotspot\share\prims\jni.cpp, line 520]
Event: 788.166 Thread 0x000002ccc7ce3380 Exception <a 'sun/nio/fs/WindowsException'{0x00000000fcb209a8}> (0x00000000fcb209a8) 
thrown [s\src\hotspot\share\prims\jni.cpp, line 520]
Event: 788.255 Thread 0x000002ccc7eca000 Exception <a 'sun/nio/fs/WindowsException'{0x00000000ef02c2a0}> (0x00000000ef02c2a0) 
thrown [s\src\hotspot\share\prims\jni.cpp, line 520]
Event: 788.382 Thread 0x000002ccc41fc420 Exception <a 'sun/nio/fs/WindowsException'{0x00000000ecc03c60}> (0x00000000ecc03c60) 
thrown [s\src\hotspot\share\prims\jni.cpp, line 520]
Event: 788.464 Thread 0x000002ccc41fb700 Exception <a 'sun/nio/fs/WindowsException'{0x00000000eae16700}> (0x00000000eae16700) 
thrown [s\src\hotspot\share\prims\jni.cpp, line 520]
Event: 788.542 Thread 0x000002ccc7ec92e0 Exception <a 'sun/nio/fs/WindowsException'{0x00000000e9b0e8c0}> (0x00000000e9b0e8c0) 
thrown [s\src\hotspot\share\prims\jni.cpp, line 520]
Event: 789.223 Thread 0x000002ccc7eca000 Exception <a 'sun/nio/fs/WindowsException'{0x00000000ffb3aab8}> (0x00000000ffb3aab8) 
thrown [s\src\hotspot\share\prims\jni.cpp, line 520]
Event: 789.231 Thread 0x000002ccc7ce6170 Exception <a 'sun/nio/fs/WindowsException'{0x00000000ff5c4e18}> (0x00000000ff5c4e18) 
thrown [s\src\hotspot\share\prims\jni.cpp, line 520]
Event: 789.276 Thread 0x000002ccc7d52a50 Exception <a 'sun/nio/fs/WindowsException'{0x00000000feea9d78}> (0x00000000feea9d78) 
thrown [s\src\hotspot\share\prims\jni.cpp, line 520]
Event: 789.369 Thread 0x000002cca93dfdf0 Exception <a 'sun/nio/fs/WindowsException'{0x00000000f2fb9210}> (0x00000000f2fb9210) 
thrown [s\src\hotspot\share\prims\jni.cpp, line 520]
Event: 789.430 Thread 0x000002ccc7ce3380 Exception <a 'sun/nio/fs/WindowsException'{0x00000000ffd92038}> (0x00000000ffd92038) 
thrown [s\src\hotspot\share\prims\jni.cpp, line 520]
Event: 789.508 Thread 0x000002ccc41fb070 Exception <a 'sun/nio/fs/WindowsException'{0x00000000fe2d5580}> (0x00000000fe2d5580) 
thrown [s\src\hotspot\share\prims\jni.cpp, line 520]
Event: 789.544 Thread 0x000002ccc41fb700 Exception <a 'sun/nio/fs/WindowsException'{0x00000000f3ce62d0}> (0x00000000f3ce62d0) 
thrown [s\src\hotspot\share\prims\jni.cpp, line 520]
Event: 789.548 Thread 0x000002ccc41fc420 Exception <a 'sun/nio/fs/WindowsException'{0x00000000f3a5e168}> (0x00000000f3a5e168) 
thrown [s\src\hotspot\share\prims\jni.cpp, line 520]
Event: 789.643 Thread 0x000002cca93df760 Exception <a 'sun/nio/fs/WindowsException'{0x00000000f0912c80}> (0x00000000f0912c80) 
thrown [s\src\hotspot\share\prims\jni.cpp, line 520]
Event: 789.666 Thread 0x000002ccc7ce6170 Exception <a 'sun/nio/fs/WindowsException'{0x00000000f0004be8}> (0x00000000f0004be8) 
thrown [s\src\hotspot\share\prims\jni.cpp, line 520]
Event: 789.668 Thread 0x000002ccc7ec92e0 Exception <a 'sun/nio/fs/WindowsException'{0x00000000f00213e0}> (0x00000000f00213e0) 
thrown [s\src\hotspot\share\prims\jni.cpp, line 520]
Event: 789.700 Thread 0x000002ccc7eca000 Exception <a 'sun/nio/fs/WindowsException'{0x00000000ef4aa4c8}> (0x00000000ef4aa4c8) 
thrown [s\src\hotspot\share\prims\jni.cpp, line 520]

ZGC Phase Switch (0 events):
No events

VM Operations (20 events):
Event: 788.066 Executing safepoint VM operation: G1CollectForAllocation (G1 Evacuation Pause) done
Event: 788.542 Executing safepoint VM operation: G1CollectForAllocation (G1 Evacuation Pause)
Event: 788.542 Executing safepoint VM operation: G1CollectForAllocation (G1 Evacuation Pause) done
Event: 788.547 Executing safepoint VM operation: G1CollectForAllocation (GCLocker Initiated GC)
Event: 789.152 Executing safepoint VM operation: G1CollectForAllocation (GCLocker Initiated GC) done
Event: 789.185 Executing safepoint VM operation: G1CollectForAllocation (G1 Evacuation Pause)
Event: 789.192 Executing safepoint VM operation: G1CollectForAllocation (G1 Evacuation Pause) done
Event: 789.243 Executing safepoint VM operation: G1CollectForAllocation (G1 Evacuation Pause)
Event: 789.247 Executing safepoint VM operation: G1CollectForAllocation (G1 Evacuation Pause) done
Event: 789.316 Executing safepoint VM operation: G1PauseRemark
Event: 789.322 Executing safepoint VM operation: G1PauseRemark done
Event: 789.398 Executing safepoint VM operation: G1PauseCleanup
Event: 789.406 Executing safepoint VM operation: G1PauseCleanup done
Event: 789.410 Executing safepoint VM operation: G1CollectForAllocation (G1 Evacuation Pause)
Event: 789.423 Executing safepoint VM operation: G1CollectForAllocation (G1 Evacuation Pause) done
Event: 789.438 Executing safepoint VM operation: G1CollectForAllocation (G1 Evacuation Pause)
Event: 789.438 Executing safepoint VM operation: G1CollectForAllocation (G1 Evacuation Pause) done
Event: 789.439 Executing safepoint VM operation: G1CollectForAllocation (GCLocker Initiated GC)
Event: 789.450 Executing safepoint VM operation: G1CollectForAllocation (GCLocker Initiated GC) done
Event: 789.711 Executing safepoint VM operation: G1CollectForAllocation (G1 Evacuation Pause)

Memory protections (0 events):
No events

Nmethod flushes (20 events):
Event: 789.321 Thread 0x000002cca90cc7e0 flushing  nmethod 0x000002cc964d9c10
Event: 789.321 Thread 0x000002cca90cc7e0 flushing  nmethod 0x000002cc9654c510
Event: 789.321 Thread 0x000002cca90cc7e0 flushing  nmethod 0x000002cc96589e90
Event: 789.321 Thread 0x000002cca90cc7e0 flushing  nmethod 0x000002cc9660fd10
Event: 789.321 Thread 0x000002cca90cc7e0 flushing  nmethod 0x000002cc96a7c310
Event: 789.321 Thread 0x000002cca90cc7e0 flushing  nmethod 0x000002cc9716d210
Event: 789.321 Thread 0x000002cca90cc7e0 flushing  nmethod 0x000002cc9675f790
Event: 789.321 Thread 0x000002cca90cc7e0 flushing  nmethod 0x000002cc96a40010
Event: 789.321 Thread 0x000002cca90cc7e0 flushing  nmethod 0x000002cc96ac9610
Event: 789.321 Thread 0x000002cca90cc7e0 flushing  nmethod 0x000002cc96b3b110
Event: 789.321 Thread 0x000002cca90cc7e0 flushing  nmethod 0x000002cc96c38010
Event: 789.321 Thread 0x000002cca90cc7e0 flushing  nmethod 0x000002cc96c42c90
Event: 789.321 Thread 0x000002cca90cc7e0 flushing  nmethod 0x000002cc96d7e290
Event: 789.321 Thread 0x000002cca90cc7e0 flushing  nmethod 0x000002cc9736ea10
Event: 789.321 Thread 0x000002cca90cc7e0 flushing  nmethod 0x000002cc9736f090
Event: 789.321 Thread 0x000002cca90cc7e0 flushing  nmethod 0x000002cc975d0f10
Event: 789.321 Thread 0x000002cca90cc7e0 flushing  nmethod 0x000002cc975d3b10
Event: 789.321 Thread 0x000002cca90cc7e0 flushing  nmethod 0x000002cc9e534f90
Event: 789.321 Thread 0x000002cca90cc7e0 flushing  nmethod 0x000002cc96aa0310
Event: 789.321 Thread 0x000002cca90cc7e0 flushing  nmethod 0x000002cc96aba310

Events (20 events):
Event: 782.986 Thread 0x000002ccc7d52a50 Thread added: 0x000002ccc41fbd90
Event: 782.992 Thread 0x000002ccc7d52a50 Thread added: 0x000002ccc7ec92e0
Event: 782.992 Thread 0x000002ccc7d52a50 Thread added: 0x000002ccc7eca000
Event: 782.992 Thread 0x000002ccc7d52a50 Thread added: 0x000002ccc7ce6170
Event: 782.993 Thread 0x000002ccc7d52a50 Thread added: 0x000002ccc7ce6800
Event: 782.993 Thread 0x000002ccc7d52a50 Thread added: 0x000002ccc7ce3380
Event: 783.354 Thread 0x000002cca90fdcf0 Thread added: 0x000002ccc47790f0
Event: 783.660 Thread 0x000002ccc47790f0 Thread exited: 0x000002ccc47790f0
Event: 783.821 Thread 0x000002cca90fe8c0 Thread added: 0x000002ccc6685070
Event: 784.207 Thread 0x000002ccc6685070 Thread exited: 0x000002ccc6685070
Event: 785.034 Thread 0x000002cca90fe8c0 Thread added: 0x000002ccc7c165a0
Event: 785.035 Thread 0x000002cca90fe8c0 Thread added: 0x000002ccc7c15ed0
Event: 786.232 Thread 0x000002ccc7c15ed0 Thread exited: 0x000002ccc7c15ed0
Event: 786.232 Thread 0x000002ccc7c165a0 Thread exited: 0x000002ccc7c165a0
Event: 786.354 Thread 0x000002cca90fe8c0 Thread added: 0x000002ccca7397d0
Event: 786.423 Thread 0x000002cca90fe8c0 Thread added: 0x000002ccca738a30
Event: 787.050 Thread 0x000002ccca738a30 Thread exited: 0x000002ccca738a30
Event: 787.054 Thread 0x000002ccca7397d0 Thread exited: 0x000002ccca7397d0
Event: 788.501 Thread 0x000002cca90fe8c0 Thread added: 0x000002ccc7c15ed0
Event: 789.339 Thread 0x000002cca90fe8c0 Thread added: 0x000002ccc47797c0


Dynamic libraries:
0x00007ff72ea30000 - 0x00007ff72ea3e000 	C:\Users\Aman Singh\.vscode\extensions\redhat.java-1.54.0-win32-x64\jre\21.0.10-win32-x86_64\bin\java.exe
0x00007ff81f260000 - 0x00007ff81f4c7000 	C:\WINDOWS\SYSTEM32\ntdll.dll
0x00007ff81ecb0000 - 0x00007ff81ed79000 	C:\WINDOWS\System32\KERNEL32.DLL
0x00007ff81c8a0000 - 0x00007ff81cc94000 	C:\WINDOWS\System32\KERNELBASE.dll
0x00007ff81cd60000 - 0x00007ff81ceab000 	C:\WINDOWS\System32\ucrtbase.dll
0x00007fffdddf0000 - 0x00007fffdde0e000 	C:\Users\Aman Singh\.vscode\extensions\redhat.java-1.54.0-win32-x64\jre\21.0.10-win32-x86_64\bin\VCRUNTIME140.dll
0x00007fffdb730000 - 0x00007fffdb748000 	C:\Users\Aman Singh\.vscode\extensions\redhat.java-1.54.0-win32-x64\jre\21.0.10-win32-x86_64\bin\jli.dll
0x00007ff81d770000 - 0x00007ff81d935000 	C:\WINDOWS\System32\USER32.dll
0x00007ff802720000 - 0x00007ff8029b3000 	C:\WINDOWS\WinSxS\amd64_microsoft.windows.common-controls_6595b64144ccf1df_6.0.26100.8115_none_3e075c82e3354f9c\COMCTL32.dll
0x00007ff81bd60000 - 0x00007ff81bd87000 	C:\WINDOWS\System32\win32u.dll
0x00007ff81daf0000 - 0x00007ff81db99000 	C:\WINDOWS\System32\msvcrt.dll
0x00007ff81da80000 - 0x00007ff81daab000 	C:\WINDOWS\System32\GDI32.dll
0x00007ff81c600000 - 0x00007ff81c72b000 	C:\WINDOWS\System32\gdi32full.dll
0x00007ff81ceb0000 - 0x00007ff81cf53000 	C:\WINDOWS\System32\msvcp_win.dll
0x00007ff81dab0000 - 0x00007ff81dae2000 	C:\WINDOWS\System32\IMM32.DLL
0x00007ffff24d0000 - 0x00007ffff24dc000 	C:\Users\Aman Singh\.vscode\extensions\redhat.java-1.54.0-win32-x64\jre\21.0.10-win32-x86_64\bin\vcruntime140_1.dll
0x00007fffa5e50000 - 0x00007fffa5edd000 	C:\Users\Aman Singh\.vscode\extensions\redhat.java-1.54.0-win32-x64\jre\21.0.10-win32-x86_64\bin\msvcp140.dll
0x00007fff2b490000 - 0x00007fff2c231000 	C:\Users\Aman Singh\.vscode\extensions\redhat.java-1.54.0-win32-x64\jre\21.0.10-win32-x86_64\bin\server\jvm.dll
0x00007ff81d990000 - 0x00007ff81da46000 	C:\WINDOWS\System32\ADVAPI32.dll
0x00007ff81f170000 - 0x00007ff81f217000 	C:\WINDOWS\System32\sechost.dll
0x00007ff81ed80000 - 0x00007ff81ee98000 	C:\WINDOWS\System32\RPCRT4.dll
0x00007ff81e830000 - 0x00007ff81e8b0000 	C:\WINDOWS\System32\WS2_32.dll
0x00007ff815f60000 - 0x00007ff815f6b000 	C:\WINDOWS\SYSTEM32\VERSION.dll
0x00007ff81b7e0000 - 0x00007ff81b83e000 	C:\WINDOWS\SYSTEM32\POWRPROF.dll
0x00007ff815f20000 - 0x00007ff815f56000 	C:\WINDOWS\SYSTEM32\WINMM.dll
0x00007ff81b7c0000 - 0x00007ff81b7d4000 	C:\WINDOWS\SYSTEM32\UMPDC.dll
0x00007ff81a8c0000 - 0x00007ff81a8db000 	C:\WINDOWS\SYSTEM32\kernel.appcore.dll
0x00007ffff2290000 - 0x00007ffff229a000 	C:\Users\Aman Singh\.vscode\extensions\redhat.java-1.54.0-win32-x64\jre\21.0.10-win32-x86_64\bin\jimage.dll
0x00007ff80fe30000 - 0x00007ff810072000 	C:\WINDOWS\SYSTEM32\DBGHELP.DLL
0x00007ff81e410000 - 0x00007ff81e792000 	C:\WINDOWS\System32\combase.dll
0x00007ff81cff0000 - 0x00007ff81d0c8000 	C:\WINDOWS\System32\OLEAUT32.dll
0x00007ff802100000 - 0x00007ff80213b000 	C:\WINDOWS\SYSTEM32\dbgcore.DLL
0x00007ff81bcb0000 - 0x00007ff81bd55000 	C:\WINDOWS\System32\bcryptPrimitives.dll
0x00007ffffd220000 - 0x00007ffffd22f000 	C:\Users\Aman Singh\.vscode\extensions\redhat.java-1.54.0-win32-x64\jre\21.0.10-win32-x86_64\bin\instrument.dll
0x00007fffdb030000 - 0x00007fffdb050000 	C:\Users\Aman Singh\.vscode\extensions\redhat.java-1.54.0-win32-x64\jre\21.0.10-win32-x86_64\bin\java.dll
0x00007ff81dba0000 - 0x00007ff81e307000 	C:\WINDOWS\System32\SHELL32.dll
0x00007ff81c730000 - 0x00007ff81c89a000 	C:\WINDOWS\System32\wintypes.dll
0x00007ff81bd90000 - 0x00007ff81c5f8000 	C:\WINDOWS\System32\windows.storage.dll
0x00007ff81eed0000 - 0x00007ff81efc8000 	C:\WINDOWS\System32\SHCORE.dll
0x00007ff81d700000 - 0x00007ff81d766000 	C:\WINDOWS\System32\shlwapi.dll
0x00007ff81ba50000 - 0x00007ff81ba79000 	C:\WINDOWS\SYSTEM32\profapi.dll
0x00007fffdaf80000 - 0x00007fffdaf98000 	C:\Users\Aman Singh\.vscode\extensions\redhat.java-1.54.0-win32-x64\jre\21.0.10-win32-x86_64\bin\zip.dll
0x00007fffe6440000 - 0x00007fffe6450000 	C:\Users\Aman Singh\.vscode\extensions\redhat.java-1.54.0-win32-x64\jre\21.0.10-win32-x86_64\bin\net.dll
0x00007ff812f20000 - 0x00007ff81304d000 	C:\WINDOWS\SYSTEM32\WINHTTP.dll
0x00007ff81ae30000 - 0x00007ff81ae9c000 	C:\WINDOWS\system32\mswsock.dll
0x00007fffda820000 - 0x00007fffda836000 	C:\Users\Aman Singh\.vscode\extensions\redhat.java-1.54.0-win32-x64\jre\21.0.10-win32-x86_64\bin\nio.dll
0x00007ffffafd0000 - 0x00007ffffafe0000 	C:\Users\Aman Singh\.vscode\extensions\redhat.java-1.54.0-win32-x64\jre\21.0.10-win32-x86_64\bin\verify.dll
0x00007ff809430000 - 0x00007ff809457000 	C:\Users\Aman Singh\.gradle\native\c067742578af261105cb4f569cf0c3c89f3d7b1fecec35dd04571415982c5e48\windows-amd64\native-platform.dll
0x00007fff61e70000 - 0x00007fff61fb4000 	C:\Users\Aman Singh\.gradle\native\100fb08df4bc3b14c8652ba06237920a3bd2aa13389f12d3474272988ae205f9\windows-amd64\native-platform-file-events.dll
0x00007ff808fd0000 - 0x00007ff808fda000 	C:\Users\Aman Singh\.vscode\extensions\redhat.java-1.54.0-win32-x64\jre\21.0.10-win32-x86_64\bin\management.dll
0x00007ff808fc0000 - 0x00007ff808fcc000 	C:\Users\Aman Singh\.vscode\extensions\redhat.java-1.54.0-win32-x64\jre\21.0.10-win32-x86_64\bin\management_ext.dll
0x00007ff81eb30000 - 0x00007ff81eb38000 	C:\WINDOWS\System32\PSAPI.DLL
0x00007ff81b110000 - 0x00007ff81b12b000 	C:\WINDOWS\SYSTEM32\CRYPTSP.dll
0x00007ff81a820000 - 0x00007ff81a859000 	C:\WINDOWS\system32\rsaenh.dll
0x00007ff81aee0000 - 0x00007ff81af13000 	C:\WINDOWS\SYSTEM32\USERENV.dll
0x00007ff81ba20000 - 0x00007ff81ba4a000 	C:\WINDOWS\SYSTEM32\bcrypt.dll
0x00007ff81b130000 - 0x00007ff81b13c000 	C:\WINDOWS\SYSTEM32\CRYPTBASE.dll
0x00007ff81a2a0000 - 0x00007ff81a2d2000 	C:\WINDOWS\SYSTEM32\IPHLPAPI.DLL
0x00007ff81eea0000 - 0x00007ff81eeaa000 	C:\WINDOWS\System32\NSI.dll
0x00007fffdb720000 - 0x00007fffdb729000 	C:\Users\Aman Singh\.vscode\extensions\redhat.java-1.54.0-win32-x64\jre\21.0.10-win32-x86_64\bin\extnet.dll
0x00007fffdd660000 - 0x00007fffdd66e000 	C:\Users\Aman Singh\.vscode\extensions\redhat.java-1.54.0-win32-x64\jre\21.0.10-win32-x86_64\bin\sunmscapi.dll
0x00007ff81bb30000 - 0x00007ff81bca7000 	C:\WINDOWS\System32\CRYPT32.dll
0x00007ff81b330000 - 0x00007ff81b360000 	C:\WINDOWS\SYSTEM32\ncrypt.dll
0x00007ff81b2e0000 - 0x00007ff81b31f000 	C:\WINDOWS\SYSTEM32\NTASN1.dll
0x00007fff897b0000 - 0x00007fff897b8000 	C:\WINDOWS\system32\wshunix.dll
0x00007ff81a330000 - 0x00007ff81a462000 	C:\WINDOWS\SYSTEM32\DNSAPI.dll
0x00007ff812cb0000 - 0x00007ff812cbb000 	C:\Windows\System32\rasadhlp.dll
0x00007ff816960000 - 0x00007ff8169e6000 	C:\WINDOWS\System32\fwpuclnt.dll

JVMTI agents:
C:\Users\Aman Singh\.gradle\wrapper\dists\gradle-8.9-bin\90cnw93cvbtalezasaz0blq0a\gradle-8.9\lib\agents\gradle-instrumentation-agent-8.9.jar path:C:\Users\Aman Singh\.vscode\extensions\redhat.java-1.54.0-win32-x64\jre\21.0.10-win32-x86_64\bin\instrument.dll, loaded, initialized, instrumentlib options:none

dbghelp: loaded successfully - version: 4.0.5 - missing functions: none
symbol engine: initialized successfully - sym options: 0x614 - pdb path: .;C:\Users\Aman Singh\.vscode\extensions\redhat.java-1.54.0-win32-x64\jre\21.0.10-win32-x86_64\bin;C:\WINDOWS\SYSTEM32;C:\WINDOWS\WinSxS\amd64_microsoft.windows.common-controls_6595b64144ccf1df_6.0.26100.8115_none_3e075c82e3354f9c;C:\Users\Aman Singh\.vscode\extensions\redhat.java-1.54.0-win32-x64\jre\21.0.10-win32-x86_64\bin\server;C:\Users\Aman Singh\.gradle\native\c067742578af261105cb4f569cf0c3c89f3d7b1fecec35dd04571415982c5e48\windows-amd64;C:\Users\Aman Singh\.gradle\native\100fb08df4bc3b14c8652ba06237920a3bd2aa13389f12d3474272988ae205f9\windows-amd64

VM Arguments:
jvm_args: --add-opens=java.base/java.util=ALL-UNNAMED --add-opens=java.base/java.lang=ALL-UNNAMED --add-opens=java.base/java.lang.invoke=ALL-UNNAMED --add-opens=java.prefs/java.util.prefs=ALL-UNNAMED --add-exports=jdk.compiler/com.sun.tools.javac.api=ALL-UNNAMED --add-exports=jdk.compiler/com.sun.tools.javac.util=ALL-UNNAMED --add-opens=java.base/java.nio.charset=ALL-UNNAMED --add-opens=java.base/java.net=ALL-UNNAMED --add-opens=java.base/java.util.concurrent.atomic=ALL-UNNAMED -XX:MaxMetaspaceSize=384m -XX:+HeapDumpOnOutOfMemoryError -Xms256m -Xmx512m -Dfile.encoding=utf8 -Duser.country=IN -Duser.language=en -Duser.variant -javaagent:C:\Users\Aman Singh\.gradle\wrapper\dists\gradle-8.9-bin\90cnw93cvbtalezasaz0blq0a\gradle-8.9\lib\agents\gradle-instrumentation-agent-8.9.jar 
java_command: org.gradle.launcher.daemon.bootstrap.GradleDaemon 8.9
java_class_path (initial): C:\Users\Aman Singh\.gradle\wrapper\dists\gradle-8.9-bin\90cnw93cvbtalezasaz0blq0a\gradle-8.9\lib\gradle-daemon-main-8.9.jar
Launcher Type: SUN_STANDARD

[Global flags]
     intx CICompilerCount                          = 4                                         {product} {ergonomic}
   size_t CompressedClassSpaceSize                 = 335544320                                 {product} {ergonomic}
     uint ConcGCThreads                            = 3                                         {product} {ergonomic}
     uint G1ConcRefinementThreads                  = 10                                        {product} {ergonomic}
   size_t G1HeapRegionSize                         = 1048576                                   {product} {ergonomic}
    uintx GCDrainStackTargetSize                   = 64                                        {product} {ergonomic}
     bool HeapDumpOnOutOfMemoryError               = true                                   {manageable} {command line}
   size_t InitialHeapSize                          = 268435456                                 {product} {command line}
   size_t MarkStackSize                            = 4194304                                   {product} {ergonomic}
   size_t MaxHeapSize                              = 536870912                                 {product} {command line}
   size_t MaxMetaspaceSize                         = 402653184                                 {product} {command line}
   size_t MaxNewSize                               = 321912832                                 {product} {ergonomic}
   size_t MinHeapDeltaBytes                        = 1048576                                   {product} {ergonomic}
   size_t MinHeapSize                              = 268435456                                 {product} {command line}
    uintx NonNMethodCodeHeapSize                   = 5839372                                {pd product} {ergonomic}
    uintx NonProfiledCodeHeapSize                  = 122909434                              {pd product} {ergonomic}
    uintx ProfiledCodeHeapSize                     = 122909434                              {pd product} {ergonomic}
    uintx ReservedCodeCacheSize                    = 251658240                              {pd product} {ergonomic}
     bool SegmentedCodeCache                       = true                                      {product} {ergonomic}
   size_t SoftMaxHeapSize                          = 536870912                              {manageable} {ergonomic}
     bool UseCompressedOops                        = true                           {product lp64_product} {ergonomic}
     bool UseG1GC                                  = true                                      {product} {ergonomic}
     bool UseLargePagesIndividualAllocation        = false                                  {pd product} {ergonomic}

Logging:
Log output configuration:
 #0: stdout all=warning uptime,level,tags foldmultilines=false
 #1: stderr all=off uptime,level,tags foldmultilines=false

Release file:
JAVA_VERSION="21.0.10" 
MODULES="java.base java.compiler java.datatransfer java.xml java.prefs java.desktop java.instrument java.logging java.management java.security.sasl java.naming java.rmi java.management.rmi java.net.http java.scripting java.security.jgss java.transaction.xa java.sql java.sql.rowset java.xml.crypto java.se java.smartcardio jdk.accessibility jdk.internal.jvmstat jdk.attach jdk.charsets jdk.internal.opt jdk.zipfs jdk.compiler jdk.crypto.ec jdk.crypto.cryptoki jdk.crypto.mscapi jdk.dynalink jdk.internal.ed jdk.editpad jdk.hotspot.agent jdk.httpserver jdk.internal.le jdk.internal.vm.ci jdk.internal.vm.compiler jdk.internal.vm.compiler.management jdk.jartool jdk.javadoc jdk.jcmd jdk.management jdk.management.agent jdk.jconsole jdk.jdeps jdk.jdwp.agent jdk.jdi jdk.jfr jdk.jshell jdk.jsobject jdk.jstatd jdk.localedata jdk.management.jfr jdk.naming.dns jdk.naming.rmi jdk.net jdk.nio.mapmode jdk.random jdk.sctp jdk.security.auth jdk.security.jgss jdk.unsupported jdk.unsupported.desktop jdk.xml.dom" 

Environment Variables:
PATH=C:\Users\Aman Singh\AppData\Local\Programs\Microsoft VS Code;C:\Python313\Scripts\;C:\Python313\;C:\Program Files (x86)\Common Files\Oracle\Java\javapath;C:\Program Files\Common Files\Oracle\Java\javapath;C:\windows\system32;C:\windows;C:\windows\System32\Wbem;C:\windows\System32\WindowsPowerShell\v1.0\;C:\windows\System32\OpenSSH\;C:\Program Files\dotnet\;C:\MinGW\bin;C:\Program Files\Git\cmd;C:\Program Files\Git\mingw64\bin;C:\Program Files\Git\usr\bin;C:\Program Files\nodejs;C:\WINDOWS\system32;C:\WINDOWS;C:\WINDOWS\System32\Wbem;C:\WINDOWS\System32\WindowsPowerShell\v1.0\;C:\WINDOWS\System32\OpenSSH\;C:\Program Files\Tesseract-OCR\;C:\nvm;C:\nodejs;C:\ProgramData\chocolatey\bin;c:\Users\anamoon\AppData\Local\Programs\cursor\resources\app\bin;C:\Program Files\nodejs\;C:\flutter\bin;C:\Program Files\Docker\Docker\resources\bin;C:\Users\Aman Singh\.local\bin\claude.exe;C:\Program Files\cursor\resources\app\bin;c:\Users\Aman Singh\AppData\Local\Programs\Trae\bin;C:\Users\Aman Singh\AppData\Local\Programs\Python\Python310\Scripts\;C:\Users\Aman Singh\AppData\Local\Programs\Python\Python310\;C:\Users\Aman Singh\AppData\Local\Programs\Python\Python313\Scripts\;C:\Users\Aman Singh\AppData\Local\Programs\Python\Python313\;C:\Users\Aman Singh\AppData\Local\Programs\Python\Launcher\;C:\Users\Aman Singh\AppData\Local\Microsoft\WindowsApps;C:\Users\Aman Singh\AppData\Local\spicetify;C:\Users\Aman Singh\AppData\Local\Programs\Microsoft VS Code\bin;C:\Users\Aman Singh\AppData\Local\Microsoft\WindowsApps;C:\Users\Aman Singh\AppData\Local\GitHubDesktop\bin;C:\Users\Aman Singh\AppData\Local\Programs\cursor\resources\app\bin;C:\nvm;C:\nodejs;C:\Users\Aman Singh\AppData\Roaming\npm;C:\Users\Aman Singh\mujeat\muj_eats_6018\flutter\bin;C:\Users\Aman Singh\AppData\Local\Programs\Windsurf\bin;C:\Users\Aman Singh\AppData\Local\Programs\Kiro\bin;C:\Users\Aman Singh\AppData\Local\Programs\Antigravity\bin;C:\Users\Aman Singh\AppData\Local\PowerToys\DSCModules\;C:\Users\Aman Singh\.local\bin
USERNAME=Aman Singh
OS=Windows_NT
PROCESSOR_IDENTIFIER=AMD64 Family 25 Model 80 Stepping 0, AuthenticAMD
TMP=C:\Users\Aman Singh\AppData\Local\Temp
TEMP=C:\Users\Aman Singh\AppData\Local\Temp




Periodic native trim disabled

---------------  S Y S T E M  ---------------

OS:
 Windows 11 , 64 bit Build 26100 (10.0.26100.8246)
OS uptime: 1 days 16:13 hours
Hyper-V role detected

CPU: total 12 (initial active 12) (12 cores per cpu, 2 threads per core) family 25 model 80 stepping 0 microcode 0xa50000f, cx8, cmov, fxsr, ht, mmx, 3dnowpref, sse, sse2, sse3, ssse3, sse4a, sse4.1, sse4.2, popcnt, lzcnt, tsc, tscinvbit, avx, avx2, aes, erms, clmul, bmi1, bmi2, adx, sha, fma, vzeroupper, clflush, clflushopt, hv, rdtscp, rdpid, fsrm, f16c, cet_ss
Processor Information for the first 12 processors :
  Max Mhz: 2301, Current Mhz: 2010, Mhz Limit: 2301

Memory: 4k page, system-wide physical 7520M (577M free)
TotalPageFile size 31072M (AvailPageFile size 48M)
current process WorkingSet (physical memory assigned to process): 591M, peak: 591M
current process commit charge ("private bytes"): 694M, peak: 745M

vm_info: OpenJDK 64-Bit Server VM (21.0.10+7-LTS) for windows-amd64 JRE (21.0.10+7-LTS), built on 2026-01-20T00:00:00Z by "admin" with MS VC++ 17.12 (VS2022)

END.
