#
# There is insufficient memory for the Java Runtime Environment to continue.
# Native memory allocation (malloc) failed to allocate 1592336 bytes. Error detail: Chunk::new
# Possible reasons:
#   The system is out of physical RAM or swap space
#   This process is running with CompressedOops enabled, and the Java Heap may be blocking the growth of the native heap
# Possible solutions:
#   Reduce memory load on the system
#   Increase physical memory or swap space
#   Check if swap backing store is full
#   Decrease Java heap size (-Xmx/-Xms)
#   Decrease number of Java threads
#   Decrease Java thread stack sizes (-Xss)
#   Set larger code cache with -XX:ReservedCodeCacheSize=
#   JVM is running with Unscaled Compressed Oops mode in which the Java heap is
#     placed in the first 4GB address space. The Java Heap base address is the
#     maximum limit for the native heap growth. Please use -XX:HeapBaseMinAddress
#     to set the Java Heap base and to place the Java Heap above 4GB virtual address.
# This output file may be truncated or incomplete.
#
#  Out of Memory Error (arena.cpp:168), pid=23380, tid=24880
#
# JRE version: OpenJDK Runtime Environment Temurin-21.0.10+7 (21.0.10+7) (build 21.0.10+7-LTS)
# Java VM: OpenJDK 64-Bit Server VM Temurin-21.0.10+7 (21.0.10+7-LTS, mixed mode, sharing, tiered, compressed oops, compressed class ptrs, g1 gc, windows-amd64)
# No core dump will be written. Minidumps are not enabled by default on client versions of Windows
#

---------------  S U M M A R Y ------------

Command Line: --add-opens=java.base/java.util=ALL-UNNAMED --add-opens=java.base/java.lang=ALL-UNNAMED --add-opens=java.base/java.lang.invoke=ALL-UNNAMED --add-opens=java.prefs/java.util.prefs=ALL-UNNAMED --add-exports=jdk.compiler/com.sun.tools.javac.api=ALL-UNNAMED --add-exports=jdk.compiler/com.sun.tools.javac.util=ALL-UNNAMED --add-opens=java.base/java.nio.charset=ALL-UNNAMED --add-opens=java.base/java.net=ALL-UNNAMED --add-opens=java.base/java.util.concurrent.atomic=ALL-UNNAMED -XX:MaxMetaspaceSize=384m -XX:+HeapDumpOnOutOfMemoryError -Xms256m -Xmx512m -Dfile.encoding=utf8 -Duser.country=IN -Duser.language=en -Duser.variant -javaagent:C:\Users\Aman Singh\.gradle\wrapper\dists\gradle-8.9-bin\90cnw93cvbtalezasaz0blq0a\gradle-8.9\lib\agents\gradle-instrumentation-agent-8.9.jar org.gradle.launcher.daemon.bootstrap.GradleDaemon 8.9

Host: AMD Ryzen 5 5625U with Radeon Graphics         , 12 cores, 7G,  Windows 11 , 64 bit Build 26100 (10.0.26100.8246)
Time: Sun Apr 26 02:25:30 2026 India Standard Time elapsed time: 83.670590 seconds (0d 0h 1m 23s)

---------------  T H R E A D  ---------------

Current thread (0x000002a2c3aa4f20):  JavaThread "C2 CompilerThread1" daemon [_thread_in_native, id=24880, stack(0x000000ea35d00000,0x000000ea35e00000) (1024K)]


Current CompileTask:
C2:83670 9896       4       org.gradle.internal.serialize.HierarchicalNameSerializer::writeName (88 bytes)

Stack: [0x000000ea35d00000,0x000000ea35e00000]
Native frames: (J=compiled Java code, j=interpreted, Vv=VM code, C=native code)
V  [jvm.dll+0x6d7a39]
V  [jvm.dll+0x8b4b26]
V  [jvm.dll+0x8b70de]
V  [jvm.dll+0x8b77c3]
V  [jvm.dll+0x284346]
V  [jvm.dll+0xc66ed]
V  [jvm.dll+0xc6c31]
V  [jvm.dll+0x3bec01]
V  [jvm.dll+0x38b162]
V  [jvm.dll+0x38a5aa]
V  [jvm.dll+0x24c560]
V  [jvm.dll+0x24bb40]
V  [jvm.dll+0x1cb34e]
V  [jvm.dll+0x25b85d]
V  [jvm.dll+0x259dea]
V  [jvm.dll+0x3f857e]
V  [jvm.dll+0x85f59d]
V  [jvm.dll+0x6d626d]
C  [ucrtbase.dll+0x37b0]
C  [KERNEL32.DLL+0x2e8d7]
C  [ntdll.dll+0x8c3fc]


---------------  P R O C E S S  ---------------

Threads class SMR info:
_java_thread_list=0x000002a2c26d6000, length=98, elements={
0x000002a28ea9ab80, 0x000002a2bc021250, 0x000002a2bc023dc0, 0x000002a2bc02ebe0,
0x000002a2bc028bb0, 0x000002a2bc029240, 0x000002a2bc026ae0, 0x000002a2bc04ee60,
0x000002a2bc051e90, 0x000002a2bc027170, 0x000002a2bc027e90, 0x000002a2bc028520,
0x000002a2bc027800, 0x000002a2bc0298d0, 0x000002a2c1f63130, 0x000002a2c1f637c0,
0x000002a2c1f60340, 0x000002a2c1f63e50, 0x000002a2c1f62aa0, 0x000002a2c1f61d80,
0x000002a2c1f616f0, 0x000002a2c1f62410, 0x000002a2c1f609d0, 0x000002a2c1f61060,
0x000002a2c1f65200, 0x000002a2c1f65f20, 0x000002a2c1f67960, 0x000002a2c1f64b70,
0x000002a2c1f672d0, 0x000002a2c1f644e0, 0x000002a2c1f65890, 0x000002a2c1f665b0,
0x000002a2bc2ed700, 0x000002a2bc2ee420, 0x000002a2bc2ebcc0, 0x000002a2bc2ed070,
0x000002a2bc2ec350, 0x000002a2bc2efe60, 0x000002a2bc2ec9e0, 0x000002a2bc2f04f0,
0x000002a2bc2f0b80, 0x000002a2bc2f1210, 0x000002a2bc2f18a0, 0x000002a2bc2f1f30,
0x000002a2bc2f2c50, 0x000002a2bc2f25c0, 0x000002a2c6a05fc0, 0x000002a2c6a04580,
0x000002a2c6a04c10, 0x000002a2c6a052a0, 0x000002a2c6a05930, 0x000002a2c6a031d0,
0x000002a2c6a02b40, 0x000002a2c6a06ce0, 0x000002a2c6a03860, 0x000002a2c6a07370,
0x000002a2c6a06650, 0x000002a2c6a07a00, 0x000002a2c6a0a160, 0x000002a2c6a08720,
0x000002a2c6a09440, 0x000002a2c6a08090, 0x000002a2c6a09ad0, 0x000002a2c2c034e0,
0x000002a2c2c05c40, 0x000002a2c2c03b70, 0x000002a2c2c062d0, 0x000002a2c2c04200,
0x000002a2c2c04890, 0x000002a2c2c04f20, 0x000002a2c2c02e50, 0x000002a2c2c06960,
0x000002a2c2c055b0, 0x000002a2c2c07d10, 0x000002a2c2c0a470, 0x000002a2c2c083a0,
0x000002a2c2c09750, 0x000002a2c2c08a30, 0x000002a2c2c09de0, 0x000002a2c2c06ff0,
0x000002a2c3a6e940, 0x000002a2c3a70a10, 0x000002a2c3a710a0, 0x000002a2c3a71dc0,
0x000002a2c3a6efd0, 0x000002a2c3a71730, 0x000002a2c3a72450, 0x000002a2c3a70380,
0x000002a2c3a72ae0, 0x000002a2c3a6f660, 0x000002a2c3a73170, 0x000002a2c3a73800,
0x000002a2c3a74520, 0x000002a2c3aa4f20, 0x000002a2c3a73e90, 0x000002a2c3a74bb0,
0x000002a2c3a75240, 0x000002a2c3a758d0
}

Java Threads: ( => current thread )
  0x000002a28ea9ab80 JavaThread "main"                              [_thread_blocked, id=13608, stack(0x000000ea35e00000,0x000000ea35f00000) (1024K)]
  0x000002a2bc021250 JavaThread "Reference Handler"          daemon [_thread_blocked, id=23428, stack(0x000000ea36600000,0x000000ea36700000) (1024K)]
  0x000002a2bc023dc0 JavaThread "Finalizer"                  daemon [_thread_blocked, id=2676, stack(0x000000ea36700000,0x000000ea36800000) (1024K)]
  0x000002a2bc02ebe0 JavaThread "Signal Dispatcher"          daemon [_thread_blocked, id=10428, stack(0x000000ea36800000,0x000000ea36900000) (1024K)]
  0x000002a2bc028bb0 JavaThread "Attach Listener"            daemon [_thread_blocked, id=7716, stack(0x000000ea36900000,0x000000ea36a00000) (1024K)]
  0x000002a2bc029240 JavaThread "Service Thread"             daemon [_thread_blocked, id=24284, stack(0x000000ea36a00000,0x000000ea36b00000) (1024K)]
  0x000002a2bc026ae0 JavaThread "Monitor Deflation Thread"   daemon [_thread_blocked, id=32776, stack(0x000000ea36b00000,0x000000ea36c00000) (1024K)]
  0x000002a2bc04ee60 JavaThread "C2 CompilerThread0"         daemon [_thread_in_native, id=33156, stack(0x000000ea36c00000,0x000000ea36d00000) (1024K)]
  0x000002a2bc051e90 JavaThread "C1 CompilerThread0"         daemon [_thread_blocked, id=6988, stack(0x000000ea36d00000,0x000000ea36e00000) (1024K)]
  0x000002a2bc027170 JavaThread "Common-Cleaner"             daemon [_thread_blocked, id=33984, stack(0x000000ea36e00000,0x000000ea36f00000) (1024K)]
  0x000002a2bc027e90 JavaThread "Notification Thread"        daemon [_thread_blocked, id=16276, stack(0x000000ea36f00000,0x000000ea37000000) (1024K)]
  0x000002a2bc028520 JavaThread "Daemon health stats"               [_thread_blocked, id=24364, stack(0x000000ea37800000,0x000000ea37900000) (1024K)]
  0x000002a2bc027800 JavaThread "Incoming local TCP Connector on port 54848"        [_thread_in_native, id=4744, stack(0x000000ea37900000,0x000000ea37a00000) (1024K)]
  0x000002a2bc0298d0 JavaThread "Daemon periodic checks"            [_thread_blocked, id=20000, stack(0x000000ea37a00000,0x000000ea37b00000) (1024K)]
  0x000002a2c1f63130 JavaThread "Daemon"                            [_thread_blocked, id=34420, stack(0x000000ea37b00000,0x000000ea37c00000) (1024K)]
  0x000002a2c1f637c0 JavaThread "Handler for socket connection from /127.0.0.1:54848 to /127.0.0.1:54851"        [_thread_in_native, id=26124, stack(0x000000ea37c00000,0x000000ea37d00000) (1024K)]
  0x000002a2c1f60340 JavaThread "Cancel handler"                    [_thread_blocked, id=28756, stack(0x000000ea37d00000,0x000000ea37e00000) (1024K)]
  0x000002a2c1f63e50 JavaThread "Daemon worker"                     [_thread_blocked, id=6204, stack(0x000000ea37e00000,0x000000ea37f00000) (1024K)]
  0x000002a2c1f62aa0 JavaThread "Asynchronous log dispatcher for DefaultDaemonConnection: socket connection from /127.0.0.1:54848 to /127.0.0.1:54851"        [_thread_blocked, id=20560, stack(0x000000ea37f00000,0x000000ea38000000) (1024K)]
  0x000002a2c1f61d80 JavaThread "Stdin handler"                     [_thread_blocked, id=3276, stack(0x000000ea38000000,0x000000ea38100000) (1024K)]
  0x000002a2c1f616f0 JavaThread "Daemon client event forwarder"        [_thread_blocked, id=23432, stack(0x000000ea38100000,0x000000ea38200000) (1024K)]
  0x000002a2c1f62410 JavaThread "Cache worker for journal cache (C:\Users\Aman Singh\.gradle\caches\journal-1)"        [_thread_blocked, id=13332, stack(0x000000ea38200000,0x000000ea38300000) (1024K)]
  0x000002a2c1f609d0 JavaThread "File lock request listener"        [_thread_in_native, id=14516, stack(0x000000ea38300000,0x000000ea38400000) (1024K)]
  0x000002a2c1f61060 JavaThread "Cache worker for file hash cache (C:\Users\Aman Singh\.gradle\caches\8.9\fileHashes)"        [_thread_blocked, id=25868, stack(0x000000ea38400000,0x000000ea38500000) (1024K)]
  0x000002a2c1f65200 JavaThread "Cache worker for file hash cache (C:\Users\Aman Singh\Desktop\Alemono\AlemanoMarkerScanner\node_modules\react-native-share\android\.gradle\8.9\fileHashes)"        [_thread_blocked, id=34428, stack(0x000000ea38600000,0x000000ea38700000) (1024K)]
  0x000002a2c1f65f20 JavaThread "Cache worker for Build Output Cleanup Cache (C:\Users\Aman Singh\Desktop\Alemono\AlemanoMarkerScanner\node_modules\react-native-share\android\.gradle\buildOutputCleanup)"        [_thread_blocked, id=32616, stack(0x000000ea38700000,0x000000ea38800000) (1024K)]
  0x000002a2c1f67960 JavaThread "File watcher server"        daemon [_thread_in_native, id=27784, stack(0x000000ea38c00000,0x000000ea38d00000) (1024K)]
  0x000002a2c1f64b70 JavaThread "File watcher consumer"      daemon [_thread_blocked, id=29420, stack(0x000000ea38d00000,0x000000ea38e00000) (1024K)]
  0x000002a2c1f672d0 JavaThread "Cache worker for checksums cache (C:\Users\Aman Singh\Desktop\Alemono\AlemanoMarkerScanner\node_modules\react-native-share\android\.gradle\8.9\checksums)"        [_thread_blocked, id=24656, stack(0x000000ea38500000,0x000000ea38600000) (1024K)]
  0x000002a2c1f644e0 JavaThread "Cache worker for file content cache (C:\Users\Aman Singh\.gradle\caches\8.9\fileContent)"        [_thread_blocked, id=16104, stack(0x000000ea38e00000,0x000000ea38f00000) (1024K)]
  0x000002a2c1f65890 JavaThread "Cache worker for cache directory md-rule (C:\Users\Aman Singh\.gradle\caches\8.9\md-rule)"        [_thread_blocked, id=29212, stack(0x000000ea38f00000,0x000000ea39000000) (1024K)]
  0x000002a2c1f665b0 JavaThread "Cache worker for cache directory md-supplier (C:\Users\Aman Singh\.gradle\caches\8.9\md-supplier)"        [_thread_blocked, id=2564, stack(0x000000ea39000000,0x000000ea39100000) (1024K)]
  0x000002a2bc2ed700 JavaThread "jar transforms"                    [_thread_blocked, id=29320, stack(0x000000ea39100000,0x000000ea39200000) (1024K)]
  0x000002a2bc2ee420 JavaThread "jar transforms Thread 2"           [_thread_blocked, id=11588, stack(0x000000ea39200000,0x000000ea39300000) (1024K)]
  0x000002a2bc2ebcc0 JavaThread "jar transforms Thread 3"           [_thread_blocked, id=14632, stack(0x000000ea39300000,0x000000ea39400000) (1024K)]
  0x000002a2bc2ed070 JavaThread "Unconstrained build operations"        [_thread_blocked, id=15540, stack(0x000000ea37000000,0x000000ea37100000) (1024K)]
  0x000002a2bc2ec350 JavaThread "Unconstrained build operations Thread 2"        [_thread_blocked, id=32660, stack(0x000000ea39400000,0x000000ea39500000) (1024K)]
  0x000002a2bc2efe60 JavaThread "Unconstrained build operations Thread 3"        [_thread_blocked, id=28412, stack(0x000000ea39600000,0x000000ea39700000) (1024K)]
  0x000002a2bc2ec9e0 JavaThread "Unconstrained build operations Thread 4"        [_thread_blocked, id=22300, stack(0x000000ea39700000,0x000000ea39800000) (1024K)]
  0x000002a2bc2f04f0 JavaThread "Unconstrained build operations Thread 5"        [_thread_blocked, id=12248, stack(0x000000ea39800000,0x000000ea39900000) (1024K)]
  0x000002a2bc2f0b80 JavaThread "Unconstrained build operations Thread 6"        [_thread_blocked, id=34236, stack(0x000000ea39900000,0x000000ea39a00000) (1024K)]
  0x000002a2bc2f1210 JavaThread "Unconstrained build operations Thread 7"        [_thread_blocked, id=33132, stack(0x000000ea39a00000,0x000000ea39b00000) (1024K)]
  0x000002a2bc2f18a0 JavaThread "Unconstrained build operations Thread 8"        [_thread_blocked, id=9100, stack(0x000000ea39b00000,0x000000ea39c00000) (1024K)]
  0x000002a2bc2f1f30 JavaThread "Unconstrained build operations Thread 9"        [_thread_blocked, id=1752, stack(0x000000ea39c00000,0x000000ea39d00000) (1024K)]
  0x000002a2bc2f2c50 JavaThread "Unconstrained build operations Thread 10"        [_thread_blocked, id=2508, stack(0x000000ea39d00000,0x000000ea39e00000) (1024K)]
  0x000002a2bc2f25c0 JavaThread "Unconstrained build operations Thread 11"        [_thread_blocked, id=4040, stack(0x000000ea39e00000,0x000000ea39f00000) (1024K)]
  0x000002a2c6a05fc0 JavaThread "Unconstrained build operations Thread 12"        [_thread_blocked, id=10120, stack(0x000000ea3a100000,0x000000ea3a200000) (1024K)]
  0x000002a2c6a04580 JavaThread "Unconstrained build operations Thread 13"        [_thread_blocked, id=24096, stack(0x000000ea3a200000,0x000000ea3a300000) (1024K)]
  0x000002a2c6a04c10 JavaThread "Unconstrained build operations Thread 14"        [_thread_blocked, id=3740, stack(0x000000ea3a300000,0x000000ea3a400000) (1024K)]
  0x000002a2c6a052a0 JavaThread "Unconstrained build operations Thread 15"        [_thread_blocked, id=28288, stack(0x000000ea3a400000,0x000000ea3a500000) (1024K)]
  0x000002a2c6a05930 JavaThread "Unconstrained build operations Thread 16"        [_thread_blocked, id=31168, stack(0x000000ea3a500000,0x000000ea3a600000) (1024K)]
  0x000002a2c6a031d0 JavaThread "Unconstrained build operations Thread 17"        [_thread_blocked, id=4352, stack(0x000000ea3a600000,0x000000ea3a700000) (1024K)]
  0x000002a2c6a02b40 JavaThread "Unconstrained build operations Thread 18"        [_thread_blocked, id=34464, stack(0x000000ea3a700000,0x000000ea3a800000) (1024K)]
  0x000002a2c6a06ce0 JavaThread "Unconstrained build operations Thread 19"        [_thread_blocked, id=25192, stack(0x000000ea3a800000,0x000000ea3a900000) (1024K)]
  0x000002a2c6a03860 JavaThread "Unconstrained build operations Thread 20"        [_thread_blocked, id=30932, stack(0x000000ea3a900000,0x000000ea3aa00000) (1024K)]
  0x000002a2c6a07370 JavaThread "Unconstrained build operations Thread 21"        [_thread_blocked, id=33780, stack(0x000000ea3aa00000,0x000000ea3ab00000) (1024K)]
  0x000002a2c6a06650 JavaThread "Unconstrained build operations Thread 22"        [_thread_blocked, id=3528, stack(0x000000ea3ab00000,0x000000ea3ac00000) (1024K)]
  0x000002a2c6a07a00 JavaThread "Unconstrained build operations Thread 23"        [_thread_blocked, id=20116, stack(0x000000ea39f00000,0x000000ea3a000000) (1024K)]
  0x000002a2c6a0a160 JavaThread "Unconstrained build operations Thread 24"        [_thread_blocked, id=12256, stack(0x000000ea3a000000,0x000000ea3a100000) (1024K)]
  0x000002a2c6a08720 JavaThread "Unconstrained build operations Thread 25"        [_thread_blocked, id=33732, stack(0x000000ea3ac00000,0x000000ea3ad00000) (1024K)]
  0x000002a2c6a09440 JavaThread "Unconstrained build operations Thread 26"        [_thread_blocked, id=31264, stack(0x000000ea3ad00000,0x000000ea3ae00000) (1024K)]
  0x000002a2c6a08090 JavaThread "Unconstrained build operations Thread 27"        [_thread_blocked, id=3292, stack(0x000000ea3ae00000,0x000000ea3af00000) (1024K)]
  0x000002a2c6a09ad0 JavaThread "Unconstrained build operations Thread 28"        [_thread_blocked, id=1140, stack(0x000000ea3af00000,0x000000ea3b000000) (1024K)]
  0x000002a2c2c034e0 JavaThread "Unconstrained build operations Thread 29"        [_thread_blocked, id=22744, stack(0x000000ea3b000000,0x000000ea3b100000) (1024K)]
  0x000002a2c2c05c40 JavaThread "Unconstrained build operations Thread 30"        [_thread_blocked, id=12620, stack(0x000000ea3b100000,0x000000ea3b200000) (1024K)]
  0x000002a2c2c03b70 JavaThread "Unconstrained build operations Thread 31"        [_thread_blocked, id=28788, stack(0x000000ea3b200000,0x000000ea3b300000) (1024K)]
  0x000002a2c2c062d0 JavaThread "Unconstrained build operations Thread 32"        [_thread_blocked, id=32680, stack(0x000000ea3b300000,0x000000ea3b400000) (1024K)]
  0x000002a2c2c04200 JavaThread "Unconstrained build operations Thread 33"        [_thread_blocked, id=27868, stack(0x000000ea3b400000,0x000000ea3b500000) (1024K)]
  0x000002a2c2c04890 JavaThread "Unconstrained build operations Thread 34"        [_thread_blocked, id=27548, stack(0x000000ea3b500000,0x000000ea3b600000) (1024K)]
  0x000002a2c2c04f20 JavaThread "Unconstrained build operations Thread 35"        [_thread_blocked, id=28320, stack(0x000000ea3b600000,0x000000ea3b700000) (1024K)]
  0x000002a2c2c02e50 JavaThread "Unconstrained build operations Thread 36"        [_thread_blocked, id=7240, stack(0x000000ea3b700000,0x000000ea3b800000) (1024K)]
  0x000002a2c2c06960 JavaThread "Unconstrained build operations Thread 37"        [_thread_blocked, id=33180, stack(0x000000ea3b800000,0x000000ea3b900000) (1024K)]
  0x000002a2c2c055b0 JavaThread "Unconstrained build operations Thread 38"        [_thread_blocked, id=28836, stack(0x000000ea3b900000,0x000000ea3ba00000) (1024K)]
  0x000002a2c2c07d10 JavaThread "Unconstrained build operations Thread 39"        [_thread_blocked, id=33088, stack(0x000000ea3ba00000,0x000000ea3bb00000) (1024K)]
  0x000002a2c2c0a470 JavaThread "Unconstrained build operations Thread 40"        [_thread_blocked, id=13584, stack(0x000000ea3bc00000,0x000000ea3bd00000) (1024K)]
  0x000002a2c2c083a0 JavaThread "Unconstrained build operations Thread 41"        [_thread_blocked, id=32428, stack(0x000000ea3bd00000,0x000000ea3be00000) (1024K)]
  0x000002a2c2c09750 JavaThread "Unconstrained build operations Thread 42"        [_thread_blocked, id=12848, stack(0x000000ea3be00000,0x000000ea3bf00000) (1024K)]
  0x000002a2c2c08a30 JavaThread "Unconstrained build operations Thread 43"        [_thread_blocked, id=27960, stack(0x000000ea3bf00000,0x000000ea3c000000) (1024K)]
  0x000002a2c2c09de0 JavaThread "Unconstrained build operations Thread 44"        [_thread_blocked, id=4764, stack(0x000000ea3c000000,0x000000ea3c100000) (1024K)]
  0x000002a2c2c06ff0 JavaThread "Unconstrained build operations Thread 45"        [_thread_blocked, id=25332, stack(0x000000ea3c100000,0x000000ea3c200000) (1024K)]
  0x000002a2c3a6e940 JavaThread "Unconstrained build operations Thread 46"        [_thread_blocked, id=3512, stack(0x000000ea3c200000,0x000000ea3c300000) (1024K)]
  0x000002a2c3a70a10 JavaThread "Unconstrained build operations Thread 47"        [_thread_blocked, id=32884, stack(0x000000ea3c300000,0x000000ea3c400000) (1024K)]
  0x000002a2c3a710a0 JavaThread "Unconstrained build operations Thread 48"        [_thread_blocked, id=4644, stack(0x000000ea3c400000,0x000000ea3c500000) (1024K)]
  0x000002a2c3a71dc0 JavaThread "Unconstrained build operations Thread 49"        [_thread_blocked, id=21128, stack(0x000000ea3c500000,0x000000ea3c600000) (1024K)]
  0x000002a2c3a6efd0 JavaThread "Unconstrained build operations Thread 50"        [_thread_blocked, id=26600, stack(0x000000ea3c600000,0x000000ea3c700000) (1024K)]
  0x000002a2c3a71730 JavaThread "Unconstrained build operations Thread 51"        [_thread_blocked, id=9852, stack(0x000000ea3c700000,0x000000ea3c800000) (1024K)]
  0x000002a2c3a72450 JavaThread "Unconstrained build operations Thread 52"        [_thread_blocked, id=33768, stack(0x000000ea3c800000,0x000000ea3c900000) (1024K)]
  0x000002a2c3a70380 JavaThread "Unconstrained build operations Thread 53"        [_thread_blocked, id=7176, stack(0x000000ea3c900000,0x000000ea3ca00000) (1024K)]
  0x000002a2c3a72ae0 JavaThread "Unconstrained build operations Thread 54"        [_thread_blocked, id=32464, stack(0x000000ea3ca00000,0x000000ea3cb00000) (1024K)]
  0x000002a2c3a6f660 JavaThread "Unconstrained build operations Thread 55"        [_thread_blocked, id=26384, stack(0x000000ea3cb00000,0x000000ea3cc00000) (1024K)]
  0x000002a2c3a73170 JavaThread "Unconstrained build operations Thread 56"        [_thread_blocked, id=31444, stack(0x000000ea3cc00000,0x000000ea3cd00000) (1024K)]
  0x000002a2c3a73800 JavaThread "Unconstrained build operations Thread 57"        [_thread_in_native, id=14252, stack(0x000000ea35b00000,0x000000ea35c00000) (1024K)]
  0x000002a2c3a74520 JavaThread "Unconstrained build operations Thread 58"        [_thread_in_native, id=31700, stack(0x000000ea35c00000,0x000000ea35d00000) (1024K)]
=>0x000002a2c3aa4f20 JavaThread "C2 CompilerThread1"         daemon [_thread_in_native, id=24880, stack(0x000000ea35d00000,0x000000ea35e00000) (1024K)]
  0x000002a2c3a73e90 JavaThread "Unconstrained build operations Thread 59"        [_thread_in_native, id=30356, stack(0x000000ea3ce00000,0x000000ea3cf00000) (1024K)]
  0x000002a2c3a74bb0 JavaThread "Unconstrained build operations Thread 60"        [_thread_in_Java, id=16148, stack(0x000000ea3cf00000,0x000000ea3d000000) (1024K)]
  0x000002a2c3a75240 JavaThread "Unconstrained build operations Thread 61"        [_thread_blocked, id=9428, stack(0x000000ea3d000000,0x000000ea3d100000) (1024K)]
  0x000002a2c3a758d0 JavaThread "Unconstrained build operations Thread 62"        [_thread_blocked, id=15760, stack(0x000000ea3d100000,0x000000ea3d200000) (1024K)]
Total: 98

Other Threads:
  0x000002a2bc006730 VMThread "VM Thread"                           [id=26120, stack(0x000000ea36500000,0x000000ea36600000) (1024K)]
  0x000002a2a6ce8130 WatcherThread "VM Periodic Task Thread"        [id=18052, stack(0x000000ea36400000,0x000000ea36500000) (1024K)]
  0x000002a290f2cbc0 WorkerThread "GC Thread#0"                     [id=19600, stack(0x000000ea35f00000,0x000000ea36000000) (1024K)]
  0x000002a2bc888020 WorkerThread "GC Thread#1"                     [id=26392, stack(0x000000ea37200000,0x000000ea37300000) (1024K)]
  0x000002a2bc8883d0 WorkerThread "GC Thread#2"                     [id=27812, stack(0x000000ea37300000,0x000000ea37400000) (1024K)]
  0x000002a2bc378ea0 WorkerThread "GC Thread#3"                     [id=27420, stack(0x000000ea37400000,0x000000ea37500000) (1024K)]
  0x000002a2bc379250 WorkerThread "GC Thread#4"                     [id=15528, stack(0x000000ea37500000,0x000000ea37600000) (1024K)]
  0x000002a2bc379600 WorkerThread "GC Thread#5"                     [id=28700, stack(0x000000ea37600000,0x000000ea37700000) (1024K)]
  0x000002a2c1797d80 WorkerThread "GC Thread#6"                     [id=31240, stack(0x000000ea37100000,0x000000ea37200000) (1024K)]
  0x000002a2c1798130 WorkerThread "GC Thread#7"                     [id=22612, stack(0x000000ea37700000,0x000000ea37800000) (1024K)]
  0x000002a2c4cefea0 WorkerThread "GC Thread#8"                     [id=28204, stack(0x000000ea38800000,0x000000ea38900000) (1024K)]
  0x000002a2c4cee120 WorkerThread "GC Thread#9"                     [id=33784, stack(0x000000ea38900000,0x000000ea38a00000) (1024K)]
  0x000002a290f32ad0 ConcurrentGCThread "G1 Main Marker"            [id=22928, stack(0x000000ea36000000,0x000000ea36100000) (1024K)]
  0x000002a290f35220 WorkerThread "G1 Conc#0"                       [id=33292, stack(0x000000ea36100000,0x000000ea36200000) (1024K)]
  0x000002a2c4cedd70 WorkerThread "G1 Conc#1"                       [id=7828, stack(0x000000ea38a00000,0x000000ea38b00000) (1024K)]
  0x000002a2c4cf09b0 WorkerThread "G1 Conc#2"                       [id=15444, stack(0x000000ea38b00000,0x000000ea38c00000) (1024K)]
  0x000002a2a6bbc6f0 ConcurrentGCThread "G1 Refine#0"               [id=4232, stack(0x000000ea36200000,0x000000ea36300000) (1024K)]
  0x000002a2a6bbcf20 ConcurrentGCThread "G1 Service"                [id=33548, stack(0x000000ea36300000,0x000000ea36400000) (1024K)]
Total: 18

Threads with active compile tasks:
C2 CompilerThread0  86893 9914       4       org.gradle.internal.serialize.HierarchicalNameSerializer::writeFirstOccurrenceOfName (73 bytes)
C2 CompilerThread1  86893 9896       4       org.gradle.internal.serialize.HierarchicalNameSerializer::writeName (88 bytes)
Total: 2

VM state: not at safepoint (normal execution)

VM Mutex/Monitor currently owned by a thread: None

Heap address: 0x00000000e0000000, size: 512 MB, Compressed Oops mode: 32-bit

CDS archive(s) mapped at: [0x000002a2a7000000-0x000002a2a7ba0000-0x000002a2a7ba0000), size 12189696, SharedBaseAddress: 0x000002a2a7000000, ArchiveRelocationMode: 1.
Compressed class space mapped at: 0x000002a2a8000000-0x000002a2bc000000, reserved size: 335544320
Narrow klass base: 0x000002a2a7000000, Narrow klass shift: 0, Narrow klass range: 0x100000000

GC Precious Log:
 CardTable entry size: 512
 Card Set container configuration: InlinePtr #cards 5 size 8 Array Of Cards #cards 12 size 40 Howl #buckets 4 coarsen threshold 1843 Howl Bitmap #cards 512 size 80 coarsen threshold 460 Card regions per heap region 1 cards per card region 2048
 CPUs: 12 total, 12 available
 Memory: 7520M
 Large Page Support: Disabled
 NUMA Support: Disabled
 Compressed Oops: Enabled (32-bit)
 Heap Region Size: 1M
 Heap Min Capacity: 256M
 Heap Initial Capacity: 256M
 Heap Max Capacity: 512M
 Pre-touch: Disabled
 Parallel Workers: 10
 Concurrent Workers: 3
 Concurrent Refinement Workers: 10
 Periodic GC: Disabled

Heap:
 garbage-first heap   total 262144K, used 131117K [0x00000000e0000000, 0x0000000100000000)
  region size 1024K, 92 young (94208K), 15 survivors (15360K)
 Metaspace       used 63784K, committed 65408K, reserved 393216K
  class space    used 8924K, committed 9728K, reserved 327680K

Heap Regions: E=young(eden), S=young(survivor), O=old, HS=humongous(starts), HC=humongous(continues), CS=collection set, F=free, TAMS=top-at-mark-start, PB=parsable bottom
|   0|0x00000000e0000000, 0x00000000e0100000, 0x00000000e0100000|100%|HS|  |TAMS 0x00000000e0000000| PB 0x00000000e0000000| Complete 
|   1|0x00000000e0100000, 0x00000000e0200000, 0x00000000e0200000|100%|HC|  |TAMS 0x00000000e0100000| PB 0x00000000e0100000| Complete 
|   2|0x00000000e0200000, 0x00000000e0300000, 0x00000000e0300000|100%|HC|  |TAMS 0x00000000e0200000| PB 0x00000000e0200000| Complete 
|   3|0x00000000e0300000, 0x00000000e0400000, 0x00000000e0400000|100%|HC|  |TAMS 0x00000000e0300000| PB 0x00000000e0300000| Complete 
|   4|0x00000000e0400000, 0x00000000e0500000, 0x00000000e0500000|100%| O|  |TAMS 0x00000000e0400000| PB 0x00000000e0400000| Untracked 
|   5|0x00000000e0500000, 0x00000000e0600000, 0x00000000e0600000|100%| O|  |TAMS 0x00000000e0500000| PB 0x00000000e0500000| Untracked 
|   6|0x00000000e0600000, 0x00000000e0700000, 0x00000000e0700000|100%| O|  |TAMS 0x00000000e0600000| PB 0x00000000e0600000| Untracked 
|   7|0x00000000e0700000, 0x00000000e0800000, 0x00000000e0800000|100%| O|  |TAMS 0x00000000e0700000| PB 0x00000000e0700000| Untracked 
|   8|0x00000000e0800000, 0x00000000e0900000, 0x00000000e0900000|100%| O|  |TAMS 0x00000000e0800000| PB 0x00000000e0800000| Untracked 
|   9|0x00000000e0900000, 0x00000000e0a00000, 0x00000000e0a00000|100%| O|  |TAMS 0x00000000e0900000| PB 0x00000000e0900000| Untracked 
|  10|0x00000000e0a00000, 0x00000000e0b00000, 0x00000000e0b00000|100%| O|  |TAMS 0x00000000e0a00000| PB 0x00000000e0a00000| Untracked 
|  11|0x00000000e0b00000, 0x00000000e0c00000, 0x00000000e0c00000|100%|HS|  |TAMS 0x00000000e0b00000| PB 0x00000000e0b00000| Complete 
|  12|0x00000000e0c00000, 0x00000000e0d00000, 0x00000000e0d00000|100%| O|  |TAMS 0x00000000e0c00000| PB 0x00000000e0c00000| Untracked 
|  13|0x00000000e0d00000, 0x00000000e0e00000, 0x00000000e0e00000|100%| O|  |TAMS 0x00000000e0d00000| PB 0x00000000e0d00000| Untracked 
|  14|0x00000000e0e00000, 0x00000000e0f00000, 0x00000000e0f00000|100%| O|  |TAMS 0x00000000e0e00000| PB 0x00000000e0e00000| Untracked 
|  15|0x00000000e0f00000, 0x00000000e1000000, 0x00000000e1000000|100%| O|  |TAMS 0x00000000e0f00000| PB 0x00000000e0f00000| Untracked 
|  16|0x00000000e1000000, 0x00000000e1100000, 0x00000000e1100000|100%| O|  |TAMS 0x00000000e1000000| PB 0x00000000e1000000| Untracked 
|  17|0x00000000e1100000, 0x00000000e1200000, 0x00000000e1200000|100%| O|  |TAMS 0x00000000e1100000| PB 0x00000000e1100000| Untracked 
|  18|0x00000000e1200000, 0x00000000e1300000, 0x00000000e1300000|100%| O|  |TAMS 0x00000000e1200000| PB 0x00000000e1200000| Untracked 
|  19|0x00000000e1300000, 0x00000000e1400000, 0x00000000e1400000|100%| O|  |TAMS 0x00000000e1300000| PB 0x00000000e1300000| Untracked 
|  20|0x00000000e1400000, 0x00000000e1500000, 0x00000000e1500000|100%| O|  |TAMS 0x00000000e1400000| PB 0x00000000e1400000| Untracked 
|  21|0x00000000e1500000, 0x00000000e1600000, 0x00000000e1600000|100%| O|  |TAMS 0x00000000e1500000| PB 0x00000000e1500000| Untracked 
|  22|0x00000000e1600000, 0x00000000e1700000, 0x00000000e1700000|100%| O|  |TAMS 0x00000000e1600000| PB 0x00000000e1600000| Untracked 
|  23|0x00000000e1700000, 0x00000000e1800000, 0x00000000e1800000|100%| O|  |TAMS 0x00000000e1700000| PB 0x00000000e1700000| Untracked 
|  24|0x00000000e1800000, 0x00000000e1900000, 0x00000000e1900000|100%| O|  |TAMS 0x00000000e1800000| PB 0x00000000e1800000| Untracked 
|  25|0x00000000e1900000, 0x00000000e1a00000, 0x00000000e1a00000|100%| O|  |TAMS 0x00000000e1900000| PB 0x00000000e1900000| Untracked 
|  26|0x00000000e1a00000, 0x00000000e1b00000, 0x00000000e1b00000|100%| O|  |TAMS 0x00000000e1a00000| PB 0x00000000e1a00000| Untracked 
|  27|0x00000000e1b00000, 0x00000000e1c00000, 0x00000000e1c00000|100%| O|  |TAMS 0x00000000e1b00000| PB 0x00000000e1b00000| Untracked 
|  28|0x00000000e1c00000, 0x00000000e1d00000, 0x00000000e1d00000|100%| O|  |TAMS 0x00000000e1c00000| PB 0x00000000e1c00000| Untracked 
|  29|0x00000000e1d00000, 0x00000000e1e00000, 0x00000000e1e00000|100%| O|  |TAMS 0x00000000e1d00000| PB 0x00000000e1d00000| Untracked 
|  30|0x00000000e1e00000, 0x00000000e1f00000, 0x00000000e1f00000|100%| O|  |TAMS 0x00000000e1e00000| PB 0x00000000e1e00000| Untracked 
|  31|0x00000000e1f00000, 0x00000000e2000000, 0x00000000e2000000|100%| O|Cm|TAMS 0x00000000e1f00000| PB 0x00000000e1f00000| Complete 
|  32|0x00000000e2000000, 0x00000000e2100000, 0x00000000e2100000|100%| O|  |TAMS 0x00000000e2000000| PB 0x00000000e2000000| Untracked 
|  33|0x00000000e2100000, 0x00000000e2200000, 0x00000000e2200000|100%| O|  |TAMS 0x00000000e2100000| PB 0x00000000e2100000| Untracked 
|  34|0x00000000e2200000, 0x00000000e2300000, 0x00000000e2300000|100%| O|  |TAMS 0x00000000e2200000| PB 0x00000000e2200000| Untracked 
|  35|0x00000000e2300000, 0x00000000e2400000, 0x00000000e2400000|100%| O|  |TAMS 0x00000000e2300000| PB 0x00000000e2300000| Untracked 
|  36|0x00000000e2400000, 0x00000000e2500000, 0x00000000e2500000|100%| O|  |TAMS 0x00000000e2400000| PB 0x00000000e2400000| Untracked 
|  37|0x00000000e2500000, 0x00000000e2600000, 0x00000000e2600000|100%| O|  |TAMS 0x00000000e2500000| PB 0x00000000e2500000| Untracked 
|  38|0x00000000e2600000, 0x00000000e267f828, 0x00000000e2700000| 49%| O|  |TAMS 0x00000000e2600000| PB 0x00000000e2600000| Untracked 
|  39|0x00000000e2700000, 0x00000000e2700000, 0x00000000e2800000|  0%| F|  |TAMS 0x00000000e2700000| PB 0x00000000e2700000| Untracked 
|  40|0x00000000e2800000, 0x00000000e2800000, 0x00000000e2900000|  0%| F|  |TAMS 0x00000000e2800000| PB 0x00000000e2800000| Untracked 
|  41|0x00000000e2900000, 0x00000000e2900000, 0x00000000e2a00000|  0%| F|  |TAMS 0x00000000e2900000| PB 0x00000000e2900000| Untracked 
|  42|0x00000000e2a00000, 0x00000000e2a00000, 0x00000000e2b00000|  0%| F|  |TAMS 0x00000000e2a00000| PB 0x00000000e2a00000| Untracked 
|  43|0x00000000e2b00000, 0x00000000e2b00000, 0x00000000e2c00000|  0%| F|  |TAMS 0x00000000e2b00000| PB 0x00000000e2b00000| Untracked 
|  44|0x00000000e2c00000, 0x00000000e2c00000, 0x00000000e2d00000|  0%| F|  |TAMS 0x00000000e2c00000| PB 0x00000000e2c00000| Untracked 
|  45|0x00000000e2d00000, 0x00000000e2d00000, 0x00000000e2e00000|  0%| F|  |TAMS 0x00000000e2d00000| PB 0x00000000e2d00000| Untracked 
|  46|0x00000000e2e00000, 0x00000000e2e00000, 0x00000000e2f00000|  0%| F|  |TAMS 0x00000000e2e00000| PB 0x00000000e2e00000| Untracked 
|  47|0x00000000e2f00000, 0x00000000e2f00000, 0x00000000e3000000|  0%| F|  |TAMS 0x00000000e2f00000| PB 0x00000000e2f00000| Untracked 
|  48|0x00000000e3000000, 0x00000000e3000000, 0x00000000e3100000|  0%| F|  |TAMS 0x00000000e3000000| PB 0x00000000e3000000| Untracked 
|  49|0x00000000e3100000, 0x00000000e3100000, 0x00000000e3200000|  0%| F|  |TAMS 0x00000000e3100000| PB 0x00000000e3100000| Untracked 
|  50|0x00000000e3200000, 0x00000000e3200000, 0x00000000e3300000|  0%| F|  |TAMS 0x00000000e3200000| PB 0x00000000e3200000| Untracked 
|  51|0x00000000e3300000, 0x00000000e3300000, 0x00000000e3400000|  0%| F|  |TAMS 0x00000000e3300000| PB 0x00000000e3300000| Untracked 
|  52|0x00000000e3400000, 0x00000000e3400000, 0x00000000e3500000|  0%| F|  |TAMS 0x00000000e3400000| PB 0x00000000e3400000| Untracked 
|  53|0x00000000e3500000, 0x00000000e3500000, 0x00000000e3600000|  0%| F|  |TAMS 0x00000000e3500000| PB 0x00000000e3500000| Untracked 
|  54|0x00000000e3600000, 0x00000000e3600000, 0x00000000e3700000|  0%| F|  |TAMS 0x00000000e3600000| PB 0x00000000e3600000| Untracked 
|  55|0x00000000e3700000, 0x00000000e3700000, 0x00000000e3800000|  0%| F|  |TAMS 0x00000000e3700000| PB 0x00000000e3700000| Untracked 
|  56|0x00000000e3800000, 0x00000000e3800000, 0x00000000e3900000|  0%| F|  |TAMS 0x00000000e3800000| PB 0x00000000e3800000| Untracked 
|  57|0x00000000e3900000, 0x00000000e3900000, 0x00000000e3a00000|  0%| F|  |TAMS 0x00000000e3900000| PB 0x00000000e3900000| Untracked 
|  58|0x00000000e3a00000, 0x00000000e3a00000, 0x00000000e3b00000|  0%| F|  |TAMS 0x00000000e3a00000| PB 0x00000000e3a00000| Untracked 
|  59|0x00000000e3b00000, 0x00000000e3b00000, 0x00000000e3c00000|  0%| F|  |TAMS 0x00000000e3b00000| PB 0x00000000e3b00000| Untracked 
|  60|0x00000000e3c00000, 0x00000000e3c00000, 0x00000000e3d00000|  0%| F|  |TAMS 0x00000000e3c00000| PB 0x00000000e3c00000| Untracked 
|  61|0x00000000e3d00000, 0x00000000e3d00000, 0x00000000e3e00000|  0%| F|  |TAMS 0x00000000e3d00000| PB 0x00000000e3d00000| Untracked 
|  62|0x00000000e3e00000, 0x00000000e3e00000, 0x00000000e3f00000|  0%| F|  |TAMS 0x00000000e3e00000| PB 0x00000000e3e00000| Untracked 
|  63|0x00000000e3f00000, 0x00000000e3f00000, 0x00000000e4000000|  0%| F|  |TAMS 0x00000000e3f00000| PB 0x00000000e3f00000| Untracked 
|  64|0x00000000e4000000, 0x00000000e4000000, 0x00000000e4100000|  0%| F|  |TAMS 0x00000000e4000000| PB 0x00000000e4000000| Untracked 
|  65|0x00000000e4100000, 0x00000000e4100000, 0x00000000e4200000|  0%| F|  |TAMS 0x00000000e4100000| PB 0x00000000e4100000| Untracked 
|  66|0x00000000e4200000, 0x00000000e4200000, 0x00000000e4300000|  0%| F|  |TAMS 0x00000000e4200000| PB 0x00000000e4200000| Untracked 
|  67|0x00000000e4300000, 0x00000000e4300000, 0x00000000e4400000|  0%| F|  |TAMS 0x00000000e4300000| PB 0x00000000e4300000| Untracked 
|  68|0x00000000e4400000, 0x00000000e4400000, 0x00000000e4500000|  0%| F|  |TAMS 0x00000000e4400000| PB 0x00000000e4400000| Untracked 
|  69|0x00000000e4500000, 0x00000000e4500000, 0x00000000e4600000|  0%| F|  |TAMS 0x00000000e4500000| PB 0x00000000e4500000| Untracked 
|  70|0x00000000e4600000, 0x00000000e4600000, 0x00000000e4700000|  0%| F|  |TAMS 0x00000000e4600000| PB 0x00000000e4600000| Untracked 
|  71|0x00000000e4700000, 0x00000000e4700000, 0x00000000e4800000|  0%| F|  |TAMS 0x00000000e4700000| PB 0x00000000e4700000| Untracked 
|  72|0x00000000e4800000, 0x00000000e4800000, 0x00000000e4900000|  0%| F|  |TAMS 0x00000000e4800000| PB 0x00000000e4800000| Untracked 
|  73|0x00000000e4900000, 0x00000000e4900000, 0x00000000e4a00000|  0%| F|  |TAMS 0x00000000e4900000| PB 0x00000000e4900000| Untracked 
|  74|0x00000000e4a00000, 0x00000000e4a00000, 0x00000000e4b00000|  0%| F|  |TAMS 0x00000000e4a00000| PB 0x00000000e4a00000| Untracked 
|  75|0x00000000e4b00000, 0x00000000e4b00000, 0x00000000e4c00000|  0%| F|  |TAMS 0x00000000e4b00000| PB 0x00000000e4b00000| Untracked 
|  76|0x00000000e4c00000, 0x00000000e4c00000, 0x00000000e4d00000|  0%| F|  |TAMS 0x00000000e4c00000| PB 0x00000000e4c00000| Untracked 
|  77|0x00000000e4d00000, 0x00000000e4d00000, 0x00000000e4e00000|  0%| F|  |TAMS 0x00000000e4d00000| PB 0x00000000e4d00000| Untracked 
|  78|0x00000000e4e00000, 0x00000000e4e00000, 0x00000000e4f00000|  0%| F|  |TAMS 0x00000000e4e00000| PB 0x00000000e4e00000| Untracked 
|  79|0x00000000e4f00000, 0x00000000e4f00000, 0x00000000e5000000|  0%| F|  |TAMS 0x00000000e4f00000| PB 0x00000000e4f00000| Untracked 
|  80|0x00000000e5000000, 0x00000000e5000000, 0x00000000e5100000|  0%| F|  |TAMS 0x00000000e5000000| PB 0x00000000e5000000| Untracked 
|  81|0x00000000e5100000, 0x00000000e5100000, 0x00000000e5200000|  0%| F|  |TAMS 0x00000000e5100000| PB 0x00000000e5100000| Untracked 
|  82|0x00000000e5200000, 0x00000000e5200000, 0x00000000e5300000|  0%| F|  |TAMS 0x00000000e5200000| PB 0x00000000e5200000| Untracked 
|  83|0x00000000e5300000, 0x00000000e5300000, 0x00000000e5400000|  0%| F|  |TAMS 0x00000000e5300000| PB 0x00000000e5300000| Untracked 
|  84|0x00000000e5400000, 0x00000000e5400000, 0x00000000e5500000|  0%| F|  |TAMS 0x00000000e5400000| PB 0x00000000e5400000| Untracked 
|  85|0x00000000e5500000, 0x00000000e5500000, 0x00000000e5600000|  0%| F|  |TAMS 0x00000000e5500000| PB 0x00000000e5500000| Untracked 
|  86|0x00000000e5600000, 0x00000000e5600000, 0x00000000e5700000|  0%| F|  |TAMS 0x00000000e5600000| PB 0x00000000e5600000| Untracked 
|  87|0x00000000e5700000, 0x00000000e5700000, 0x00000000e5800000|  0%| F|  |TAMS 0x00000000e5700000| PB 0x00000000e5700000| Untracked 
|  88|0x00000000e5800000, 0x00000000e588bc20, 0x00000000e5900000| 54%| S|CS|TAMS 0x00000000e5800000| PB 0x00000000e5800000| Complete 
|  89|0x00000000e5900000, 0x00000000e5a00000, 0x00000000e5a00000|100%| S|CS|TAMS 0x00000000e5900000| PB 0x00000000e5900000| Complete 
|  90|0x00000000e5a00000, 0x00000000e5b00000, 0x00000000e5b00000|100%| S|CS|TAMS 0x00000000e5a00000| PB 0x00000000e5a00000| Complete 
|  91|0x00000000e5b00000, 0x00000000e5c00000, 0x00000000e5c00000|100%| S|CS|TAMS 0x00000000e5b00000| PB 0x00000000e5b00000| Complete 
|  92|0x00000000e5c00000, 0x00000000e5d00000, 0x00000000e5d00000|100%| S|CS|TAMS 0x00000000e5c00000| PB 0x00000000e5c00000| Complete 
|  93|0x00000000e5d00000, 0x00000000e5e00000, 0x00000000e5e00000|100%| S|CS|TAMS 0x00000000e5d00000| PB 0x00000000e5d00000| Complete 
|  94|0x00000000e5e00000, 0x00000000e5f00000, 0x00000000e5f00000|100%| S|CS|TAMS 0x00000000e5e00000| PB 0x00000000e5e00000| Complete 
|  95|0x00000000e5f00000, 0x00000000e6000000, 0x00000000e6000000|100%| S|CS|TAMS 0x00000000e5f00000| PB 0x00000000e5f00000| Complete 
|  96|0x00000000e6000000, 0x00000000e6100000, 0x00000000e6100000|100%| S|CS|TAMS 0x00000000e6000000| PB 0x00000000e6000000| Complete 
|  97|0x00000000e6100000, 0x00000000e6200000, 0x00000000e6200000|100%| S|CS|TAMS 0x00000000e6100000| PB 0x00000000e6100000| Complete 
|  98|0x00000000e6200000, 0x00000000e6300000, 0x00000000e6300000|100%| S|CS|TAMS 0x00000000e6200000| PB 0x00000000e6200000| Complete 
|  99|0x00000000e6300000, 0x00000000e6400000, 0x00000000e6400000|100%| S|CS|TAMS 0x00000000e6300000| PB 0x00000000e6300000| Complete 
| 100|0x00000000e6400000, 0x00000000e6500000, 0x00000000e6500000|100%| S|CS|TAMS 0x00000000e6400000| PB 0x00000000e6400000| Complete 
| 101|0x00000000e6500000, 0x00000000e6600000, 0x00000000e6600000|100%| S|CS|TAMS 0x00000000e6500000| PB 0x00000000e6500000| Complete 
| 102|0x00000000e6600000, 0x00000000e6700000, 0x00000000e6700000|100%| S|CS|TAMS 0x00000000e6600000| PB 0x00000000e6600000| Complete 
| 103|0x00000000e6700000, 0x00000000e6700000, 0x00000000e6800000|  0%| F|  |TAMS 0x00000000e6700000| PB 0x00000000e6700000| Untracked 
| 104|0x00000000e6800000, 0x00000000e6800000, 0x00000000e6900000|  0%| F|  |TAMS 0x00000000e6800000| PB 0x00000000e6800000| Untracked 
| 105|0x00000000e6900000, 0x00000000e6900000, 0x00000000e6a00000|  0%| F|  |TAMS 0x00000000e6900000| PB 0x00000000e6900000| Untracked 
| 106|0x00000000e6a00000, 0x00000000e6a00000, 0x00000000e6b00000|  0%| F|  |TAMS 0x00000000e6a00000| PB 0x00000000e6a00000| Untracked 
| 107|0x00000000e6b00000, 0x00000000e6b00000, 0x00000000e6c00000|  0%| F|  |TAMS 0x00000000e6b00000| PB 0x00000000e6b00000| Untracked 
| 108|0x00000000e6c00000, 0x00000000e6c00000, 0x00000000e6d00000|  0%| F|  |TAMS 0x00000000e6c00000| PB 0x00000000e6c00000| Untracked 
| 109|0x00000000e6d00000, 0x00000000e6d00000, 0x00000000e6e00000|  0%| F|  |TAMS 0x00000000e6d00000| PB 0x00000000e6d00000| Untracked 
| 110|0x00000000e6e00000, 0x00000000e6e00000, 0x00000000e6f00000|  0%| F|  |TAMS 0x00000000e6e00000| PB 0x00000000e6e00000| Untracked 
| 111|0x00000000e6f00000, 0x00000000e6f00000, 0x00000000e7000000|  0%| F|  |TAMS 0x00000000e6f00000| PB 0x00000000e6f00000| Untracked 
| 112|0x00000000e7000000, 0x00000000e7000000, 0x00000000e7100000|  0%| F|  |TAMS 0x00000000e7000000| PB 0x00000000e7000000| Untracked 
| 113|0x00000000e7100000, 0x00000000e7100000, 0x00000000e7200000|  0%| F|  |TAMS 0x00000000e7100000| PB 0x00000000e7100000| Untracked 
| 114|0x00000000e7200000, 0x00000000e7200000, 0x00000000e7300000|  0%| F|  |TAMS 0x00000000e7200000| PB 0x00000000e7200000| Untracked 
| 115|0x00000000e7300000, 0x00000000e7300000, 0x00000000e7400000|  0%| F|  |TAMS 0x00000000e7300000| PB 0x00000000e7300000| Untracked 
| 116|0x00000000e7400000, 0x00000000e7400000, 0x00000000e7500000|  0%| F|  |TAMS 0x00000000e7400000| PB 0x00000000e7400000| Untracked 
| 117|0x00000000e7500000, 0x00000000e7500000, 0x00000000e7600000|  0%| F|  |TAMS 0x00000000e7500000| PB 0x00000000e7500000| Untracked 
| 118|0x00000000e7600000, 0x00000000e7600000, 0x00000000e7700000|  0%| F|  |TAMS 0x00000000e7600000| PB 0x00000000e7600000| Untracked 
| 119|0x00000000e7700000, 0x00000000e7700000, 0x00000000e7800000|  0%| F|  |TAMS 0x00000000e7700000| PB 0x00000000e7700000| Untracked 
| 120|0x00000000e7800000, 0x00000000e7800000, 0x00000000e7900000|  0%| F|  |TAMS 0x00000000e7800000| PB 0x00000000e7800000| Untracked 
| 121|0x00000000e7900000, 0x00000000e7900000, 0x00000000e7a00000|  0%| F|  |TAMS 0x00000000e7900000| PB 0x00000000e7900000| Untracked 
| 122|0x00000000e7a00000, 0x00000000e7a00000, 0x00000000e7b00000|  0%| F|  |TAMS 0x00000000e7a00000| PB 0x00000000e7a00000| Untracked 
| 123|0x00000000e7b00000, 0x00000000e7b00000, 0x00000000e7c00000|  0%| F|  |TAMS 0x00000000e7b00000| PB 0x00000000e7b00000| Untracked 
| 124|0x00000000e7c00000, 0x00000000e7c00000, 0x00000000e7d00000|  0%| F|  |TAMS 0x00000000e7c00000| PB 0x00000000e7c00000| Untracked 
| 125|0x00000000e7d00000, 0x00000000e7d00000, 0x00000000e7e00000|  0%| F|  |TAMS 0x00000000e7d00000| PB 0x00000000e7d00000| Untracked 
| 126|0x00000000e7e00000, 0x00000000e7e00000, 0x00000000e7f00000|  0%| F|  |TAMS 0x00000000e7e00000| PB 0x00000000e7e00000| Untracked 
| 127|0x00000000e7f00000, 0x00000000e7f00000, 0x00000000e8000000|  0%| F|  |TAMS 0x00000000e7f00000| PB 0x00000000e7f00000| Untracked 
| 128|0x00000000e8000000, 0x00000000e8000000, 0x00000000e8100000|  0%| F|  |TAMS 0x00000000e8000000| PB 0x00000000e8000000| Untracked 
| 129|0x00000000e8100000, 0x00000000e8100000, 0x00000000e8200000|  0%| F|  |TAMS 0x00000000e8100000| PB 0x00000000e8100000| Untracked 
| 130|0x00000000e8200000, 0x00000000e8200000, 0x00000000e8300000|  0%| F|  |TAMS 0x00000000e8200000| PB 0x00000000e8200000| Untracked 
| 131|0x00000000e8300000, 0x00000000e8300000, 0x00000000e8400000|  0%| F|  |TAMS 0x00000000e8300000| PB 0x00000000e8300000| Untracked 
| 132|0x00000000e8400000, 0x00000000e8400000, 0x00000000e8500000|  0%| F|  |TAMS 0x00000000e8400000| PB 0x00000000e8400000| Untracked 
| 133|0x00000000e8500000, 0x00000000e8500000, 0x00000000e8600000|  0%| F|  |TAMS 0x00000000e8500000| PB 0x00000000e8500000| Untracked 
| 134|0x00000000e8600000, 0x00000000e8600000, 0x00000000e8700000|  0%| F|  |TAMS 0x00000000e8600000| PB 0x00000000e8600000| Untracked 
| 135|0x00000000e8700000, 0x00000000e8700000, 0x00000000e8800000|  0%| F|  |TAMS 0x00000000e8700000| PB 0x00000000e8700000| Untracked 
| 136|0x00000000e8800000, 0x00000000e8800000, 0x00000000e8900000|  0%| F|  |TAMS 0x00000000e8800000| PB 0x00000000e8800000| Untracked 
| 137|0x00000000e8900000, 0x00000000e8900000, 0x00000000e8a00000|  0%| F|  |TAMS 0x00000000e8900000| PB 0x00000000e8900000| Untracked 
| 138|0x00000000e8a00000, 0x00000000e8a00000, 0x00000000e8b00000|  0%| F|  |TAMS 0x00000000e8a00000| PB 0x00000000e8a00000| Untracked 
| 139|0x00000000e8b00000, 0x00000000e8b00000, 0x00000000e8c00000|  0%| F|  |TAMS 0x00000000e8b00000| PB 0x00000000e8b00000| Untracked 
| 140|0x00000000e8c00000, 0x00000000e8c00000, 0x00000000e8d00000|  0%| F|  |TAMS 0x00000000e8c00000| PB 0x00000000e8c00000| Untracked 
| 141|0x00000000e8d00000, 0x00000000e8d00000, 0x00000000e8e00000|  0%| F|  |TAMS 0x00000000e8d00000| PB 0x00000000e8d00000| Untracked 
| 142|0x00000000e8e00000, 0x00000000e8e00000, 0x00000000e8f00000|  0%| F|  |TAMS 0x00000000e8e00000| PB 0x00000000e8e00000| Untracked 
| 143|0x00000000e8f00000, 0x00000000e8f00000, 0x00000000e9000000|  0%| F|  |TAMS 0x00000000e8f00000| PB 0x00000000e8f00000| Untracked 
| 144|0x00000000e9000000, 0x00000000e9000000, 0x00000000e9100000|  0%| F|  |TAMS 0x00000000e9000000| PB 0x00000000e9000000| Untracked 
| 145|0x00000000e9100000, 0x00000000e9100000, 0x00000000e9200000|  0%| F|  |TAMS 0x00000000e9100000| PB 0x00000000e9100000| Untracked 
| 146|0x00000000e9200000, 0x00000000e9200000, 0x00000000e9300000|  0%| F|  |TAMS 0x00000000e9200000| PB 0x00000000e9200000| Untracked 
| 147|0x00000000e9300000, 0x00000000e9300000, 0x00000000e9400000|  0%| F|  |TAMS 0x00000000e9300000| PB 0x00000000e9300000| Untracked 
| 148|0x00000000e9400000, 0x00000000e9400000, 0x00000000e9500000|  0%| F|  |TAMS 0x00000000e9400000| PB 0x00000000e9400000| Untracked 
| 149|0x00000000e9500000, 0x00000000e9500000, 0x00000000e9600000|  0%| F|  |TAMS 0x00000000e9500000| PB 0x00000000e9500000| Untracked 
| 150|0x00000000e9600000, 0x00000000e9600000, 0x00000000e9700000|  0%| F|  |TAMS 0x00000000e9600000| PB 0x00000000e9600000| Untracked 
| 151|0x00000000e9700000, 0x00000000e9700000, 0x00000000e9800000|  0%| F|  |TAMS 0x00000000e9700000| PB 0x00000000e9700000| Untracked 
| 152|0x00000000e9800000, 0x00000000e9800000, 0x00000000e9900000|  0%| F|  |TAMS 0x00000000e9800000| PB 0x00000000e9800000| Untracked 
| 153|0x00000000e9900000, 0x00000000e9900000, 0x00000000e9a00000|  0%| F|  |TAMS 0x00000000e9900000| PB 0x00000000e9900000| Untracked 
| 154|0x00000000e9a00000, 0x00000000e9a00000, 0x00000000e9b00000|  0%| F|  |TAMS 0x00000000e9a00000| PB 0x00000000e9a00000| Untracked 
| 155|0x00000000e9b00000, 0x00000000e9b00000, 0x00000000e9c00000|  0%| F|  |TAMS 0x00000000e9b00000| PB 0x00000000e9b00000| Untracked 
| 156|0x00000000e9c00000, 0x00000000e9c00000, 0x00000000e9d00000|  0%| F|  |TAMS 0x00000000e9c00000| PB 0x00000000e9c00000| Untracked 
| 157|0x00000000e9d00000, 0x00000000e9d00000, 0x00000000e9e00000|  0%| F|  |TAMS 0x00000000e9d00000| PB 0x00000000e9d00000| Untracked 
| 158|0x00000000e9e00000, 0x00000000e9e00000, 0x00000000e9f00000|  0%| F|  |TAMS 0x00000000e9e00000| PB 0x00000000e9e00000| Untracked 
| 159|0x00000000e9f00000, 0x00000000e9f00000, 0x00000000ea000000|  0%| F|  |TAMS 0x00000000e9f00000| PB 0x00000000e9f00000| Untracked 
| 160|0x00000000ea000000, 0x00000000ea000000, 0x00000000ea100000|  0%| F|  |TAMS 0x00000000ea000000| PB 0x00000000ea000000| Untracked 
| 161|0x00000000ea100000, 0x00000000ea100000, 0x00000000ea200000|  0%| F|  |TAMS 0x00000000ea100000| PB 0x00000000ea100000| Untracked 
| 162|0x00000000ea200000, 0x00000000ea200000, 0x00000000ea300000|  0%| F|  |TAMS 0x00000000ea200000| PB 0x00000000ea200000| Untracked 
| 163|0x00000000ea300000, 0x00000000ea300000, 0x00000000ea400000|  0%| F|  |TAMS 0x00000000ea300000| PB 0x00000000ea300000| Untracked 
| 164|0x00000000ea400000, 0x00000000ea400000, 0x00000000ea500000|  0%| F|  |TAMS 0x00000000ea400000| PB 0x00000000ea400000| Untracked 
| 165|0x00000000ea500000, 0x00000000ea500000, 0x00000000ea600000|  0%| F|  |TAMS 0x00000000ea500000| PB 0x00000000ea500000| Untracked 
| 166|0x00000000ea600000, 0x00000000ea600000, 0x00000000ea700000|  0%| F|  |TAMS 0x00000000ea600000| PB 0x00000000ea600000| Untracked 
| 167|0x00000000ea700000, 0x00000000ea700000, 0x00000000ea800000|  0%| F|  |TAMS 0x00000000ea700000| PB 0x00000000ea700000| Untracked 
| 168|0x00000000ea800000, 0x00000000ea800000, 0x00000000ea900000|  0%| F|  |TAMS 0x00000000ea800000| PB 0x00000000ea800000| Untracked 
| 169|0x00000000ea900000, 0x00000000ea900000, 0x00000000eaa00000|  0%| F|  |TAMS 0x00000000ea900000| PB 0x00000000ea900000| Untracked 
| 170|0x00000000eaa00000, 0x00000000eaa00000, 0x00000000eab00000|  0%| F|  |TAMS 0x00000000eaa00000| PB 0x00000000eaa00000| Untracked 
| 171|0x00000000eab00000, 0x00000000eab00000, 0x00000000eac00000|  0%| F|  |TAMS 0x00000000eab00000| PB 0x00000000eab00000| Untracked 
| 172|0x00000000eac00000, 0x00000000eac00000, 0x00000000ead00000|  0%| F|  |TAMS 0x00000000eac00000| PB 0x00000000eac00000| Untracked 
| 173|0x00000000ead00000, 0x00000000ead00000, 0x00000000eae00000|  0%| F|  |TAMS 0x00000000ead00000| PB 0x00000000ead00000| Untracked 
| 174|0x00000000eae00000, 0x00000000eae00000, 0x00000000eaf00000|  0%| F|  |TAMS 0x00000000eae00000| PB 0x00000000eae00000| Untracked 
| 175|0x00000000eaf00000, 0x00000000eaf00000, 0x00000000eb000000|  0%| F|  |TAMS 0x00000000eaf00000| PB 0x00000000eaf00000| Untracked 
| 176|0x00000000eb000000, 0x00000000eb000000, 0x00000000eb100000|  0%| F|  |TAMS 0x00000000eb000000| PB 0x00000000eb000000| Untracked 
| 177|0x00000000eb100000, 0x00000000eb100000, 0x00000000eb200000|  0%| F|  |TAMS 0x00000000eb100000| PB 0x00000000eb100000| Untracked 
| 178|0x00000000eb200000, 0x00000000eb200000, 0x00000000eb300000|  0%| F|  |TAMS 0x00000000eb200000| PB 0x00000000eb200000| Untracked 
| 179|0x00000000eb300000, 0x00000000eb334ac0, 0x00000000eb400000| 20%| E|  |TAMS 0x00000000eb300000| PB 0x00000000eb300000| Complete 
| 180|0x00000000eb400000, 0x00000000eb500000, 0x00000000eb500000|100%| E|CS|TAMS 0x00000000eb400000| PB 0x00000000eb400000| Complete 
| 181|0x00000000eb500000, 0x00000000eb600000, 0x00000000eb600000|100%| E|  |TAMS 0x00000000eb500000| PB 0x00000000eb500000| Complete 
| 182|0x00000000eb600000, 0x00000000eb700000, 0x00000000eb700000|100%| E|CS|TAMS 0x00000000eb600000| PB 0x00000000eb600000| Complete 
| 183|0x00000000eb700000, 0x00000000eb800000, 0x00000000eb800000|100%| E|CS|TAMS 0x00000000eb700000| PB 0x00000000eb700000| Complete 
| 184|0x00000000eb800000, 0x00000000eb900000, 0x00000000eb900000|100%| E|CS|TAMS 0x00000000eb800000| PB 0x00000000eb800000| Complete 
| 185|0x00000000eb900000, 0x00000000eba00000, 0x00000000eba00000|100%| E|CS|TAMS 0x00000000eb900000| PB 0x00000000eb900000| Complete 
| 186|0x00000000eba00000, 0x00000000ebb00000, 0x00000000ebb00000|100%| E|CS|TAMS 0x00000000eba00000| PB 0x00000000eba00000| Complete 
| 187|0x00000000ebb00000, 0x00000000ebc00000, 0x00000000ebc00000|100%| E|CS|TAMS 0x00000000ebb00000| PB 0x00000000ebb00000| Complete 
| 188|0x00000000ebc00000, 0x00000000ebd00000, 0x00000000ebd00000|100%| E|CS|TAMS 0x00000000ebc00000| PB 0x00000000ebc00000| Complete 
| 189|0x00000000ebd00000, 0x00000000ebe00000, 0x00000000ebe00000|100%| E|CS|TAMS 0x00000000ebd00000| PB 0x00000000ebd00000| Complete 
| 190|0x00000000ebe00000, 0x00000000ebf00000, 0x00000000ebf00000|100%| E|CS|TAMS 0x00000000ebe00000| PB 0x00000000ebe00000| Complete 
| 191|0x00000000ebf00000, 0x00000000ec000000, 0x00000000ec000000|100%| E|CS|TAMS 0x00000000ebf00000| PB 0x00000000ebf00000| Complete 
| 192|0x00000000ec000000, 0x00000000ec100000, 0x00000000ec100000|100%| E|CS|TAMS 0x00000000ec000000| PB 0x00000000ec000000| Complete 
| 193|0x00000000ec100000, 0x00000000ec200000, 0x00000000ec200000|100%| E|CS|TAMS 0x00000000ec100000| PB 0x00000000ec100000| Complete 
| 194|0x00000000ec200000, 0x00000000ec300000, 0x00000000ec300000|100%| E|CS|TAMS 0x00000000ec200000| PB 0x00000000ec200000| Complete 
| 195|0x00000000ec300000, 0x00000000ec400000, 0x00000000ec400000|100%| E|CS|TAMS 0x00000000ec300000| PB 0x00000000ec300000| Complete 
| 196|0x00000000ec400000, 0x00000000ec500000, 0x00000000ec500000|100%| E|CS|TAMS 0x00000000ec400000| PB 0x00000000ec400000| Complete 
| 197|0x00000000ec500000, 0x00000000ec600000, 0x00000000ec600000|100%| E|CS|TAMS 0x00000000ec500000| PB 0x00000000ec500000| Complete 
| 198|0x00000000ec600000, 0x00000000ec700000, 0x00000000ec700000|100%| E|CS|TAMS 0x00000000ec600000| PB 0x00000000ec600000| Complete 
| 199|0x00000000ec700000, 0x00000000ec800000, 0x00000000ec800000|100%| E|CS|TAMS 0x00000000ec700000| PB 0x00000000ec700000| Complete 
| 200|0x00000000ec800000, 0x00000000ec900000, 0x00000000ec900000|100%| E|CS|TAMS 0x00000000ec800000| PB 0x00000000ec800000| Complete 
| 201|0x00000000ec900000, 0x00000000eca00000, 0x00000000eca00000|100%| E|CS|TAMS 0x00000000ec900000| PB 0x00000000ec900000| Complete 
| 202|0x00000000eca00000, 0x00000000ecb00000, 0x00000000ecb00000|100%| E|CS|TAMS 0x00000000eca00000| PB 0x00000000eca00000| Complete 
| 203|0x00000000ecb00000, 0x00000000ecc00000, 0x00000000ecc00000|100%| E|CS|TAMS 0x00000000ecb00000| PB 0x00000000ecb00000| Complete 
| 204|0x00000000ecc00000, 0x00000000ecd00000, 0x00000000ecd00000|100%| E|CS|TAMS 0x00000000ecc00000| PB 0x00000000ecc00000| Complete 
| 205|0x00000000ecd00000, 0x00000000ece00000, 0x00000000ece00000|100%| E|CS|TAMS 0x00000000ecd00000| PB 0x00000000ecd00000| Complete 
| 206|0x00000000ece00000, 0x00000000ecf00000, 0x00000000ecf00000|100%| E|CS|TAMS 0x00000000ece00000| PB 0x00000000ece00000| Complete 
| 207|0x00000000ecf00000, 0x00000000ed000000, 0x00000000ed000000|100%| E|CS|TAMS 0x00000000ecf00000| PB 0x00000000ecf00000| Complete 
| 208|0x00000000ed000000, 0x00000000ed100000, 0x00000000ed100000|100%| E|CS|TAMS 0x00000000ed000000| PB 0x00000000ed000000| Complete 
| 209|0x00000000ed100000, 0x00000000ed200000, 0x00000000ed200000|100%| E|CS|TAMS 0x00000000ed100000| PB 0x00000000ed100000| Complete 
| 210|0x00000000ed200000, 0x00000000ed300000, 0x00000000ed300000|100%| E|CS|TAMS 0x00000000ed200000| PB 0x00000000ed200000| Complete 
| 211|0x00000000ed300000, 0x00000000ed400000, 0x00000000ed400000|100%| E|CS|TAMS 0x00000000ed300000| PB 0x00000000ed300000| Complete 
| 212|0x00000000ed400000, 0x00000000ed500000, 0x00000000ed500000|100%| E|CS|TAMS 0x00000000ed400000| PB 0x00000000ed400000| Complete 
| 213|0x00000000ed500000, 0x00000000ed600000, 0x00000000ed600000|100%| E|CS|TAMS 0x00000000ed500000| PB 0x00000000ed500000| Complete 
| 214|0x00000000ed600000, 0x00000000ed700000, 0x00000000ed700000|100%| E|CS|TAMS 0x00000000ed600000| PB 0x00000000ed600000| Complete 
| 215|0x00000000ed700000, 0x00000000ed800000, 0x00000000ed800000|100%| E|CS|TAMS 0x00000000ed700000| PB 0x00000000ed700000| Complete 
| 216|0x00000000ed800000, 0x00000000ed900000, 0x00000000ed900000|100%| E|CS|TAMS 0x00000000ed800000| PB 0x00000000ed800000| Complete 
| 217|0x00000000ed900000, 0x00000000eda00000, 0x00000000eda00000|100%| E|CS|TAMS 0x00000000ed900000| PB 0x00000000ed900000| Complete 
| 218|0x00000000eda00000, 0x00000000edb00000, 0x00000000edb00000|100%| E|CS|TAMS 0x00000000eda00000| PB 0x00000000eda00000| Complete 
| 219|0x00000000edb00000, 0x00000000edc00000, 0x00000000edc00000|100%| E|CS|TAMS 0x00000000edb00000| PB 0x00000000edb00000| Complete 
| 220|0x00000000edc00000, 0x00000000edd00000, 0x00000000edd00000|100%| E|CS|TAMS 0x00000000edc00000| PB 0x00000000edc00000| Complete 
| 221|0x00000000edd00000, 0x00000000ede00000, 0x00000000ede00000|100%| E|CS|TAMS 0x00000000edd00000| PB 0x00000000edd00000| Complete 
| 222|0x00000000ede00000, 0x00000000edf00000, 0x00000000edf00000|100%| E|CS|TAMS 0x00000000ede00000| PB 0x00000000ede00000| Complete 
| 223|0x00000000edf00000, 0x00000000ee000000, 0x00000000ee000000|100%| E|CS|TAMS 0x00000000edf00000| PB 0x00000000edf00000| Complete 
| 224|0x00000000ee000000, 0x00000000ee100000, 0x00000000ee100000|100%| E|CS|TAMS 0x00000000ee000000| PB 0x00000000ee000000| Complete 
| 225|0x00000000ee100000, 0x00000000ee200000, 0x00000000ee200000|100%| E|CS|TAMS 0x00000000ee100000| PB 0x00000000ee100000| Complete 
| 226|0x00000000ee200000, 0x00000000ee300000, 0x00000000ee300000|100%| E|CS|TAMS 0x00000000ee200000| PB 0x00000000ee200000| Complete 
| 227|0x00000000ee300000, 0x00000000ee400000, 0x00000000ee400000|100%| E|CS|TAMS 0x00000000ee300000| PB 0x00000000ee300000| Complete 
| 228|0x00000000ee400000, 0x00000000ee500000, 0x00000000ee500000|100%| E|CS|TAMS 0x00000000ee400000| PB 0x00000000ee400000| Complete 
| 229|0x00000000ee500000, 0x00000000ee600000, 0x00000000ee600000|100%| E|CS|TAMS 0x00000000ee500000| PB 0x00000000ee500000| Complete 
| 230|0x00000000ee600000, 0x00000000ee700000, 0x00000000ee700000|100%| E|CS|TAMS 0x00000000ee600000| PB 0x00000000ee600000| Complete 
| 231|0x00000000ee700000, 0x00000000ee800000, 0x00000000ee800000|100%| E|CS|TAMS 0x00000000ee700000| PB 0x00000000ee700000| Complete 
| 232|0x00000000ee800000, 0x00000000ee900000, 0x00000000ee900000|100%| E|CS|TAMS 0x00000000ee800000| PB 0x00000000ee800000| Complete 
| 233|0x00000000ee900000, 0x00000000eea00000, 0x00000000eea00000|100%| E|CS|TAMS 0x00000000ee900000| PB 0x00000000ee900000| Complete 
| 234|0x00000000eea00000, 0x00000000eeb00000, 0x00000000eeb00000|100%| E|CS|TAMS 0x00000000eea00000| PB 0x00000000eea00000| Complete 
| 235|0x00000000eeb00000, 0x00000000eec00000, 0x00000000eec00000|100%| E|CS|TAMS 0x00000000eeb00000| PB 0x00000000eeb00000| Complete 
| 236|0x00000000eec00000, 0x00000000eed00000, 0x00000000eed00000|100%| E|CS|TAMS 0x00000000eec00000| PB 0x00000000eec00000| Complete 
| 237|0x00000000eed00000, 0x00000000eee00000, 0x00000000eee00000|100%| E|CS|TAMS 0x00000000eed00000| PB 0x00000000eed00000| Complete 
| 238|0x00000000eee00000, 0x00000000eef00000, 0x00000000eef00000|100%| E|CS|TAMS 0x00000000eee00000| PB 0x00000000eee00000| Complete 
| 239|0x00000000eef00000, 0x00000000ef000000, 0x00000000ef000000|100%| E|CS|TAMS 0x00000000eef00000| PB 0x00000000eef00000| Complete 
| 240|0x00000000ef000000, 0x00000000ef100000, 0x00000000ef100000|100%| E|CS|TAMS 0x00000000ef000000| PB 0x00000000ef000000| Complete 
| 241|0x00000000ef100000, 0x00000000ef200000, 0x00000000ef200000|100%| E|CS|TAMS 0x00000000ef100000| PB 0x00000000ef100000| Complete 
| 242|0x00000000ef200000, 0x00000000ef300000, 0x00000000ef300000|100%| E|CS|TAMS 0x00000000ef200000| PB 0x00000000ef200000| Complete 
| 243|0x00000000ef300000, 0x00000000ef400000, 0x00000000ef400000|100%| E|CS|TAMS 0x00000000ef300000| PB 0x00000000ef300000| Complete 
| 244|0x00000000ef400000, 0x00000000ef500000, 0x00000000ef500000|100%| E|CS|TAMS 0x00000000ef400000| PB 0x00000000ef400000| Complete 
| 245|0x00000000ef500000, 0x00000000ef600000, 0x00000000ef600000|100%| E|CS|TAMS 0x00000000ef500000| PB 0x00000000ef500000| Complete 
| 246|0x00000000ef600000, 0x00000000ef700000, 0x00000000ef700000|100%| E|CS|TAMS 0x00000000ef600000| PB 0x00000000ef600000| Complete 
| 247|0x00000000ef700000, 0x00000000ef800000, 0x00000000ef800000|100%| E|CS|TAMS 0x00000000ef700000| PB 0x00000000ef700000| Complete 
| 248|0x00000000ef800000, 0x00000000ef900000, 0x00000000ef900000|100%| E|CS|TAMS 0x00000000ef800000| PB 0x00000000ef800000| Complete 
| 249|0x00000000ef900000, 0x00000000efa00000, 0x00000000efa00000|100%| E|CS|TAMS 0x00000000ef900000| PB 0x00000000ef900000| Complete 
| 250|0x00000000efa00000, 0x00000000efb00000, 0x00000000efb00000|100%| E|CS|TAMS 0x00000000efa00000| PB 0x00000000efa00000| Complete 
| 251|0x00000000efb00000, 0x00000000efc00000, 0x00000000efc00000|100%| E|CS|TAMS 0x00000000efb00000| PB 0x00000000efb00000| Complete 
| 252|0x00000000efc00000, 0x00000000efd00000, 0x00000000efd00000|100%| E|CS|TAMS 0x00000000efc00000| PB 0x00000000efc00000| Complete 
| 253|0x00000000efd00000, 0x00000000efe00000, 0x00000000efe00000|100%| E|CS|TAMS 0x00000000efd00000| PB 0x00000000efd00000| Complete 
| 254|0x00000000efe00000, 0x00000000eff00000, 0x00000000eff00000|100%| E|CS|TAMS 0x00000000efe00000| PB 0x00000000efe00000| Complete 
| 255|0x00000000eff00000, 0x00000000f0000000, 0x00000000f0000000|100%| E|CS|TAMS 0x00000000eff00000| PB 0x00000000eff00000| Complete 

Card table byte_map: [0x000002a2a3750000,0x000002a2a3850000] _byte_map_base: 0x000002a2a3050000

Marking Bits: (CMBitMap*) 0x000002a290f2e1f0
 Bits: [0x000002a2a3850000, 0x000002a2a4050000)

Polling page: 0x000002a28ecf0000

Metaspace:

Usage:
  Non-class:     53.57 MB used.
      Class:      8.72 MB used.
       Both:     62.29 MB used.

Virtual space:
  Non-class space:       64.00 MB reserved,      54.38 MB ( 85%) committed,  1 nodes.
      Class space:      320.00 MB reserved,       9.50 MB (  3%) committed,  1 nodes.
             Both:      384.00 MB reserved,      63.88 MB ( 17%) committed. 

Chunk freelists:
   Non-Class:  9.38 MB
       Class:  6.44 MB
        Both:  15.81 MB

MaxMetaspaceSize: 384.00 MB
CompressedClassSpaceSize: 320.00 MB
Initial GC threshold: 21.00 MB
Current GC threshold: 100.75 MB
CDS: on
 - commit_granule_bytes: 65536.
 - commit_granule_words: 8192.
 - virtual_space_node_default_size: 8388608.
 - enlarge_chunks_in_place: 1.
 - use_allocation_guard: 0.


Internal statistics:

num_allocs_failed_limit: 18.
num_arena_births: 2874.
num_arena_deaths: 0.
num_vsnodes_births: 2.
num_vsnodes_deaths: 0.
num_space_committed: 1022.
num_space_uncommitted: 0.
num_chunks_returned_to_freelist: 18.
num_chunks_taken_from_freelist: 5555.
num_chunk_merges: 12.
num_chunk_splits: 3589.
num_chunks_enlarged: 2225.
num_inconsistent_stats: 0.

CodeHeap 'non-profiled nmethods': size=120000Kb used=6217Kb max_used=6217Kb free=113782Kb
 bounds [0x000002a29bbd0000, 0x000002a29c1f0000, 0x000002a2a3100000]
CodeHeap 'profiled nmethods': size=120000Kb used=17896Kb max_used=17896Kb free=102103Kb
 bounds [0x000002a294100000, 0x000002a295280000, 0x000002a29b630000]
CodeHeap 'non-nmethods': size=5760Kb used=2676Kb max_used=2749Kb free=3083Kb
 bounds [0x000002a29b630000, 0x000002a29b8f0000, 0x000002a29bbd0000]
CodeCache: size=245760Kb, used=26789Kb, max_used=26862Kb, free=218968Kb
 total_blobs=10152, nmethods=9218, adapters=837, full_count=0
Compilation: enabled, stopped_count=0, restarted_count=0

Compilation events (20 events):
Event: 81.612 Thread 0x000002a2bc051e90 9937       3       org.gradle.internal.snapshot.VfsRelativePath::pathFromChild (34 bytes)
Event: 82.637 Thread 0x000002a2bc051e90 nmethod 9937 0x000002a295261a10 code [0x000002a295261c00, 0x000002a2952620a8]
Event: 82.637 Thread 0x000002a2bc051e90 9940       3       java.nio.HeapByteBuffer::putLong (32 bytes)
Event: 82.638 Thread 0x000002a2bc051e90 nmethod 9940 0x000002a295262290 code [0x000002a295262500, 0x000002a295262f28]
Event: 82.638 Thread 0x000002a2bc051e90 9941   !   3       jdk.internal.misc.ScopedMemoryAccess::putLongUnaligned (23 bytes)
Event: 82.639 Thread 0x000002a2bc051e90 nmethod 9941 0x000002a295263390 code [0x000002a295263580, 0x000002a295263ad8]
Event: 82.639 Thread 0x000002a2bc051e90 9942   !   3       jdk.internal.misc.ScopedMemoryAccess::putLongUnalignedInternal (37 bytes)
Event: 82.640 Thread 0x000002a2bc051e90 nmethod 9942 0x000002a295263d90 code [0x000002a295263f60, 0x000002a295264318]
Event: 82.640 Thread 0x000002a2bc051e90 9938       3       java.lang.Thread::threadState (11 bytes)
Event: 82.640 Thread 0x000002a2bc051e90 nmethod 9938 0x000002a295264510 code [0x000002a2952646c0, 0x000002a295264800]
Event: 82.640 Thread 0x000002a2bc051e90 9939       3       jdk.internal.misc.VM::toThreadState (68 bytes)
Event: 82.640 Thread 0x000002a2bc051e90 nmethod 9939 0x000002a295264910 code [0x000002a295264b00, 0x000002a295264e60]
Event: 82.643 Thread 0x000002a2bc051e90 9943       3       java.util.zip.ZipFile$Source$Key::hashCode (46 bytes)
Event: 82.644 Thread 0x000002a2bc051e90 nmethod 9943 0x000002a295264f10 code [0x000002a295265120, 0x000002a295265540]
Event: 82.647 Thread 0x000002a2bc051e90 9944       3       com.google.common.cache.LocalCache$1::notifyNewValue (1 bytes)
Event: 82.648 Thread 0x000002a2bc051e90 nmethod 9944 0x000002a295265790 code [0x000002a295265920, 0x000002a295265a28]
Event: 82.649 Thread 0x000002a2bc051e90 9945       3       org.gradle.internal.logging.progress.DefaultProgressLoggerFactory$ProgressLoggerImpl::completed (61 bytes)
Event: 82.650 Thread 0x000002a2bc051e90 nmethod 9945 0x000002a295265a90 code [0x000002a295265cc0, 0x000002a2952664b8]
Event: 82.650 Thread 0x000002a2bc051e90 9946       3       org.gradle.internal.file.FileHierarchySet$Node::isChildOfOrThis (110 bytes)
Event: 82.652 Thread 0x000002a2bc051e90 nmethod 9946 0x000002a295266810 code [0x000002a295266b40, 0x000002a295267f00]

GC Heap History (20 events):
Event: 1.471 GC heap before
{Heap before GC invocations=1 (full 0):
 garbage-first heap   total 262144K, used 40920K [0x00000000e0000000, 0x0000000100000000)
  region size 1024K, 33 young (33792K), 3 survivors (3072K)
 Metaspace       used 4279K, committed 4480K, reserved 393216K
  class space    used 544K, committed 640K, reserved 327680K
}
Event: 1.476 GC heap after
{Heap after GC invocations=2 (full 0):
 garbage-first heap   total 262144K, used 12437K [0x00000000e0000000, 0x0000000100000000)
  region size 1024K, 2 young (2048K), 2 survivors (2048K)
 Metaspace       used 4279K, committed 4480K, reserved 393216K
  class space    used 544K, committed 640K, reserved 327680K
}
Event: 2.287 GC heap before
{Heap before GC invocations=2 (full 0):
 garbage-first heap   total 262144K, used 59541K [0x00000000e0000000, 0x0000000100000000)
  region size 1024K, 47 young (48128K), 2 survivors (2048K)
 Metaspace       used 5863K, committed 6080K, reserved 393216K
  class space    used 778K, committed 896K, reserved 327680K
}
Event: 2.294 GC heap after
{Heap after GC invocations=3 (full 0):
 garbage-first heap   total 262144K, used 18917K [0x00000000e0000000, 0x0000000100000000)
  region size 1024K, 6 young (6144K), 6 survivors (6144K)
 Metaspace       used 5863K, committed 6080K, reserved 393216K
  class space    used 778K, committed 896K, reserved 327680K
}
Event: 4.884 GC heap before
{Heap before GC invocations=3 (full 0):
 garbage-first heap   total 262144K, used 108005K [0x00000000e0000000, 0x0000000100000000)
  region size 1024K, 94 young (96256K), 6 survivors (6144K)
 Metaspace       used 20874K, committed 21504K, reserved 393216K
  class space    used 3084K, committed 3392K, reserved 327680K
}
Event: 4.895 GC heap after
{Heap after GC invocations=4 (full 0):
 garbage-first heap   total 262144K, used 25659K [0x00000000e0000000, 0x0000000100000000)
  region size 1024K, 13 young (13312K), 13 survivors (13312K)
 Metaspace       used 20874K, committed 21504K, reserved 393216K
  class space    used 3084K, committed 3392K, reserved 327680K
}
Event: 7.079 GC heap before
{Heap before GC invocations=5 (full 0):
 garbage-first heap   total 262144K, used 115771K [0x00000000e0000000, 0x0000000100000000)
  region size 1024K, 103 young (105472K), 13 survivors (13312K)
 Metaspace       used 34753K, committed 35968K, reserved 393216K
  class space    used 5160K, committed 5760K, reserved 327680K
}
Event: 7.092 GC heap after
{Heap after GC invocations=6 (full 0):
 garbage-first heap   total 262144K, used 32895K [0x00000000e0000000, 0x0000000100000000)
  region size 1024K, 14 young (14336K), 14 survivors (14336K)
 Metaspace       used 34753K, committed 35968K, reserved 393216K
  class space    used 5160K, committed 5760K, reserved 327680K
}
Event: 7.118 GC heap before
{Heap before GC invocations=6 (full 0):
 garbage-first heap   total 262144K, used 32895K [0x00000000e0000000, 0x0000000100000000)
  region size 1024K, 15 young (15360K), 14 survivors (14336K)
 Metaspace       used 35001K, committed 36288K, reserved 393216K
  class space    used 5174K, committed 5824K, reserved 327680K
}
Event: 7.129 GC heap after
{Heap after GC invocations=7 (full 0):
 garbage-first heap   total 262144K, used 32127K [0x00000000e0000000, 0x0000000100000000)
  region size 1024K, 7 young (7168K), 7 survivors (7168K)
 Metaspace       used 35001K, committed 36288K, reserved 393216K
  class space    used 5174K, committed 5824K, reserved 327680K
}
Event: 7.229 GC heap before
{Heap before GC invocations=7 (full 0):
 garbage-first heap   total 262144K, used 34175K [0x00000000e0000000, 0x0000000100000000)
  region size 1024K, 11 young (11264K), 7 survivors (7168K)
 Metaspace       used 35353K, committed 36608K, reserved 393216K
  class space    used 5212K, committed 5824K, reserved 327680K
}
Event: 7.236 GC heap after
{Heap after GC invocations=8 (full 0):
 garbage-first heap   total 262144K, used 32730K [0x00000000e0000000, 0x0000000100000000)
  region size 1024K, 8 young (8192K), 8 survivors (8192K)
 Metaspace       used 35353K, committed 36608K, reserved 393216K
  class space    used 5212K, committed 5824K, reserved 327680K
}
Event: 9.361 GC heap before
{Heap before GC invocations=9 (full 0):
 garbage-first heap   total 262144K, used 187354K [0x00000000e0000000, 0x0000000100000000)
  region size 1024K, 153 young (156672K), 8 survivors (8192K)
 Metaspace       used 45560K, committed 46976K, reserved 393216K
  class space    used 6618K, committed 7296K, reserved 327680K
}
Event: 9.374 GC heap after
{Heap after GC invocations=10 (full 0):
 garbage-first heap   total 262144K, used 39426K [0x00000000e0000000, 0x0000000100000000)
  region size 1024K, 14 young (14336K), 14 survivors (14336K)
 Metaspace       used 45560K, committed 46976K, reserved 393216K
  class space    used 6618K, committed 7296K, reserved 327680K
}
Event: 14.727 GC heap before
{Heap before GC invocations=10 (full 0):
 garbage-first heap   total 262144K, used 136706K [0x00000000e0000000, 0x0000000100000000)
  region size 1024K, 111 young (113664K), 14 survivors (14336K)
 Metaspace       used 59654K, committed 61248K, reserved 393216K
  class space    used 8544K, committed 9344K, reserved 327680K
}
Event: 14.745 GC heap after
{Heap after GC invocations=11 (full 0):
 garbage-first heap   total 262144K, used 47897K [0x00000000e0000000, 0x0000000100000000)
  region size 1024K, 17 young (17408K), 17 survivors (17408K)
 Metaspace       used 59654K, committed 61248K, reserved 393216K
  class space    used 8544K, committed 9344K, reserved 327680K
}
Event: 14.764 GC heap before
{Heap before GC invocations=11 (full 0):
 garbage-first heap   total 262144K, used 47897K [0x00000000e0000000, 0x0000000100000000)
  region size 1024K, 18 young (18432K), 17 survivors (17408K)
 Metaspace       used 60013K, committed 61568K, reserved 393216K
  class space    used 8577K, committed 9344K, reserved 327680K
}
Event: 14.774 GC heap after
{Heap after GC invocations=12 (full 0):
 garbage-first heap   total 262144K, used 48638K [0x00000000e0000000, 0x0000000100000000)
  region size 1024K, 9 young (9216K), 9 survivors (9216K)
 Metaspace       used 60013K, committed 61568K, reserved 393216K
  class space    used 8577K, committed 9344K, reserved 327680K
}
Event: 81.142 GC heap before
{Heap before GC invocations=13 (full 0):
 garbage-first heap   total 262144K, used 196094K [0x00000000e0000000, 0x0000000100000000)
  region size 1024K, 153 young (156672K), 9 survivors (9216K)
 Metaspace       used 63581K, committed 65280K, reserved 393216K
  class space    used 8899K, committed 9728K, reserved 327680K
}
Event: 81.153 GC heap after
{Heap after GC invocations=14 (full 0):
 garbage-first heap   total 262144K, used 54317K [0x00000000e0000000, 0x0000000100000000)
  region size 1024K, 15 young (15360K), 15 survivors (15360K)
 Metaspace       used 63581K, committed 65280K, reserved 393216K
  class space    used 8899K, committed 9728K, reserved 327680K
}

Dll operation events (14 events):
Event: 0.015 Loaded shared library C:\Users\Aman Singh\.vscode\extensions\redhat.java-1.54.0-win32-x64\jre\21.0.10-win32-x86_64\bin\java.dll
Event: 0.088 Loaded shared library C:\Users\Aman Singh\.vscode\extensions\redhat.java-1.54.0-win32-x64\jre\21.0.10-win32-x86_64\bin\zip.dll
Event: 0.117 Loaded shared library C:\Users\Aman Singh\.vscode\extensions\redhat.java-1.54.0-win32-x64\jre\21.0.10-win32-x86_64\bin\instrument.dll
Event: 0.124 Loaded shared library C:\Users\Aman Singh\.vscode\extensions\redhat.java-1.54.0-win32-x64\jre\21.0.10-win32-x86_64\bin\net.dll
Event: 0.127 Loaded shared library C:\Users\Aman Singh\.vscode\extensions\redhat.java-1.54.0-win32-x64\jre\21.0.10-win32-x86_64\bin\nio.dll
Event: 0.131 Loaded shared library C:\Users\Aman Singh\.vscode\extensions\redhat.java-1.54.0-win32-x64\jre\21.0.10-win32-x86_64\bin\zip.dll
Event: 0.471 Loaded shared library C:\Users\Aman Singh\.vscode\extensions\redhat.java-1.54.0-win32-x64\jre\21.0.10-win32-x86_64\bin\jimage.dll
Event: 0.676 Loaded shared library C:\Users\Aman Singh\.vscode\extensions\redhat.java-1.54.0-win32-x64\jre\21.0.10-win32-x86_64\bin\verify.dll
Event: 0.943 Loaded shared library C:\Users\Aman Singh\.gradle\native\c067742578af261105cb4f569cf0c3c89f3d7b1fecec35dd04571415982c5e48\windows-amd64\native-platform.dll
Event: 0.952 Loaded shared library C:\Users\Aman Singh\.gradle\native\100fb08df4bc3b14c8652ba06237920a3bd2aa13389f12d3474272988ae205f9\windows-amd64\native-platform-file-events.dll
Event: 2.355 Loaded shared library C:\Users\Aman Singh\.vscode\extensions\redhat.java-1.54.0-win32-x64\jre\21.0.10-win32-x86_64\bin\management.dll
Event: 2.360 Loaded shared library C:\Users\Aman Singh\.vscode\extensions\redhat.java-1.54.0-win32-x64\jre\21.0.10-win32-x86_64\bin\management_ext.dll
Event: 2.647 Loaded shared library C:\Users\Aman Singh\.vscode\extensions\redhat.java-1.54.0-win32-x64\jre\21.0.10-win32-x86_64\bin\extnet.dll
Event: 2.881 Loaded shared library C:\Users\Aman Singh\.vscode\extensions\redhat.java-1.54.0-win32-x64\jre\21.0.10-win32-x86_64\bin\sunmscapi.dll

Deoptimization events (20 events):
Event: 81.457 Thread 0x000002a2c3a73800 Uncommon trap: trap_request=0xffffff6e fr.pc=0x000002a29c1da194 relative=0x0000000000000334
Event: 81.457 Thread 0x000002a2c3a73800 Uncommon trap: reason=loop_limit_check action=maybe_recompile pc=0x000002a29c1da194 method=com.google.common.base.CharMatcher.lastIndexIn(Ljava/lang/CharSequence;)I @ 10 c2
Event: 81.457 Thread 0x000002a2c3a73800 DEOPT PACKING pc=0x000002a29c1da194 sp=0x000000ea35bfb380
Event: 81.457 Thread 0x000002a2c3a73800 DEOPT UNPACKING pc=0x000002a29b684422 sp=0x000000ea35bfb338 mode 2
Event: 81.507 Thread 0x000002a2c3a74520 Uncommon trap: trap_request=0xffffff45 fr.pc=0x000002a29c1d40a4 relative=0x0000000000002364
Event: 81.507 Thread 0x000002a2c3a74520 Uncommon trap: reason=unstable_if action=reinterpret pc=0x000002a29c1d40a4 method=java.util.zip.ZipFile$ZipEntryIterator.hasNext()Z @ 8 c2
Event: 81.507 Thread 0x000002a2c3a74520 DEOPT PACKING pc=0x000002a29c1d40a4 sp=0x000000ea35cfb290
Event: 81.507 Thread 0x000002a2c3a74520 DEOPT UNPACKING pc=0x000002a29b684422 sp=0x000000ea35cfb188 mode 2
Event: 81.513 Thread 0x000002a2c3a74520 Uncommon trap: trap_request=0xffffff45 fr.pc=0x000002a29c1ddbb0 relative=0x00000000000002f0
Event: 81.513 Thread 0x000002a2c3a74520 Uncommon trap: reason=unstable_if action=reinterpret pc=0x000002a29c1ddbb0 method=com.google.common.base.Objects.equal(Ljava/lang/Object;Ljava/lang/Object;)Z @ 14 c2
Event: 81.513 Thread 0x000002a2c3a74520 DEOPT PACKING pc=0x000002a29c1ddbb0 sp=0x000000ea35cfb020
Event: 81.513 Thread 0x000002a2c3a74520 DEOPT UNPACKING pc=0x000002a29b684422 sp=0x000000ea35cfae70 mode 2
Event: 81.513 Thread 0x000002a2c3a74520 Uncommon trap: trap_request=0xffffff45 fr.pc=0x000002a29c1d8714 relative=0x00000000000001d4
Event: 81.513 Thread 0x000002a2c3a74520 Uncommon trap: reason=unstable_if action=reinterpret pc=0x000002a29c1d8714 method=com.google.common.base.Objects.equal(Ljava/lang/Object;Ljava/lang/Object;)Z @ 14 c2
Event: 81.513 Thread 0x000002a2c3a74520 DEOPT PACKING pc=0x000002a29c1d8714 sp=0x000000ea35cfaec0
Event: 81.513 Thread 0x000002a2c3a74520 DEOPT UNPACKING pc=0x000002a29b684422 sp=0x000000ea35cfade8 mode 2
Event: 81.527 Thread 0x000002a2c3a74520 Uncommon trap: trap_request=0xffffff45 fr.pc=0x000002a29c1e03e4 relative=0x00000000000002e4
Event: 81.527 Thread 0x000002a2c3a74520 Uncommon trap: reason=unstable_if action=reinterpret pc=0x000002a29c1e03e4 method=com.google.common.base.Objects.equal(Ljava/lang/Object;Ljava/lang/Object;)Z @ 14 c2
Event: 81.527 Thread 0x000002a2c3a74520 DEOPT PACKING pc=0x000002a29c1e03e4 sp=0x000000ea35cfb000
Event: 81.527 Thread 0x000002a2c3a74520 DEOPT UNPACKING pc=0x000002a29b684422 sp=0x000000ea35cfadc0 mode 2

Classes loaded (20 events):
Event: 80.955 Loading class jdk/internal/reflect/ClassFileAssembler
Event: 80.956 Loading class jdk/internal/reflect/ClassFileAssembler done
Event: 80.956 Loading class jdk/internal/reflect/UTF8
Event: 80.956 Loading class jdk/internal/reflect/UTF8 done
Event: 80.957 Loading class jdk/internal/reflect/Label
Event: 80.957 Loading class jdk/internal/reflect/Label done
Event: 80.957 Loading class jdk/internal/reflect/Label$PatchInfo
Event: 80.957 Loading class jdk/internal/reflect/Label$PatchInfo done
Event: 80.958 Loading class jdk/internal/reflect/MethodAccessorGenerator$1
Event: 80.958 Loading class jdk/internal/reflect/MethodAccessorGenerator$1 done
Event: 80.958 Loading class jdk/internal/reflect/ClassDefiner
Event: 80.958 Loading class jdk/internal/reflect/ClassDefiner done
Event: 80.958 Loading class jdk/internal/reflect/ClassDefiner$1
Event: 80.958 Loading class jdk/internal/reflect/ClassDefiner$1 done
Event: 80.959 Loading class jdk/internal/reflect/SerializationConstructorAccessorImpl
Event: 80.959 Loading class jdk/internal/reflect/SerializationConstructorAccessorImpl done
Event: 81.095 Loading class java/util/zip/ZipFile$ZipEntryIterator
Event: 81.096 Loading class java/util/zip/ZipFile$ZipEntryIterator done
Event: 81.103 Loading class java/util/zip/ZipInputStream
Event: 81.104 Loading class java/util/zip/ZipInputStream done

Classes unloaded (0 events):
No events

Classes redefined (0 events):
No events

Internal exceptions (20 events):
Event: 10.662 Thread 0x000002a2c1f63e50 Exception <a 'java/lang/NoSuchMethodError'{0x00000000ed441320}: 'java.lang.Object java.lang.invoke.DelegatingMethodHandle$Holder.reinvoke_L(java.lang.Object, java.lang.Object, java.lang.Object, java.lang.Object, java.lang.Object, java.lang.Object, java.lang.Object, java.lang.Object, java.lang.Object, java.lang.Object, java.lang.Object, java.lang.Object, java.lang.Object, java.lang.Object, java.lang.Object, java.lang.Object, java.lang.Object, java.lang.Object, java.lang.Object, java.lang.Object, java.lang.O
Event: 10.740 Thread 0x000002a2c1f63e50 Exception <a 'java/lang/ClassNotFoundException'{0x00000000ed16eab8}: org/gradle/api/internal/artifacts/dsl/dependencies/DefaultDependencyHandler_DecoratedBeanInfo> (0x00000000ed16eab8) 
thrown [s\src\hotspot\share\classfile\systemDictionary.cpp, line 312]
Event: 10.741 Thread 0x000002a2c1f63e50 Exception <a 'java/lang/ClassNotFoundException'{0x00000000ed182a40}: org/gradle/api/internal/artifacts/dsl/dependencies/DefaultDependencyHandlerBeanInfo> (0x00000000ed182a40) 
thrown [s\src\hotspot\share\classfile\systemDictionary.cpp, line 312]
Event: 10.742 Thread 0x000002a2c1f63e50 Exception <a 'java/lang/ClassNotFoundException'{0x00000000ed1966c0}: org/gradle/api/internal/artifacts/dsl/dependencies/DefaultDependencyHandlerCustomizer> (0x00000000ed1966c0) 
thrown [s\src\hotspot\share\classfile\systemDictionary.cpp, line 312]
Event: 10.746 Thread 0x000002a2c1f63e50 Exception <a 'java/lang/ClassNotFoundException'{0x00000000ed1ed7b8}: org/gradle/api/internal/artifacts/dsl/dependencies/DefaultDependencyHandler_DecoratedCustomizer> (0x00000000ed1ed7b8) 
thrown [s\src\hotspot\share\classfile\systemDictionary.cpp, line 312]
Event: 10.884 Thread 0x000002a2c1f63e50 Exception <a 'java/lang/NoSuchMethodError'{0x00000000ecef79d0}: 'java.lang.Object java.lang.invoke.DirectMethodHandle$Holder.newInvokeSpecial(java.lang.Object, int, java.lang.Object)'> (0x00000000ecef79d0) 
thrown [s\src\hotspot\share\interpreter\linkResolver.cpp, line 773]
Event: 11.138 Thread 0x000002a2c1f63e50 Exception <a 'java/lang/NoSuchMethodError'{0x00000000ec97e9d0}: 'java.lang.Object java.lang.invoke.DirectMethodHandle$Holder.newInvokeSpecial(java.lang.Object, java.lang.Object, java.lang.Object, int)'> (0x00000000ec97e9d0) 
thrown [s\src\hotspot\share\interpreter\linkResolver.cpp, line 773]
Event: 11.139 Thread 0x000002a2c1f63e50 Exception <a 'java/lang/NoSuchMethodError'{0x00000000ec983270}: 'java.lang.Object java.lang.invoke.Invokers$Holder.linkToTargetMethod(java.lang.Object, java.lang.Object, int, java.lang.Object)'> (0x00000000ec983270) 
thrown [s\src\hotspot\share\interpreter\linkResolver.cpp, line 773]
Event: 11.248 Thread 0x000002a2c1f63e50 Exception <a 'java/lang/NoSuchMethodError'{0x00000000ec7b5698}: 'java.lang.Object java.lang.invoke.DirectMethodHandle$Holder.invokeSpecial(java.lang.Object, java.lang.Object, long, java.lang.Object, java.lang.Object)'> (0x00000000ec7b5698) 
thrown [s\src\hotspot\share\interpreter\linkResolver.cpp, line 773]
Event: 11.641 Thread 0x000002a2c1f63e50 Implicit null exception at 0x000002a29bccf679 to 0x000002a29bccf6a4
Event: 12.136 Thread 0x000002a2c1f63e50 Exception <a 'sun/nio/fs/WindowsException'{0x00000000ebecdbc8}> (0x00000000ebecdbc8) 
thrown [s\src\hotspot\share\prims\jni.cpp, line 520]
Event: 13.395 Thread 0x000002a2c1f63e50 Implicit null exception at 0x000002a29bc33820 to 0x000002a29bc33e6c
Event: 14.682 Thread 0x000002a2c1f63e50 Exception <a 'java/lang/NoSuchMethodError'{0x00000000ea0ca7e0}: 'int java.lang.invoke.DirectMethodHandle$Holder.invokeSpecial(java.lang.Object, java.lang.Object, int)'> (0x00000000ea0ca7e0) 
thrown [s\src\hotspot\share\interpreter\linkResolver.cpp, line 773]
Event: 14.894 Thread 0x000002a2c1f63e50 Exception <a 'java/lang/NoSuchMethodError'{0x00000000ef254758}: 'int java.lang.invoke.DirectMethodHandle$Holder.invokeSpecialIFC(java.lang.Object, java.lang.Object, java.lang.Object)'> (0x00000000ef254758) 
thrown [s\src\hotspot\share\interpreter\linkResolver.cpp, line 773]
Event: 22.750 Thread 0x000002a2c1f63e50 Exception <a 'java/lang/NoSuchMethodError'{0x00000000eaa57bd0}: 'java.lang.Object java.lang.invoke.DirectMethodHandle$Holder.invokeSpecial(java.lang.Object, java.lang.Object, java.lang.Object, java.lang.Object, java.lang.Object, long)'> (0x00000000eaa57bd0) 
thrown [s\src\hotspot\share\interpreter\linkResolver.cpp, line 773]
Event: 22.753 Thread 0x000002a2c1f63e50 Exception <a 'java/lang/NoSuchMethodError'{0x00000000eaa7caa8}: 'void java.lang.invoke.DirectMethodHandle$Holder.invokeStatic(java.lang.Object, java.lang.Object, java.lang.Object, int, java.lang.Object)'> (0x00000000eaa7caa8) 
thrown [s\src\hotspot\share\interpreter\linkResolver.cpp, line 773]
Event: 80.967 Thread 0x000002a2c1f63e50 Exception <a 'java/lang/NoSuchMethodError'{0x00000000e6d5f150}: 'java.lang.Object java.lang.invoke.DirectMethodHandle$Holder.newInvokeSpecial(java.lang.Object, java.lang.Object, java.lang.Object, java.lang.Object, int, java.lang.Object)'> (0x00000000e6d5f150) 
thrown [s\src\hotspot\share\interpreter\linkResolver.cpp, line 773]
Event: 80.968 Thread 0x000002a2c1f63e50 Exception <a 'java/lang/NoSuchMethodError'{0x00000000e6d67710}: 'java.lang.Object java.lang.invoke.Invokers$Holder.linkToTargetMethod(java.lang.Object, java.lang.Object, java.lang.Object, int, java.lang.Object, java.lang.Object)'> (0x00000000e6d67710) 
thrown [s\src\hotspot\share\interpreter\linkResolver.cpp, line 773]
Event: 81.099 Thread 0x000002a2c3a73800 Implicit null exception at 0x000002a29bdd7eeb to 0x000002a29bdd8a58
Event: 81.099 Thread 0x000002a2c3a74520 Implicit null exception at 0x000002a29bdd7eeb to 0x000002a29bdd8a58

ZGC Phase Switch (0 events):
No events

VM Operations (20 events):
Event: 60.113 Executing non-safepoint VM operation: RendezvousGCThreads
Event: 60.113 Executing non-safepoint VM operation: RendezvousGCThreads done
Event: 62.132 Executing safepoint VM operation: Cleanup
Event: 62.132 Executing safepoint VM operation: Cleanup done
Event: 63.146 Executing safepoint VM operation: Cleanup
Event: 63.146 Executing safepoint VM operation: Cleanup done
Event: 73.263 Executing safepoint VM operation: Cleanup
Event: 73.263 Executing safepoint VM operation: Cleanup done
Event: 78.324 Executing safepoint VM operation: Cleanup
Event: 78.324 Executing safepoint VM operation: Cleanup done
Event: 81.054 Executing non-safepoint VM operation: HandshakeAllThreads (Deoptimize)
Event: 81.054 Executing non-safepoint VM operation: HandshakeAllThreads (Deoptimize) done
Event: 81.054 Executing safepoint VM operation: Cleanup
Event: 81.054 Executing safepoint VM operation: Cleanup done
Event: 81.141 Executing safepoint VM operation: G1CollectForAllocation (G1 Evacuation Pause)
Event: 81.154 Executing safepoint VM operation: G1CollectForAllocation (G1 Evacuation Pause) done
Event: 82.169 Executing safepoint VM operation: Cleanup
Event: 82.636 Executing safepoint VM operation: Cleanup done
Event: 83.649 Executing safepoint VM operation: Cleanup
Event: 83.649 Executing safepoint VM operation: Cleanup done

Memory protections (0 events):
No events

Nmethod flushes (20 events):
Event: 14.803 Thread 0x000002a2bc006730 flushing  nmethod 0x000002a2941f2590
Event: 14.803 Thread 0x000002a2bc006730 flushing  nmethod 0x000002a2941fe910
Event: 14.803 Thread 0x000002a2bc006730 flushing  nmethod 0x000002a2941ff590
Event: 14.803 Thread 0x000002a2bc006730 flushing  nmethod 0x000002a294277890
Event: 14.803 Thread 0x000002a2bc006730 flushing  nmethod 0x000002a29427df90
Event: 14.803 Thread 0x000002a2bc006730 flushing  nmethod 0x000002a2942c4790
Event: 14.803 Thread 0x000002a2bc006730 flushing  nmethod 0x000002a2942c4b90
Event: 14.803 Thread 0x000002a2bc006730 flushing  nmethod 0x000002a2942c5090
Event: 14.803 Thread 0x000002a2bc006730 flushing  nmethod 0x000002a2942c8990
Event: 14.803 Thread 0x000002a2bc006730 flushing  nmethod 0x000002a2942c8e10
Event: 14.803 Thread 0x000002a2bc006730 flushing  nmethod 0x000002a294488f90
Event: 14.803 Thread 0x000002a2bc006730 flushing  nmethod 0x000002a29448a390
Event: 14.803 Thread 0x000002a2bc006730 flushing  nmethod 0x000002a29448c110
Event: 14.803 Thread 0x000002a2bc006730 flushing  nmethod 0x000002a29448cf90
Event: 14.803 Thread 0x000002a2bc006730 flushing  nmethod 0x000002a29489df90
Event: 14.803 Thread 0x000002a2bc006730 flushing  nmethod 0x000002a29489e610
Event: 14.803 Thread 0x000002a2bc006730 flushing  nmethod 0x000002a29489e910
Event: 14.803 Thread 0x000002a2bc006730 flushing  nmethod 0x000002a2948b5a90
Event: 14.803 Thread 0x000002a2bc006730 flushing  nmethod 0x000002a2948b6590
Event: 14.803 Thread 0x000002a2bc006730 flushing  nmethod 0x000002a2948b6a10

Events (20 events):
Event: 22.791 Thread 0x000002a2c1f63e50 Thread added: 0x000002a2c3a71730
Event: 22.791 Thread 0x000002a2c1f63e50 Thread added: 0x000002a2c3a72450
Event: 22.791 Thread 0x000002a2c1f63e50 Thread added: 0x000002a2c3a70380
Event: 22.792 Thread 0x000002a2c1f63e50 Thread added: 0x000002a2c3a72ae0
Event: 22.792 Thread 0x000002a2c1f63e50 Thread added: 0x000002a2c3a6f660
Event: 22.792 Thread 0x000002a2c1f63e50 Thread added: 0x000002a2c3a73170
Event: 23.043 Thread 0x000002a2c3aa4f20 Thread exited: 0x000002a2c3aa4f20
Event: 23.138 Thread 0x000002a2bc051e90 Thread added: 0x000002a2c3aa4f20
Event: 23.617 Thread 0x000002a2c3aa4f20 Thread exited: 0x000002a2c3aa4f20
Event: 25.793 Thread 0x000002a2bc04ee60 Thread added: 0x000002a2c3aa4f20
Event: 26.546 Thread 0x000002a2c3aa4f20 Thread exited: 0x000002a2c3aa4f20
Event: 26.753 Thread 0x000002a2bc051e90 Thread added: 0x000002a2c3aa4f20
Event: 26.753 Thread 0x000002a2bc051e90 Thread added: 0x000002a2c591ab10
Event: 26.903 Thread 0x000002a2c591ab10 Thread exited: 0x000002a2c591ab10
Event: 26.903 Thread 0x000002a2c3aa4f20 Thread exited: 0x000002a2c3aa4f20
Event: 81.047 Thread 0x000002a2c1f63e50 Thread added: 0x000002a2c3a73800
Event: 81.083 Thread 0x000002a2c1f63e50 Thread added: 0x000002a2c3a74520
Event: 81.114 Thread 0x000002a2bc051e90 Thread added: 0x000002a2c3aa4f20
Event: 81.394 Thread 0x000002a2c1f63e50 Thread added: 0x000002a2c3a73e90
Event: 82.637 Thread 0x000002a2c1f63e50 Thread added: 0x000002a2c3a74bb0


Dynamic libraries:
0x00007ff72ea30000 - 0x00007ff72ea3e000 	C:\Users\Aman Singh\.vscode\extensions\redhat.java-1.54.0-win32-x64\jre\21.0.10-win32-x86_64\bin\java.exe
0x00007ff81f260000 - 0x00007ff81f4c7000 	C:\WINDOWS\SYSTEM32\ntdll.dll
0x00007ff81ecb0000 - 0x00007ff81ed79000 	C:\WINDOWS\System32\KERNEL32.DLL
0x00007ff81c8a0000 - 0x00007ff81cc94000 	C:\WINDOWS\System32\KERNELBASE.dll
0x00007ff81cd60000 - 0x00007ff81ceab000 	C:\WINDOWS\System32\ucrtbase.dll
0x00007fffdddf0000 - 0x00007fffdde0e000 	C:\Users\Aman Singh\.vscode\extensions\redhat.java-1.54.0-win32-x64\jre\21.0.10-win32-x86_64\bin\VCRUNTIME140.dll
0x00007fffdb730000 - 0x00007fffdb748000 	C:\Users\Aman Singh\.vscode\extensions\redhat.java-1.54.0-win32-x64\jre\21.0.10-win32-x86_64\bin\jli.dll
0x00007ff81d770000 - 0x00007ff81d935000 	C:\WINDOWS\System32\USER32.dll
0x00007ff802720000 - 0x00007ff8029b3000 	C:\WINDOWS\WinSxS\amd64_microsoft.windows.common-controls_6595b64144ccf1df_6.0.26100.8115_none_3e075c82e3354f9c\COMCTL32.dll
0x00007ff81bd60000 - 0x00007ff81bd87000 	C:\WINDOWS\System32\win32u.dll
0x00007ff81daf0000 - 0x00007ff81db99000 	C:\WINDOWS\System32\msvcrt.dll
0x00007ff81da80000 - 0x00007ff81daab000 	C:\WINDOWS\System32\GDI32.dll
0x00007ff81c600000 - 0x00007ff81c72b000 	C:\WINDOWS\System32\gdi32full.dll
0x00007ff81ceb0000 - 0x00007ff81cf53000 	C:\WINDOWS\System32\msvcp_win.dll
0x00007ff81dab0000 - 0x00007ff81dae2000 	C:\WINDOWS\System32\IMM32.DLL
0x00007ffff24d0000 - 0x00007ffff24dc000 	C:\Users\Aman Singh\.vscode\extensions\redhat.java-1.54.0-win32-x64\jre\21.0.10-win32-x86_64\bin\vcruntime140_1.dll
0x00007fffa5e50000 - 0x00007fffa5edd000 	C:\Users\Aman Singh\.vscode\extensions\redhat.java-1.54.0-win32-x64\jre\21.0.10-win32-x86_64\bin\msvcp140.dll
0x00007fff2b490000 - 0x00007fff2c231000 	C:\Users\Aman Singh\.vscode\extensions\redhat.java-1.54.0-win32-x64\jre\21.0.10-win32-x86_64\bin\server\jvm.dll
0x00007ff81d990000 - 0x00007ff81da46000 	C:\WINDOWS\System32\ADVAPI32.dll
0x00007ff81f170000 - 0x00007ff81f217000 	C:\WINDOWS\System32\sechost.dll
0x00007ff81ed80000 - 0x00007ff81ee98000 	C:\WINDOWS\System32\RPCRT4.dll
0x00007ff81e830000 - 0x00007ff81e8b0000 	C:\WINDOWS\System32\WS2_32.dll
0x00007ff81b7e0000 - 0x00007ff81b83e000 	C:\WINDOWS\SYSTEM32\POWRPROF.dll
0x00007ff815f20000 - 0x00007ff815f56000 	C:\WINDOWS\SYSTEM32\WINMM.dll
0x00007ff815f60000 - 0x00007ff815f6b000 	C:\WINDOWS\SYSTEM32\VERSION.dll
0x00007ff81b7c0000 - 0x00007ff81b7d4000 	C:\WINDOWS\SYSTEM32\UMPDC.dll
0x00007ff81a8c0000 - 0x00007ff81a8db000 	C:\WINDOWS\SYSTEM32\kernel.appcore.dll
0x00007ffff2290000 - 0x00007ffff229a000 	C:\Users\Aman Singh\.vscode\extensions\redhat.java-1.54.0-win32-x64\jre\21.0.10-win32-x86_64\bin\jimage.dll
0x00007ff80fe30000 - 0x00007ff810072000 	C:\WINDOWS\SYSTEM32\DBGHELP.DLL
0x00007ff81e410000 - 0x00007ff81e792000 	C:\WINDOWS\System32\combase.dll
0x00007ff81cff0000 - 0x00007ff81d0c8000 	C:\WINDOWS\System32\OLEAUT32.dll
0x00007ff802100000 - 0x00007ff80213b000 	C:\WINDOWS\SYSTEM32\dbgcore.DLL
0x00007ff81bcb0000 - 0x00007ff81bd55000 	C:\WINDOWS\System32\bcryptPrimitives.dll
0x00007ffffd220000 - 0x00007ffffd22f000 	C:\Users\Aman Singh\.vscode\extensions\redhat.java-1.54.0-win32-x64\jre\21.0.10-win32-x86_64\bin\instrument.dll
0x00007fffdb030000 - 0x00007fffdb050000 	C:\Users\Aman Singh\.vscode\extensions\redhat.java-1.54.0-win32-x64\jre\21.0.10-win32-x86_64\bin\java.dll
0x00007ff81dba0000 - 0x00007ff81e307000 	C:\WINDOWS\System32\SHELL32.dll
0x00007ff81c730000 - 0x00007ff81c89a000 	C:\WINDOWS\System32\wintypes.dll
0x00007ff81bd90000 - 0x00007ff81c5f8000 	C:\WINDOWS\System32\windows.storage.dll
0x00007ff81eed0000 - 0x00007ff81efc8000 	C:\WINDOWS\System32\SHCORE.dll
0x00007ff81d700000 - 0x00007ff81d766000 	C:\WINDOWS\System32\shlwapi.dll
0x00007ff81ba50000 - 0x00007ff81ba79000 	C:\WINDOWS\SYSTEM32\profapi.dll
0x00007fffdaf80000 - 0x00007fffdaf98000 	C:\Users\Aman Singh\.vscode\extensions\redhat.java-1.54.0-win32-x64\jre\21.0.10-win32-x86_64\bin\zip.dll
0x00007fffe6440000 - 0x00007fffe6450000 	C:\Users\Aman Singh\.vscode\extensions\redhat.java-1.54.0-win32-x64\jre\21.0.10-win32-x86_64\bin\net.dll
0x00007ff812f20000 - 0x00007ff81304d000 	C:\WINDOWS\SYSTEM32\WINHTTP.dll
0x00007ff81ae30000 - 0x00007ff81ae9c000 	C:\WINDOWS\system32\mswsock.dll
0x00007fffda820000 - 0x00007fffda836000 	C:\Users\Aman Singh\.vscode\extensions\redhat.java-1.54.0-win32-x64\jre\21.0.10-win32-x86_64\bin\nio.dll
0x00007ffffafd0000 - 0x00007ffffafe0000 	C:\Users\Aman Singh\.vscode\extensions\redhat.java-1.54.0-win32-x64\jre\21.0.10-win32-x86_64\bin\verify.dll
0x00007ff809430000 - 0x00007ff809457000 	C:\Users\Aman Singh\.gradle\native\c067742578af261105cb4f569cf0c3c89f3d7b1fecec35dd04571415982c5e48\windows-amd64\native-platform.dll
0x00007fff61e70000 - 0x00007fff61fb4000 	C:\Users\Aman Singh\.gradle\native\100fb08df4bc3b14c8652ba06237920a3bd2aa13389f12d3474272988ae205f9\windows-amd64\native-platform-file-events.dll
0x00007ff808fd0000 - 0x00007ff808fda000 	C:\Users\Aman Singh\.vscode\extensions\redhat.java-1.54.0-win32-x64\jre\21.0.10-win32-x86_64\bin\management.dll
0x00007ff808fc0000 - 0x00007ff808fcc000 	C:\Users\Aman Singh\.vscode\extensions\redhat.java-1.54.0-win32-x64\jre\21.0.10-win32-x86_64\bin\management_ext.dll
0x00007ff81eb30000 - 0x00007ff81eb38000 	C:\WINDOWS\System32\PSAPI.DLL
0x00007ff81b110000 - 0x00007ff81b12b000 	C:\WINDOWS\SYSTEM32\CRYPTSP.dll
0x00007ff81a820000 - 0x00007ff81a859000 	C:\WINDOWS\system32\rsaenh.dll
0x00007ff81aee0000 - 0x00007ff81af13000 	C:\WINDOWS\SYSTEM32\USERENV.dll
0x00007ff81ba20000 - 0x00007ff81ba4a000 	C:\WINDOWS\SYSTEM32\bcrypt.dll
0x00007ff81b130000 - 0x00007ff81b13c000 	C:\WINDOWS\SYSTEM32\CRYPTBASE.dll
0x00007ff81a2a0000 - 0x00007ff81a2d2000 	C:\WINDOWS\SYSTEM32\IPHLPAPI.DLL
0x00007ff81eea0000 - 0x00007ff81eeaa000 	C:\WINDOWS\System32\NSI.dll
0x00007fffdb720000 - 0x00007fffdb729000 	C:\Users\Aman Singh\.vscode\extensions\redhat.java-1.54.0-win32-x64\jre\21.0.10-win32-x86_64\bin\extnet.dll
0x00007fffdd660000 - 0x00007fffdd66e000 	C:\Users\Aman Singh\.vscode\extensions\redhat.java-1.54.0-win32-x64\jre\21.0.10-win32-x86_64\bin\sunmscapi.dll
0x00007ff81bb30000 - 0x00007ff81bca7000 	C:\WINDOWS\System32\CRYPT32.dll
0x00007ff81b330000 - 0x00007ff81b360000 	C:\WINDOWS\SYSTEM32\ncrypt.dll
0x00007ff81b2e0000 - 0x00007ff81b31f000 	C:\WINDOWS\SYSTEM32\NTASN1.dll
0x00007fff897b0000 - 0x00007fff897b8000 	C:\WINDOWS\system32\wshunix.dll
0x00007ff81a330000 - 0x00007ff81a462000 	C:\WINDOWS\SYSTEM32\DNSAPI.dll
0x00007ff812cb0000 - 0x00007ff812cbb000 	C:\Windows\System32\rasadhlp.dll
0x00007ff816960000 - 0x00007ff8169e6000 	C:\WINDOWS\System32\fwpuclnt.dll

JVMTI agents:
C:\Users\Aman Singh\.gradle\wrapper\dists\gradle-8.9-bin\90cnw93cvbtalezasaz0blq0a\gradle-8.9\lib\agents\gradle-instrumentation-agent-8.9.jar path:C:\Users\Aman Singh\.vscode\extensions\redhat.java-1.54.0-win32-x64\jre\21.0.10-win32-x86_64\bin\instrument.dll, loaded, initialized, instrumentlib options:none

dbghelp: loaded successfully - version: 4.0.5 - missing functions: none
symbol engine: initialized successfully - sym options: 0x614 - pdb path: .;C:\Users\Aman Singh\.vscode\extensions\redhat.java-1.54.0-win32-x64\jre\21.0.10-win32-x86_64\bin;C:\WINDOWS\SYSTEM32;C:\WINDOWS\WinSxS\amd64_microsoft.windows.common-controls_6595b64144ccf1df_6.0.26100.8115_none_3e075c82e3354f9c;C:\Users\Aman Singh\.vscode\extensions\redhat.java-1.54.0-win32-x64\jre\21.0.10-win32-x86_64\bin\server;C:\Users\Aman Singh\.gradle\native\c067742578af261105cb4f569cf0c3c89f3d7b1fecec35dd04571415982c5e48\windows-amd64;C:\Users\Aman Singh\.gradle\native\100fb08df4bc3b14c8652ba06237920a3bd2aa13389f12d3474272988ae205f9\windows-amd64

VM Arguments:
jvm_args: --add-opens=java.base/java.util=ALL-UNNAMED --add-opens=java.base/java.lang=ALL-UNNAMED --add-opens=java.base/java.lang.invoke=ALL-UNNAMED --add-opens=java.prefs/java.util.prefs=ALL-UNNAMED --add-exports=jdk.compiler/com.sun.tools.javac.api=ALL-UNNAMED --add-exports=jdk.compiler/com.sun.tools.javac.util=ALL-UNNAMED --add-opens=java.base/java.nio.charset=ALL-UNNAMED --add-opens=java.base/java.net=ALL-UNNAMED --add-opens=java.base/java.util.concurrent.atomic=ALL-UNNAMED -XX:MaxMetaspaceSize=384m -XX:+HeapDumpOnOutOfMemoryError -Xms256m -Xmx512m -Dfile.encoding=utf8 -Duser.country=IN -Duser.language=en -Duser.variant -javaagent:C:\Users\Aman Singh\.gradle\wrapper\dists\gradle-8.9-bin\90cnw93cvbtalezasaz0blq0a\gradle-8.9\lib\agents\gradle-instrumentation-agent-8.9.jar 
java_command: org.gradle.launcher.daemon.bootstrap.GradleDaemon 8.9
java_class_path (initial): C:\Users\Aman Singh\.gradle\wrapper\dists\gradle-8.9-bin\90cnw93cvbtalezasaz0blq0a\gradle-8.9\lib\gradle-daemon-main-8.9.jar
Launcher Type: SUN_STANDARD

[Global flags]
     intx CICompilerCount                          = 4                                         {product} {ergonomic}
   size_t CompressedClassSpaceSize                 = 335544320                                 {product} {ergonomic}
     uint ConcGCThreads                            = 3                                         {product} {ergonomic}
     uint G1ConcRefinementThreads                  = 10                                        {product} {ergonomic}
   size_t G1HeapRegionSize                         = 1048576                                   {product} {ergonomic}
    uintx GCDrainStackTargetSize                   = 64                                        {product} {ergonomic}
     bool HeapDumpOnOutOfMemoryError               = true                                   {manageable} {command line}
   size_t InitialHeapSize                          = 268435456                                 {product} {command line}
   size_t MarkStackSize                            = 4194304                                   {product} {ergonomic}
   size_t MaxHeapSize                              = 536870912                                 {product} {command line}
   size_t MaxMetaspaceSize                         = 402653184                                 {product} {command line}
   size_t MaxNewSize                               = 321912832                                 {product} {ergonomic}
   size_t MinHeapDeltaBytes                        = 1048576                                   {product} {ergonomic}
   size_t MinHeapSize                              = 268435456                                 {product} {command line}
    uintx NonNMethodCodeHeapSize                   = 5839372                                {pd product} {ergonomic}
    uintx NonProfiledCodeHeapSize                  = 122909434                              {pd product} {ergonomic}
    uintx ProfiledCodeHeapSize                     = 122909434                              {pd product} {ergonomic}
    uintx ReservedCodeCacheSize                    = 251658240                              {pd product} {ergonomic}
     bool SegmentedCodeCache                       = true                                      {product} {ergonomic}
   size_t SoftMaxHeapSize                          = 536870912                              {manageable} {ergonomic}
     bool UseCompressedOops                        = true                           {product lp64_product} {ergonomic}
     bool UseG1GC                                  = true                                      {product} {ergonomic}
     bool UseLargePagesIndividualAllocation        = false                                  {pd product} {ergonomic}

Logging:
Log output configuration:
 #0: stdout all=warning uptime,level,tags foldmultilines=false
 #1: stderr all=off uptime,level,tags foldmultilines=false

Release file:
JAVA_VERSION="21.0.10" 
MODULES="java.base java.compiler java.datatransfer java.xml java.prefs java.desktop java.instrument java.logging java.management java.security.sasl java.naming java.rmi java.management.rmi java.net.http java.scripting java.security.jgss java.transaction.xa java.sql java.sql.rowset java.xml.crypto java.se java.smartcardio jdk.accessibility jdk.internal.jvmstat jdk.attach jdk.charsets jdk.internal.opt jdk.zipfs jdk.compiler jdk.crypto.ec jdk.crypto.cryptoki jdk.crypto.mscapi jdk.dynalink jdk.internal.ed jdk.editpad jdk.hotspot.agent jdk.httpserver jdk.internal.le jdk.internal.vm.ci jdk.internal.vm.compiler jdk.internal.vm.compiler.management jdk.jartool jdk.javadoc jdk.jcmd jdk.management jdk.management.agent jdk.jconsole jdk.jdeps jdk.jdwp.agent jdk.jdi jdk.jfr jdk.jshell jdk.jsobject jdk.jstatd jdk.localedata jdk.management.jfr jdk.naming.dns jdk.naming.rmi jdk.net jdk.nio.mapmode jdk.random jdk.sctp jdk.security.auth jdk.security.jgss jdk.unsupported jdk.unsupported.desktop jdk.xml.dom" 

Environment Variables:
PATH=C:\Users\Aman Singh\AppData\Local\Programs\Microsoft VS Code;C:\Python313\Scripts\;C:\Python313\;C:\Program Files (x86)\Common Files\Oracle\Java\javapath;C:\Program Files\Common Files\Oracle\Java\javapath;C:\windows\system32;C:\windows;C:\windows\System32\Wbem;C:\windows\System32\WindowsPowerShell\v1.0\;C:\windows\System32\OpenSSH\;C:\Program Files\dotnet\;C:\MinGW\bin;C:\Program Files\Git\cmd;C:\Program Files\Git\mingw64\bin;C:\Program Files\Git\usr\bin;C:\Program Files\nodejs;C:\WINDOWS\system32;C:\WINDOWS;C:\WINDOWS\System32\Wbem;C:\WINDOWS\System32\WindowsPowerShell\v1.0\;C:\WINDOWS\System32\OpenSSH\;C:\Program Files\Tesseract-OCR\;C:\nvm;C:\nodejs;C:\ProgramData\chocolatey\bin;c:\Users\anamoon\AppData\Local\Programs\cursor\resources\app\bin;C:\Program Files\nodejs\;C:\flutter\bin;C:\Program Files\Docker\Docker\resources\bin;C:\Users\Aman Singh\.local\bin\claude.exe;C:\Program Files\cursor\resources\app\bin;c:\Users\Aman Singh\AppData\Local\Programs\Trae\bin;C:\Users\Aman Singh\AppData\Local\Programs\Python\Python310\Scripts\;C:\Users\Aman Singh\AppData\Local\Programs\Python\Python310\;C:\Users\Aman Singh\AppData\Local\Programs\Python\Python313\Scripts\;C:\Users\Aman Singh\AppData\Local\Programs\Python\Python313\;C:\Users\Aman Singh\AppData\Local\Programs\Python\Launcher\;C:\Users\Aman Singh\AppData\Local\Microsoft\WindowsApps;C:\Users\Aman Singh\AppData\Local\spicetify;C:\Users\Aman Singh\AppData\Local\Programs\Microsoft VS Code\bin;C:\Users\Aman Singh\AppData\Local\Microsoft\WindowsApps;C:\Users\Aman Singh\AppData\Local\GitHubDesktop\bin;C:\Users\Aman Singh\AppData\Local\Programs\cursor\resources\app\bin;C:\nvm;C:\nodejs;C:\Users\Aman Singh\AppData\Roaming\npm;C:\Users\Aman Singh\mujeat\muj_eats_6018\flutter\bin;C:\Users\Aman Singh\AppData\Local\Programs\Windsurf\bin;C:\Users\Aman Singh\AppData\Local\Programs\Kiro\bin;C:\Users\Aman Singh\AppData\Local\Programs\Antigravity\bin;C:\Users\Aman Singh\AppData\Local\PowerToys\DSCModules\;C:\Users\Aman Singh\.local\bin
USERNAME=Aman Singh
OS=Windows_NT
PROCESSOR_IDENTIFIER=AMD64 Family 25 Model 80 Stepping 0, AuthenticAMD
TMP=C:\Users\Aman Singh\AppData\Local\Temp
TEMP=C:\Users\Aman Singh\AppData\Local\Temp




Periodic native trim disabled

---------------  S Y S T E M  ---------------

OS:
 Windows 11 , 64 bit Build 26100 (10.0.26100.8246)
OS uptime: 1 days 16:15 hours
Hyper-V role detected

CPU: total 12 (initial active 12) (12 cores per cpu, 2 threads per core) family 25 model 80 stepping 0 microcode 0xa50000f, cx8, cmov, fxsr, ht, mmx, 3dnowpref, sse, sse2, sse3, ssse3, sse4a, sse4.1, sse4.2, popcnt, lzcnt, tsc, tscinvbit, avx, avx2, aes, erms, clmul, bmi1, bmi2, adx, sha, fma, vzeroupper, clflush, clflushopt, hv, rdtscp, rdpid, fsrm, f16c, cet_ss
Processor Information for the first 12 processors :
  Max Mhz: 2301, Current Mhz: 2010, Mhz Limit: 2301

Memory: 4k page, system-wide physical 7520M (491M free)
TotalPageFile size 31072M (AvailPageFile size 0M)
current process WorkingSet (physical memory assigned to process): 313M, peak: 445M
current process commit charge ("private bytes"): 518M, peak: 536M

vm_info: OpenJDK 64-Bit Server VM (21.0.10+7-LTS) for windows-amd64 JRE (21.0.10+7-LTS), built on 2026-01-20T00:00:00Z by "admin" with MS VC++ 17.12 (VS2022)

END.
