#
# There is insufficient memory for the Java Runtime Environment to continue.
# Native memory allocation (malloc) failed to allocate 1539536 bytes. Error detail: Chunk::new
# Possible reasons:
#   The system is out of physical RAM or swap space
#   This process is running with CompressedOops enabled, and the Java Heap may be blocking the growth of the native heap
# Possible solutions:
#   Reduce memory load on the system
#   Increase physical memory or swap space
#   Check if swap backing store is full
#   Decrease Java heap size (-Xmx/-Xms)
#   Decrease number of Java threads
#   Decrease Java thread stack sizes (-Xss)
#   Set larger code cache with -XX:ReservedCodeCacheSize=
#   JVM is running with Unscaled Compressed Oops mode in which the Java heap is
#     placed in the first 4GB address space. The Java Heap base address is the
#     maximum limit for the native heap growth. Please use -XX:HeapBaseMinAddress
#     to set the Java Heap base and to place the Java Heap above 4GB virtual address.
# This output file may be truncated or incomplete.
#
#  Out of Memory Error (arena.cpp:168), pid=5148, tid=3604
#
# JRE version: OpenJDK Runtime Environment (21.0.5) (build 21.0.5+-12932927-b750.29)
# Java VM: OpenJDK 64-Bit Server VM (21.0.5+-12932927-b750.29, mixed mode, tiered, compressed oops, compressed class ptrs, g1 gc, windows-amd64)
# No core dump will be written. Minidumps are not enabled by default on client versions of Windows
#

---------------  S U M M A R Y ------------

Command Line: -XX:MaxMetaspaceSize=512m --add-opens=java.base/java.util=ALL-UNNAMED --add-opens=java.base/java.lang=ALL-UNNAMED --add-opens=java.base/java.lang.invoke=ALL-UNNAMED --add-opens=java.prefs/java.util.prefs=ALL-UNNAMED --add-opens=java.base/java.nio.charset=ALL-UNNAMED --add-opens=java.base/java.net=ALL-UNNAMED --add-opens=java.base/java.util.concurrent.atomic=ALL-UNNAMED -Xmx2048m -Dfile.encoding=windows-1252 -Duser.country=IN -Duser.language=en -Duser.variant -javaagent:C:\Users\Aman Singh\.gradle\wrapper\dists\gradle-8.3-all\6en3ugtfdg5xnpx44z4qbwgas\gradle-8.3\lib\agents\gradle-instrumentation-agent-8.3.jar org.gradle.launcher.daemon.bootstrap.GradleDaemon 8.3

Host: AMD Ryzen 5 5625U with Radeon Graphics         , 12 cores, 7G,  Windows 11 , 64 bit Build 26100 (10.0.26100.8246)
Time: Sun Apr 26 12:20:37 2026 India Standard Time elapsed time: 119.058500 seconds (0d 0h 1m 59s)

---------------  T H R E A D  ---------------

Current thread (0x0000028daa3b1ab0):  JavaThread "C2 CompilerThread0" daemon [_thread_in_native, id=3604, stack(0x0000009a55500000,0x0000009a55600000) (1024K)]


Current CompileTask:
C2:119058 15719       4       org.gradle.api.internal.artifacts.ivyservice.resolveengine.result.DesugaredAttributeContainerSerializer::read (155 bytes)

Stack: [0x0000009a55500000,0x0000009a55600000]
Native frames: (J=compiled Java code, j=interpreted, Vv=VM code, C=native code)
V  [jvm.dll+0x6cfb29]
V  [jvm.dll+0x85ded3]
V  [jvm.dll+0x86042e]
V  [jvm.dll+0x860b13]
V  [jvm.dll+0x27e6b6]
V  [jvm.dll+0xbff6d]
V  [jvm.dll+0xc04a3]
V  [jvm.dll+0x3b5fc1]
V  [jvm.dll+0x381f97]
V  [jvm.dll+0x38140a]
V  [jvm.dll+0x247c62]
V  [jvm.dll+0x247231]
V  [jvm.dll+0x1c5ee4]
V  [jvm.dll+0x25697c]
V  [jvm.dll+0x254ec6]
V  [jvm.dll+0x3f0ce6]
V  [jvm.dll+0x806368]
V  [jvm.dll+0x6ce3fd]
C  [ucrtbase.dll+0x37b0]
C  [KERNEL32.DLL+0x2e8d7]
C  [ntdll.dll+0x8c3fc]


---------------  P R O C E S S  ---------------

Threads class SMR info:
_java_thread_list=0x0000028db25323c0, length=174, elements={
0x0000028d92691520, 0x0000028daa3a59e0, 0x0000028daa3a6430, 0x0000028daa38d9f0,
0x0000028daa38e9e0, 0x0000028daa38f430, 0x0000028daa38fe80, 0x0000028daa3b1ab0,
0x0000028daa3b2540, 0x0000028daa3d5fc0, 0x0000028daa63e4a0, 0x0000028db0974130,
0x0000028db09ba580, 0x0000028db08dc870, 0x0000028db0605f50, 0x0000028dafa2ae40,
0x0000028db079c1a0, 0x0000028db06ef530, 0x0000028db06f0660, 0x0000028db0dd5130,
0x0000028db0dd3d80, 0x0000028db0dd4410, 0x0000028db0dd5e50, 0x0000028db0dd3060,
0x0000028db0dd36f0, 0x0000028db0dd64e0, 0x0000028db0dd4aa0, 0x0000028db0dd57c0,
0x0000028db135d000, 0x0000028db135ea40, 0x0000028db135b5c0, 0x0000028db135d690,
0x0000028db135e3b0, 0x0000028db135f0d0, 0x0000028db135f760, 0x0000028db135c2e0,
0x0000028db135fdf0, 0x0000028db1360480, 0x0000028db1362550, 0x0000028db1361830,
0x0000028db1361ec0, 0x0000028db1362be0, 0x0000028daf462db0, 0x0000028daf461a00,
0x0000028daf464160, 0x0000028daf4647f0, 0x0000028daf462090, 0x0000028daf463ad0,
0x0000028daf462720, 0x0000028daf461370, 0x0000028daf468300, 0x0000028daf466f50,
0x0000028daf4675e0, 0x0000028daf467c70, 0x0000028daf464e80, 0x0000028daf468990,
0x0000028daf465510, 0x0000028daf466230, 0x0000028daf4668c0, 0x0000028daf465ba0,
0x0000028db1915ea0, 0x0000028db1915810, 0x0000028db1916bc0, 0x0000028db1914af0,
0x0000028db1917250, 0x0000028db1915180, 0x0000028db1918c90, 0x0000028db191a040,
0x0000028db1919320, 0x0000028db19178e0, 0x0000028db9250d70, 0x0000028db9252120,
0x0000028db9251a90, 0x0000028db924eca0, 0x0000028db92527b0, 0x0000028db924f330,
0x0000028db9250050, 0x0000028db9252e40, 0x0000028db924f9c0, 0x0000028db92534d0,
0x0000028db9253b60, 0x0000028db92506e0, 0x0000028db92541f0, 0x0000028db9251400,
0x0000028db9254880, 0x0000028db9254f10, 0x0000028db92555a0, 0x0000028db9255c30,
0x0000028db92562c0, 0x0000028db3b831c0, 0x0000028db3b83850, 0x0000028db3b83ee0,
0x0000028db3b81e10, 0x0000028db3b85920, 0x0000028db3b84570, 0x0000028db3b82b30,
0x0000028db3b824a0, 0x0000028db3b85fb0, 0x0000028db3b87360, 0x0000028db3b86640,
0x0000028db3b879f0, 0x0000028db3b86cd0, 0x0000028db3b88080, 0x0000028db3b84c00,
0x0000028db3b88710, 0x0000028db3b85290, 0x0000028db233c160, 0x0000028db233bad0,
0x0000028db233d510, 0x0000028db233dba0, 0x0000028db233ce80, 0x0000028db233a720,
0x0000028db233e230, 0x0000028db233adb0, 0x0000028db23416b0, 0x0000028db2340990,
0x0000028db233e8c0, 0x0000028db2341020, 0x0000028db233ef50, 0x0000028db233f5e0,
0x0000028db233fc70, 0x0000028db2340300, 0x0000028db3b89430, 0x0000028db91f5de0,
0x0000028db91f8540, 0x0000028db91f6b00, 0x0000028db91f50c0, 0x0000028db91f6470,
0x0000028db91f7820, 0x0000028dba035500, 0x0000028dba035b90, 0x0000028dba036220,
0x0000028dba032da0, 0x0000028dba0368b0, 0x0000028dba036f40, 0x0000028dba034150,
0x0000028dba037c60, 0x0000028dba038980, 0x0000028dba0375d0, 0x0000028dba0382f0,
0x0000028dba033430, 0x0000028dba032710, 0x0000028dba032080, 0x0000028dba0347e0,
0x0000028dba034e70, 0x0000028dba033ac0, 0x0000028dba039010, 0x0000028dba0396a0,
0x0000028db91f7eb0, 0x0000028db91f8bd0, 0x0000028db91f5750, 0x0000028dba4cf660,
0x0000028dba4d10a0, 0x0000028dba4d0a10, 0x0000028dba4d1730, 0x0000028dba4d0380,
0x0000028dba4ce2b0, 0x0000028dba4d1dc0, 0x0000028dba4ce940, 0x0000028dba4d2450,
0x0000028dba4cefd0, 0x0000028dba4d3e90, 0x0000028dba4d5240, 0x0000028dba4d58d0,
0x0000028dba4d2ae0, 0x0000028dba4d4520, 0x0000028dba4d65f0, 0x0000028dba4d3170,
0x0000028dba4d6c80, 0x0000028dba4d79a0, 0x0000028dba4da790, 0x0000028dba4d7310,
0x0000028dba4d93e0, 0x0000028db15d8f00
}

Java Threads: ( => current thread )
  0x0000028d92691520 JavaThread "main"                              [_thread_blocked, id=34156, stack(0x0000009a54700000,0x0000009a54800000) (1024K)]
  0x0000028daa3a59e0 JavaThread "Reference Handler"          daemon [_thread_blocked, id=23420, stack(0x0000009a54f00000,0x0000009a55000000) (1024K)]
  0x0000028daa3a6430 JavaThread "Finalizer"                  daemon [_thread_blocked, id=30280, stack(0x0000009a55000000,0x0000009a55100000) (1024K)]
  0x0000028daa38d9f0 JavaThread "Signal Dispatcher"          daemon [_thread_blocked, id=29412, stack(0x0000009a55100000,0x0000009a55200000) (1024K)]
  0x0000028daa38e9e0 JavaThread "Attach Listener"            daemon [_thread_blocked, id=30784, stack(0x0000009a55200000,0x0000009a55300000) (1024K)]
  0x0000028daa38f430 JavaThread "Service Thread"             daemon [_thread_blocked, id=27840, stack(0x0000009a55300000,0x0000009a55400000) (1024K)]
  0x0000028daa38fe80 JavaThread "Monitor Deflation Thread"   daemon [_thread_blocked, id=29756, stack(0x0000009a55400000,0x0000009a55500000) (1024K)]
=>0x0000028daa3b1ab0 JavaThread "C2 CompilerThread0"         daemon [_thread_in_native, id=3604, stack(0x0000009a55500000,0x0000009a55600000) (1024K)]
  0x0000028daa3b2540 JavaThread "C1 CompilerThread0"         daemon [_thread_blocked, id=19956, stack(0x0000009a55600000,0x0000009a55700000) (1024K)]
  0x0000028daa3d5fc0 JavaThread "Common-Cleaner"             daemon [_thread_blocked, id=26736, stack(0x0000009a55700000,0x0000009a55800000) (1024K)]
  0x0000028daa63e4a0 JavaThread "Notification Thread"        daemon [_thread_blocked, id=24660, stack(0x0000009a55800000,0x0000009a55900000) (1024K)]
  0x0000028db0974130 JavaThread "Daemon health stats"               [_thread_blocked, id=20764, stack(0x0000009a55e00000,0x0000009a55f00000) (1024K)]
  0x0000028db09ba580 JavaThread "Incoming local TCP Connector on port 56154"        [_thread_in_native, id=32920, stack(0x0000009a55f00000,0x0000009a56000000) (1024K)]
  0x0000028db08dc870 JavaThread "Daemon periodic checks"            [_thread_blocked, id=24116, stack(0x0000009a56000000,0x0000009a56100000) (1024K)]
  0x0000028db0605f50 JavaThread "Daemon"                            [_thread_blocked, id=2224, stack(0x0000009a56100000,0x0000009a56200000) (1024K)]
  0x0000028dafa2ae40 JavaThread "Handler for socket connection from /127.0.0.1:56154 to /127.0.0.1:56155"        [_thread_in_native, id=19972, stack(0x0000009a56200000,0x0000009a56300000) (1024K)]
  0x0000028db079c1a0 JavaThread "Cancel handler"                    [_thread_blocked, id=30032, stack(0x0000009a56300000,0x0000009a56400000) (1024K)]
  0x0000028db06ef530 JavaThread "Daemon worker"                     [_thread_in_Java, id=23276, stack(0x0000009a56400000,0x0000009a56500000) (1024K)]
  0x0000028db06f0660 JavaThread "Asynchronous log dispatcher for DefaultDaemonConnection: socket connection from /127.0.0.1:56154 to /127.0.0.1:56155"        [_thread_blocked, id=4224, stack(0x0000009a56500000,0x0000009a56600000) (1024K)]
  0x0000028db0dd5130 JavaThread "Stdin handler"                     [_thread_blocked, id=18656, stack(0x0000009a56600000,0x0000009a56700000) (1024K)]
  0x0000028db0dd3d80 JavaThread "Daemon client event forwarder"        [_thread_blocked, id=13588, stack(0x0000009a56700000,0x0000009a56800000) (1024K)]
  0x0000028db0dd4410 JavaThread "Cache worker for journal cache (C:\Users\Aman Singh\.gradle\caches\journal-1)"        [_thread_blocked, id=15376, stack(0x0000009a56e00000,0x0000009a56f00000) (1024K)]
  0x0000028db0dd5e50 JavaThread "File lock request listener"        [_thread_in_native, id=20572, stack(0x0000009a56f00000,0x0000009a57000000) (1024K)]
  0x0000028db0dd3060 JavaThread "Cache worker for file hash cache (C:\Users\Aman Singh\.gradle\caches\8.3\fileHashes)"        [_thread_blocked, id=27904, stack(0x0000009a57100000,0x0000009a57200000) (1024K)]
  0x0000028db0dd36f0 JavaThread "File watcher server"        daemon [_thread_in_native, id=31160, stack(0x0000009a57200000,0x0000009a57300000) (1024K)]
  0x0000028db0dd64e0 JavaThread "File watcher consumer"      daemon [_thread_in_vm, id=32892, stack(0x0000009a57300000,0x0000009a57400000) (1024K)]
  0x0000028db0dd4aa0 JavaThread "Cache worker for checksums cache (C:\Users\Aman Singh\Desktop\Alemono\AlemanoMarkerScanner\android\.gradle\8.3\checksums)"        [_thread_blocked, id=18708, stack(0x0000009a57000000,0x0000009a57100000) (1024K)]
  0x0000028db0dd57c0 JavaThread "Cache worker for file hash cache (C:\Users\Aman Singh\Desktop\Alemono\AlemanoMarkerScanner\android\.gradle\8.3\fileHashes)"        [_thread_blocked, id=30436, stack(0x0000009a57400000,0x0000009a57500000) (1024K)]
  0x0000028db135d000 JavaThread "Cache worker for cache directory md-supplier (C:\Users\Aman Singh\.gradle\caches\8.3\md-supplier)"        [_thread_blocked, id=33976, stack(0x0000009a57600000,0x0000009a57700000) (1024K)]
  0x0000028db135ea40 JavaThread "Cache worker for file content cache (C:\Users\Aman Singh\.gradle\caches\8.3\fileContent)"        [_thread_blocked, id=5088, stack(0x0000009a57700000,0x0000009a57800000) (1024K)]
  0x0000028db135b5c0 JavaThread "Cache worker for cache directory md-rule (C:\Users\Aman Singh\.gradle\caches\8.3\md-rule)"        [_thread_blocked, id=21316, stack(0x0000009a57800000,0x0000009a57900000) (1024K)]
  0x0000028db135d690 JavaThread "Cache worker for execution history cache (C:\Users\Aman Singh\.gradle\caches\8.3\executionHistory)"        [_thread_blocked, id=18948, stack(0x0000009a57900000,0x0000009a57a00000) (1024K)]
  0x0000028db135e3b0 JavaThread "jar transforms"                    [_thread_blocked, id=24872, stack(0x0000009a57a00000,0x0000009a57b00000) (1024K)]
  0x0000028db135f0d0 JavaThread "jar transforms Thread 2"           [_thread_blocked, id=30964, stack(0x0000009a57b00000,0x0000009a57c00000) (1024K)]
  0x0000028db135f760 JavaThread "jar transforms Thread 3"           [_thread_blocked, id=28304, stack(0x0000009a57c00000,0x0000009a57d00000) (1024K)]
  0x0000028db135c2e0 JavaThread "jar transforms Thread 4"           [_thread_blocked, id=32532, stack(0x0000009a57d00000,0x0000009a57e00000) (1024K)]
  0x0000028db135fdf0 JavaThread "Cache worker for kotlin-dsl (C:\Users\Aman Singh\.gradle\caches\8.3\kotlin-dsl)"        [_thread_blocked, id=34392, stack(0x0000009a57500000,0x0000009a57600000) (1024K)]
  0x0000028db1360480 JavaThread "jar transforms Thread 5"           [_thread_blocked, id=24264, stack(0x0000009a57f00000,0x0000009a58000000) (1024K)]
  0x0000028db1362550 JavaThread "jar transforms Thread 6"           [_thread_blocked, id=3368, stack(0x0000009a58000000,0x0000009a58100000) (1024K)]
  0x0000028db1361830 JavaThread "Unconstrained build operations"        [_thread_blocked, id=27816, stack(0x0000009a58100000,0x0000009a58200000) (1024K)]
  0x0000028db1361ec0 JavaThread "Unconstrained build operations Thread 2"        [_thread_blocked, id=33872, stack(0x0000009a58200000,0x0000009a58300000) (1024K)]
  0x0000028db1362be0 JavaThread "jar transforms Thread 7"           [_thread_blocked, id=32828, stack(0x0000009a58300000,0x0000009a58400000) (1024K)]
  0x0000028daf462db0 JavaThread "jar transforms Thread 8"           [_thread_blocked, id=11112, stack(0x0000009a58400000,0x0000009a58500000) (1024K)]
  0x0000028daf461a00 JavaThread "jar transforms Thread 9"           [_thread_blocked, id=11012, stack(0x0000009a58500000,0x0000009a58600000) (1024K)]
  0x0000028daf464160 JavaThread "jar transforms Thread 10"          [_thread_blocked, id=19072, stack(0x0000009a58600000,0x0000009a58700000) (1024K)]
  0x0000028daf4647f0 JavaThread "jar transforms Thread 11"          [_thread_blocked, id=20836, stack(0x0000009a58700000,0x0000009a58800000) (1024K)]
  0x0000028daf462090 JavaThread "jar transforms Thread 12"          [_thread_blocked, id=17968, stack(0x0000009a58800000,0x0000009a58900000) (1024K)]
  0x0000028daf463ad0 JavaThread "Cache worker for dependencies-accessors (C:\Users\Aman Singh\Desktop\Alemono\AlemanoMarkerScanner\android\.gradle\8.3\dependencies-accessors)"        [_thread_blocked, id=29304, stack(0x0000009a58900000,0x0000009a58a00000) (1024K)]
  0x0000028daf462720 JavaThread "Cache worker for Build Output Cleanup Cache (C:\Users\Aman Singh\Desktop\Alemono\AlemanoMarkerScanner\node_modules\@react-native\gradle-plugin\.gradle\buildOutputCleanup)"        [_thread_blocked, id=19980, stack(0x0000009a58a00000,0x0000009a58b00000) (1024K)]
  0x0000028daf461370 JavaThread "Unconstrained build operations Thread 3"        [_thread_blocked, id=27448, stack(0x0000009a58b00000,0x0000009a58c00000) (1024K)]
  0x0000028daf468300 JavaThread "Unconstrained build operations Thread 4"        [_thread_blocked, id=34520, stack(0x0000009a58c00000,0x0000009a58d00000) (1024K)]
  0x0000028daf466f50 JavaThread "Unconstrained build operations Thread 5"        [_thread_blocked, id=3612, stack(0x0000009a58d00000,0x0000009a58e00000) (1024K)]
  0x0000028daf4675e0 JavaThread "Unconstrained build operations Thread 6"        [_thread_blocked, id=5288, stack(0x0000009a58e00000,0x0000009a58f00000) (1024K)]
  0x0000028daf467c70 JavaThread "Unconstrained build operations Thread 7"        [_thread_blocked, id=2508, stack(0x0000009a58f00000,0x0000009a59000000) (1024K)]
  0x0000028daf464e80 JavaThread "Unconstrained build operations Thread 8"        [_thread_blocked, id=28528, stack(0x0000009a59000000,0x0000009a59100000) (1024K)]
  0x0000028daf468990 JavaThread "Unconstrained build operations Thread 9"        [_thread_blocked, id=11836, stack(0x0000009a59100000,0x0000009a59200000) (1024K)]
  0x0000028daf465510 JavaThread "Unconstrained build operations Thread 10"        [_thread_blocked, id=25244, stack(0x0000009a59200000,0x0000009a59300000) (1024K)]
  0x0000028daf466230 JavaThread "Unconstrained build operations Thread 11"        [_thread_blocked, id=16940, stack(0x0000009a59300000,0x0000009a59400000) (1024K)]
  0x0000028daf4668c0 JavaThread "Unconstrained build operations Thread 12"        [_thread_blocked, id=17248, stack(0x0000009a59400000,0x0000009a59500000) (1024K)]
  0x0000028daf465ba0 JavaThread "Unconstrained build operations Thread 13"        [_thread_blocked, id=26320, stack(0x0000009a59500000,0x0000009a59600000) (1024K)]
  0x0000028db1915ea0 JavaThread "Memory manager"                    [_thread_blocked, id=17964, stack(0x0000009a59600000,0x0000009a59700000) (1024K)]
  0x0000028db1915810 JavaThread "Cache worker for Build Output Cleanup Cache (C:\Users\Aman Singh\Desktop\Alemono\AlemanoMarkerScanner\android\.gradle\buildOutputCleanup)"        [_thread_blocked, id=2528, stack(0x0000009a59700000,0x0000009a59800000) (1024K)]
  0x0000028db1916bc0 JavaThread "ForkJoinPool.commonPool-worker-1" daemon [_thread_blocked, id=33252, stack(0x0000009a57e00000,0x0000009a57f00000) (1024K)]
  0x0000028db1914af0 JavaThread "ForkJoinPool.commonPool-worker-3" daemon [_thread_blocked, id=12844, stack(0x0000009a59900000,0x0000009a59a00000) (1024K)]
  0x0000028db1917250 JavaThread "ForkJoinPool.commonPool-worker-5" daemon [_thread_blocked, id=10780, stack(0x0000009a59b00000,0x0000009a59c00000) (1024K)]
  0x0000028db1915180 JavaThread "ForkJoinPool.commonPool-worker-6" daemon [_thread_blocked, id=19844, stack(0x0000009a59c00000,0x0000009a59d00000) (1024K)]
  0x0000028db1918c90 JavaThread "ForkJoinPool.commonPool-worker-7" daemon [_thread_blocked, id=6988, stack(0x0000009a59d00000,0x0000009a59e00000) (1024K)]
  0x0000028db191a040 JavaThread "ForkJoinPool.commonPool-worker-8" daemon [_thread_blocked, id=33328, stack(0x0000009a59e00000,0x0000009a59f00000) (1024K)]
  0x0000028db1919320 JavaThread "ForkJoinPool.commonPool-worker-9" daemon [_thread_blocked, id=22848, stack(0x0000009a59f00000,0x0000009a5a000000) (1024K)]
  0x0000028db19178e0 JavaThread "ForkJoinPool.commonPool-worker-10" daemon [_thread_blocked, id=31800, stack(0x0000009a5a000000,0x0000009a5a100000) (1024K)]
  0x0000028db9250d70 JavaThread "Execution worker"                  [_thread_blocked, id=11888, stack(0x0000009a5a700000,0x0000009a5a800000) (1024K)]
  0x0000028db9252120 JavaThread "Execution worker Thread 2"         [_thread_blocked, id=10748, stack(0x0000009a5a800000,0x0000009a5a900000) (1024K)]
  0x0000028db9251a90 JavaThread "Execution worker Thread 3"         [_thread_blocked, id=29996, stack(0x0000009a5a900000,0x0000009a5aa00000) (1024K)]
  0x0000028db924eca0 JavaThread "Execution worker Thread 4"         [_thread_blocked, id=29328, stack(0x0000009a5aa00000,0x0000009a5ab00000) (1024K)]
  0x0000028db92527b0 JavaThread "Execution worker Thread 5"         [_thread_blocked, id=16024, stack(0x0000009a5ab00000,0x0000009a5ac00000) (1024K)]
  0x0000028db924f330 JavaThread "Execution worker Thread 6"         [_thread_blocked, id=28296, stack(0x0000009a5ac00000,0x0000009a5ad00000) (1024K)]
  0x0000028db9250050 JavaThread "Execution worker Thread 7"         [_thread_blocked, id=28640, stack(0x0000009a5ad00000,0x0000009a5ae00000) (1024K)]
  0x0000028db9252e40 JavaThread "Execution worker Thread 8"         [_thread_blocked, id=34420, stack(0x0000009a5ae00000,0x0000009a5af00000) (1024K)]
  0x0000028db924f9c0 JavaThread "Execution worker Thread 9"         [_thread_blocked, id=34512, stack(0x0000009a5af00000,0x0000009a5b000000) (1024K)]
  0x0000028db92534d0 JavaThread "Execution worker Thread 10"        [_thread_blocked, id=34792, stack(0x0000009a5b000000,0x0000009a5b100000) (1024K)]
  0x0000028db9253b60 JavaThread "Execution worker Thread 11"        [_thread_blocked, id=32260, stack(0x0000009a5b100000,0x0000009a5b200000) (1024K)]
  0x0000028db92506e0 JavaThread "Cache worker for execution history cache (C:\Users\Aman Singh\Desktop\Alemono\AlemanoMarkerScanner\node_modules\@react-native\gradle-plugin\.gradle\8.3\executionHistory)"        [_thread_blocked, id=34008, stack(0x0000009a5b200000,0x0000009a5b300000) (1024K)]
  0x0000028db92541f0 JavaThread "Unconstrained build operations Thread 14"        [_thread_blocked, id=7124, stack(0x0000009a5b300000,0x0000009a5b400000) (1024K)]
  0x0000028db9251400 JavaThread "Unconstrained build operations Thread 15"        [_thread_blocked, id=1376, stack(0x0000009a5b400000,0x0000009a5b500000) (1024K)]
  0x0000028db9254880 JavaThread "Unconstrained build operations Thread 16"        [_thread_blocked, id=17472, stack(0x0000009a5b500000,0x0000009a5b600000) (1024K)]
  0x0000028db9254f10 JavaThread "Unconstrained build operations Thread 17"        [_thread_blocked, id=26092, stack(0x0000009a5b600000,0x0000009a5b700000) (1024K)]
  0x0000028db92555a0 JavaThread "Unconstrained build operations Thread 18"        [_thread_blocked, id=33764, stack(0x0000009a5b700000,0x0000009a5b800000) (1024K)]
  0x0000028db9255c30 JavaThread "Unconstrained build operations Thread 19"        [_thread_blocked, id=13692, stack(0x0000009a5b800000,0x0000009a5b900000) (1024K)]
  0x0000028db92562c0 JavaThread "Unconstrained build operations Thread 20"        [_thread_blocked, id=9648, stack(0x0000009a5b900000,0x0000009a5ba00000) (1024K)]
  0x0000028db3b831c0 JavaThread "Unconstrained build operations Thread 21"        [_thread_blocked, id=20408, stack(0x0000009a5ba00000,0x0000009a5bb00000) (1024K)]
  0x0000028db3b83850 JavaThread "Unconstrained build operations Thread 22"        [_thread_blocked, id=19964, stack(0x0000009a5bb00000,0x0000009a5bc00000) (1024K)]
  0x0000028db3b83ee0 JavaThread "Unconstrained build operations Thread 23"        [_thread_blocked, id=24620, stack(0x0000009a5bc00000,0x0000009a5bd00000) (1024K)]
  0x0000028db3b81e10 JavaThread "Unconstrained build operations Thread 24"        [_thread_blocked, id=29504, stack(0x0000009a5bd00000,0x0000009a5be00000) (1024K)]
  0x0000028db3b85920 JavaThread "Unconstrained build operations Thread 25"        [_thread_blocked, id=19112, stack(0x0000009a5be00000,0x0000009a5bf00000) (1024K)]
  0x0000028db3b84570 JavaThread "Unconstrained build operations Thread 26"        [_thread_blocked, id=3152, stack(0x0000009a5bf00000,0x0000009a5c000000) (1024K)]
  0x0000028db3b82b30 JavaThread "Unconstrained build operations Thread 27"        [_thread_blocked, id=33320, stack(0x0000009a5c000000,0x0000009a5c100000) (1024K)]
  0x0000028db3b824a0 JavaThread "Unconstrained build operations Thread 28"        [_thread_blocked, id=27548, stack(0x0000009a5c100000,0x0000009a5c200000) (1024K)]
  0x0000028db3b85fb0 JavaThread "Unconstrained build operations Thread 29"        [_thread_blocked, id=2444, stack(0x0000009a5c200000,0x0000009a5c300000) (1024K)]
  0x0000028db3b87360 JavaThread "Unconstrained build operations Thread 30"        [_thread_blocked, id=11520, stack(0x0000009a5c300000,0x0000009a5c400000) (1024K)]
  0x0000028db3b86640 JavaThread "Unconstrained build operations Thread 31"        [_thread_blocked, id=30840, stack(0x0000009a5c400000,0x0000009a5c500000) (1024K)]
  0x0000028db3b879f0 JavaThread "Unconstrained build operations Thread 32"        [_thread_blocked, id=10156, stack(0x0000009a5c500000,0x0000009a5c600000) (1024K)]
  0x0000028db3b86cd0 JavaThread "Unconstrained build operations Thread 33"        [_thread_blocked, id=12856, stack(0x0000009a5c600000,0x0000009a5c700000) (1024K)]
  0x0000028db3b88080 JavaThread "Unconstrained build operations Thread 34"        [_thread_blocked, id=7980, stack(0x0000009a5c700000,0x0000009a5c800000) (1024K)]
  0x0000028db3b84c00 JavaThread "Unconstrained build operations Thread 35"        [_thread_blocked, id=2072, stack(0x0000009a5c800000,0x0000009a5c900000) (1024K)]
  0x0000028db3b88710 JavaThread "Unconstrained build operations Thread 36"        [_thread_blocked, id=34752, stack(0x0000009a5c900000,0x0000009a5ca00000) (1024K)]
  0x0000028db3b85290 JavaThread "Unconstrained build operations Thread 37"        [_thread_blocked, id=33564, stack(0x0000009a5ca00000,0x0000009a5cb00000) (1024K)]
  0x0000028db233c160 JavaThread "Unconstrained build operations Thread 38"        [_thread_blocked, id=19420, stack(0x0000009a5cb00000,0x0000009a5cc00000) (1024K)]
  0x0000028db233bad0 JavaThread "Unconstrained build operations Thread 39"        [_thread_blocked, id=32472, stack(0x0000009a5cc00000,0x0000009a5cd00000) (1024K)]
  0x0000028db233d510 JavaThread "Unconstrained build operations Thread 40"        [_thread_blocked, id=28568, stack(0x0000009a5cd00000,0x0000009a5ce00000) (1024K)]
  0x0000028db233dba0 JavaThread "Unconstrained build operations Thread 41"        [_thread_blocked, id=31168, stack(0x0000009a5ce00000,0x0000009a5cf00000) (1024K)]
  0x0000028db233ce80 JavaThread "Unconstrained build operations Thread 42"        [_thread_blocked, id=18588, stack(0x0000009a5cf00000,0x0000009a5d000000) (1024K)]
  0x0000028db233a720 JavaThread "Unconstrained build operations Thread 43"        [_thread_blocked, id=4332, stack(0x0000009a5d000000,0x0000009a5d100000) (1024K)]
  0x0000028db233e230 JavaThread "Unconstrained build operations Thread 44"        [_thread_blocked, id=25836, stack(0x0000009a5d100000,0x0000009a5d200000) (1024K)]
  0x0000028db233adb0 JavaThread "Unconstrained build operations Thread 45"        [_thread_blocked, id=21560, stack(0x0000009a5d200000,0x0000009a5d300000) (1024K)]
  0x0000028db23416b0 JavaThread "Unconstrained build operations Thread 46"        [_thread_blocked, id=32692, stack(0x0000009a5d300000,0x0000009a5d400000) (1024K)]
  0x0000028db2340990 JavaThread "Unconstrained build operations Thread 47"        [_thread_blocked, id=18180, stack(0x0000009a5d400000,0x0000009a5d500000) (1024K)]
  0x0000028db233e8c0 JavaThread "Unconstrained build operations Thread 48"        [_thread_blocked, id=28840, stack(0x0000009a5d500000,0x0000009a5d600000) (1024K)]
  0x0000028db2341020 JavaThread "Unconstrained build operations Thread 49"        [_thread_blocked, id=10080, stack(0x0000009a5d600000,0x0000009a5d700000) (1024K)]
  0x0000028db233ef50 JavaThread "Unconstrained build operations Thread 50"        [_thread_blocked, id=25152, stack(0x0000009a5a500000,0x0000009a5a600000) (1024K)]
  0x0000028db233f5e0 JavaThread "Unconstrained build operations Thread 51"        [_thread_blocked, id=21380, stack(0x0000009a5d700000,0x0000009a5d800000) (1024K)]
  0x0000028db233fc70 JavaThread "Unconstrained build operations Thread 52"        [_thread_blocked, id=12188, stack(0x0000009a5d800000,0x0000009a5d900000) (1024K)]
  0x0000028db2340300 JavaThread "Unconstrained build operations Thread 53"        [_thread_blocked, id=10816, stack(0x0000009a5d900000,0x0000009a5da00000) (1024K)]
  0x0000028db3b89430 JavaThread "Unconstrained build operations Thread 54"        [_thread_blocked, id=21144, stack(0x0000009a5da00000,0x0000009a5db00000) (1024K)]
  0x0000028db91f5de0 JavaThread "Unconstrained build operations Thread 55"        [_thread_blocked, id=24912, stack(0x0000009a5db00000,0x0000009a5dc00000) (1024K)]
  0x0000028db91f8540 JavaThread "Unconstrained build operations Thread 56"        [_thread_blocked, id=32980, stack(0x0000009a5dc00000,0x0000009a5dd00000) (1024K)]
  0x0000028db91f6b00 JavaThread "Unconstrained build operations Thread 57"        [_thread_blocked, id=29540, stack(0x0000009a5dd00000,0x0000009a5de00000) (1024K)]
  0x0000028db91f50c0 JavaThread "Unconstrained build operations Thread 58"        [_thread_blocked, id=5920, stack(0x0000009a5de00000,0x0000009a5df00000) (1024K)]
  0x0000028db91f6470 JavaThread "Unconstrained build operations Thread 59"        [_thread_blocked, id=3916, stack(0x0000009a5df00000,0x0000009a5e000000) (1024K)]
  0x0000028db91f7820 JavaThread "Unconstrained build operations Thread 60"        [_thread_blocked, id=16584, stack(0x0000009a5e000000,0x0000009a5e100000) (1024K)]
  0x0000028dba035500 JavaThread "Unconstrained build operations Thread 61"        [_thread_blocked, id=34344, stack(0x0000009a5e100000,0x0000009a5e200000) (1024K)]
  0x0000028dba035b90 JavaThread "Unconstrained build operations Thread 62"        [_thread_blocked, id=25932, stack(0x0000009a5e200000,0x0000009a5e300000) (1024K)]
  0x0000028dba036220 JavaThread "Unconstrained build operations Thread 63"        [_thread_blocked, id=14052, stack(0x0000009a5e300000,0x0000009a5e400000) (1024K)]
  0x0000028dba032da0 JavaThread "Unconstrained build operations Thread 64"        [_thread_blocked, id=25564, stack(0x0000009a5e400000,0x0000009a5e500000) (1024K)]
  0x0000028dba0368b0 JavaThread "Unconstrained build operations Thread 65"        [_thread_blocked, id=29664, stack(0x0000009a5e500000,0x0000009a5e600000) (1024K)]
  0x0000028dba036f40 JavaThread "Unconstrained build operations Thread 66"        [_thread_blocked, id=34788, stack(0x0000009a5e600000,0x0000009a5e700000) (1024K)]
  0x0000028dba034150 JavaThread "Unconstrained build operations Thread 67"        [_thread_blocked, id=1120, stack(0x0000009a5e700000,0x0000009a5e800000) (1024K)]
  0x0000028dba037c60 JavaThread "Unconstrained build operations Thread 68"        [_thread_blocked, id=20916, stack(0x0000009a5e800000,0x0000009a5e900000) (1024K)]
  0x0000028dba038980 JavaThread "Unconstrained build operations Thread 69"        [_thread_blocked, id=592, stack(0x0000009a5e900000,0x0000009a5ea00000) (1024K)]
  0x0000028dba0375d0 JavaThread "Unconstrained build operations Thread 70"        [_thread_blocked, id=5144, stack(0x0000009a5ea00000,0x0000009a5eb00000) (1024K)]
  0x0000028dba0382f0 JavaThread "Unconstrained build operations Thread 71"        [_thread_blocked, id=10576, stack(0x0000009a5eb00000,0x0000009a5ec00000) (1024K)]
  0x0000028dba033430 JavaThread "Unconstrained build operations Thread 72"        [_thread_blocked, id=15472, stack(0x0000009a5ec00000,0x0000009a5ed00000) (1024K)]
  0x0000028dba032710 JavaThread "Unconstrained build operations Thread 73"        [_thread_blocked, id=8768, stack(0x0000009a5ed00000,0x0000009a5ee00000) (1024K)]
  0x0000028dba032080 JavaThread "Unconstrained build operations Thread 74"        [_thread_blocked, id=17000, stack(0x0000009a5ee00000,0x0000009a5ef00000) (1024K)]
  0x0000028dba0347e0 JavaThread "Unconstrained build operations Thread 75"        [_thread_blocked, id=22208, stack(0x0000009a5ef00000,0x0000009a5f000000) (1024K)]
  0x0000028dba034e70 JavaThread "Unconstrained build operations Thread 76"        [_thread_blocked, id=29832, stack(0x0000009a5f000000,0x0000009a5f100000) (1024K)]
  0x0000028dba033ac0 JavaThread "Unconstrained build operations Thread 77"        [_thread_blocked, id=29952, stack(0x0000009a5f100000,0x0000009a5f200000) (1024K)]
  0x0000028dba039010 JavaThread "Unconstrained build operations Thread 78"        [_thread_blocked, id=1136, stack(0x0000009a5f200000,0x0000009a5f300000) (1024K)]
  0x0000028dba0396a0 JavaThread "Unconstrained build operations Thread 79"        [_thread_blocked, id=29580, stack(0x0000009a5f300000,0x0000009a5f400000) (1024K)]
  0x0000028db91f7eb0 JavaThread "Unconstrained build operations Thread 80"        [_thread_blocked, id=27628, stack(0x0000009a5f400000,0x0000009a5f500000) (1024K)]
  0x0000028db91f8bd0 JavaThread "Unconstrained build operations Thread 81"        [_thread_blocked, id=2012, stack(0x0000009a5f500000,0x0000009a5f600000) (1024K)]
  0x0000028db91f5750 JavaThread "Unconstrained build operations Thread 82"        [_thread_blocked, id=14124, stack(0x0000009a5f600000,0x0000009a5f700000) (1024K)]
  0x0000028dba4cf660 JavaThread "Unconstrained build operations Thread 83"        [_thread_blocked, id=31632, stack(0x0000009a54600000,0x0000009a54700000) (1024K)]
  0x0000028dba4d10a0 JavaThread "Unconstrained build operations Thread 84"        [_thread_blocked, id=31164, stack(0x0000009a5f700000,0x0000009a5f800000) (1024K)]
  0x0000028dba4d0a10 JavaThread "Unconstrained build operations Thread 85"        [_thread_blocked, id=12272, stack(0x0000009a5f800000,0x0000009a5f900000) (1024K)]
  0x0000028dba4d1730 JavaThread "Unconstrained build operations Thread 86"        [_thread_blocked, id=24344, stack(0x0000009a5f900000,0x0000009a5fa00000) (1024K)]
  0x0000028dba4d0380 JavaThread "Unconstrained build operations Thread 87"        [_thread_blocked, id=27900, stack(0x0000009a5fa00000,0x0000009a5fb00000) (1024K)]
  0x0000028dba4ce2b0 JavaThread "Unconstrained build operations Thread 88"        [_thread_blocked, id=17700, stack(0x0000009a5fb00000,0x0000009a5fc00000) (1024K)]
  0x0000028dba4d1dc0 JavaThread "Unconstrained build operations Thread 89"        [_thread_blocked, id=23316, stack(0x0000009a5fc00000,0x0000009a5fd00000) (1024K)]
  0x0000028dba4ce940 JavaThread "Unconstrained build operations Thread 90"        [_thread_blocked, id=27040, stack(0x0000009a5fd00000,0x0000009a5fe00000) (1024K)]
  0x0000028dba4d2450 JavaThread "Unconstrained build operations Thread 91"        [_thread_blocked, id=26044, stack(0x0000009a5fe00000,0x0000009a5ff00000) (1024K)]
  0x0000028dba4cefd0 JavaThread "Unconstrained build operations Thread 92"        [_thread_blocked, id=7948, stack(0x0000009a5ff00000,0x0000009a60000000) (1024K)]
  0x0000028dba4d3e90 JavaThread "Unconstrained build operations Thread 93"        [_thread_blocked, id=27884, stack(0x0000009a60000000,0x0000009a60100000) (1024K)]
  0x0000028dba4d5240 JavaThread "Unconstrained build operations Thread 94"        [_thread_blocked, id=25332, stack(0x0000009a5a200000,0x0000009a5a300000) (1024K)]
  0x0000028dba4d58d0 JavaThread "Unconstrained build operations Thread 95"        [_thread_blocked, id=20220, stack(0x0000009a5a300000,0x0000009a5a400000) (1024K)]
  0x0000028dba4d2ae0 JavaThread "Unconstrained build operations Thread 96"        [_thread_blocked, id=34028, stack(0x0000009a5a400000,0x0000009a5a500000) (1024K)]
  0x0000028dba4d4520 JavaThread "Unconstrained build operations Thread 97"        [_thread_blocked, id=30364, stack(0x0000009a5a600000,0x0000009a5a700000) (1024K)]
  0x0000028dba4d65f0 JavaThread "Unconstrained build operations Thread 98"        [_thread_blocked, id=33860, stack(0x0000009a60100000,0x0000009a60200000) (1024K)]
  0x0000028dba4d3170 JavaThread "Unconstrained build operations Thread 99"        [_thread_blocked, id=7552, stack(0x0000009a60200000,0x0000009a60300000) (1024K)]
  0x0000028dba4d6c80 JavaThread "Unconstrained build operations Thread 100"        [_thread_blocked, id=30152, stack(0x0000009a60300000,0x0000009a60400000) (1024K)]
  0x0000028dba4d79a0 JavaThread "Unconstrained build operations Thread 101"        [_thread_blocked, id=27516, stack(0x0000009a60400000,0x0000009a60500000) (1024K)]
  0x0000028dba4da790 JavaThread "Unconstrained build operations Thread 102"        [_thread_blocked, id=31024, stack(0x0000009a60500000,0x0000009a60600000) (1024K)]
  0x0000028dba4d7310 JavaThread "Unconstrained build operations Thread 103"        [_thread_blocked, id=25080, stack(0x0000009a60600000,0x0000009a60700000) (1024K)]
  0x0000028dba4d93e0 JavaThread "Unconstrained build operations Thread 104"        [_thread_blocked, id=10068, stack(0x0000009a60700000,0x0000009a60800000) (1024K)]
  0x0000028db15d8f00 JavaThread "C2 CompilerThread1"         daemon [_thread_in_native, id=15272, stack(0x0000009a59800000,0x0000009a59900000) (1024K)]
Total: 174

Other Threads:
  0x0000028daa1cc350 VMThread "VM Thread"                           [id=28644, stack(0x0000009a54e00000,0x0000009a54f00000) (1024K)]
  0x0000028daa16a110 WatcherThread "VM Periodic Task Thread"        [id=19720, stack(0x0000009a54d00000,0x0000009a54e00000) (1024K)]
  0x0000028d926ea4e0 WorkerThread "GC Thread#0"                     [id=22988, stack(0x0000009a54800000,0x0000009a54900000) (1024K)]
  0x0000028dafd11950 WorkerThread "GC Thread#1"                     [id=29980, stack(0x0000009a55a00000,0x0000009a55b00000) (1024K)]
  0x0000028dafb67710 WorkerThread "GC Thread#2"                     [id=33156, stack(0x0000009a55b00000,0x0000009a55c00000) (1024K)]
  0x0000028daf9d6100 WorkerThread "GC Thread#3"                     [id=24688, stack(0x0000009a55c00000,0x0000009a55d00000) (1024K)]
  0x0000028dafb5d720 WorkerThread "GC Thread#4"                     [id=29612, stack(0x0000009a55d00000,0x0000009a55e00000) (1024K)]
  0x0000028db0e03ff0 WorkerThread "GC Thread#5"                     [id=16756, stack(0x0000009a55900000,0x0000009a55a00000) (1024K)]
  0x0000028db0d00c60 WorkerThread "GC Thread#6"                     [id=33756, stack(0x0000009a56800000,0x0000009a56900000) (1024K)]
  0x0000028db0d01000 WorkerThread "GC Thread#7"                     [id=26460, stack(0x0000009a56900000,0x0000009a56a00000) (1024K)]
  0x0000028db0d12490 WorkerThread "GC Thread#8"                     [id=12700, stack(0x0000009a56a00000,0x0000009a56b00000) (1024K)]
  0x0000028db0d12830 WorkerThread "GC Thread#9"                     [id=18864, stack(0x0000009a56b00000,0x0000009a56c00000) (1024K)]
  0x0000028d926fb3d0 ConcurrentGCThread "G1 Main Marker"            [id=1940, stack(0x0000009a54900000,0x0000009a54a00000) (1024K)]
  0x0000028d926fcc20 WorkerThread "G1 Conc#0"                       [id=6652, stack(0x0000009a54a00000,0x0000009a54b00000) (1024K)]
  0x0000028db0bbeb80 WorkerThread "G1 Conc#1"                       [id=22660, stack(0x0000009a56c00000,0x0000009a56d00000) (1024K)]
  0x0000028db0bbe7e0 WorkerThread "G1 Conc#2"                       [id=34600, stack(0x0000009a56d00000,0x0000009a56e00000) (1024K)]
  0x0000028daa031170 ConcurrentGCThread "G1 Refine#0"               [id=19932, stack(0x0000009a54b00000,0x0000009a54c00000) (1024K)]
  0x0000028daa031990 ConcurrentGCThread "G1 Service"                [id=9236, stack(0x0000009a54c00000,0x0000009a54d00000) (1024K)]
Total: 18

Threads with active compile tasks:
C2 CompilerThread0  119214 15719       4       org.gradle.api.internal.artifacts.ivyservice.resolveengine.result.DesugaredAttributeContainerSerializer::read (155 bytes)
C1 CompilerThread0  119214 15836       3       org.gradle.internal.snapshot.SingletonChildMap$1::<init> (11 bytes)
C2 CompilerThread1  119214 15832       4       com.google.common.collect.ImmutableList::equals (6 bytes)
Total: 3

VM state: not at safepoint (normal execution)

VM Mutex/Monitor currently owned by a thread: None

Heap address: 0x0000000080000000, size: 2048 MB, Compressed Oops mode: 32-bit

CDS archive(s) not mapped
Compressed class space mapped at: 0x0000000100000000-0x000000011a000000, reserved size: 436207616
Narrow klass base: 0x0000000000000000, Narrow klass shift: 3, Narrow klass range: 0x11a000000

GC Precious Log:
 CardTable entry size: 512
 Card Set container configuration: InlinePtr #cards 5 size 8 Array Of Cards #cards 12 size 40 Howl #buckets 4 coarsen threshold 1843 Howl Bitmap #cards 512 size 80 coarsen threshold 460 Card regions per heap region 1 cards per card region 2048
 CPUs: 12 total, 12 available
 Memory: 7520M
 Large Page Support: Disabled
 NUMA Support: Disabled
 Compressed Oops: Enabled (32-bit)
 Heap Region Size: 1M
 Heap Min Capacity: 8M
 Heap Initial Capacity: 118M
 Heap Max Capacity: 2G
 Pre-touch: Disabled
 Parallel Workers: 10
 Concurrent Workers: 3
 Concurrent Refinement Workers: 10
 Periodic GC: Disabled

Heap:
 garbage-first heap   total 319488K, used 217926K [0x0000000080000000, 0x0000000100000000)
  region size 1024K, 22 young (22528K), 10 survivors (10240K)
 Metaspace       used 123011K, committed 125632K, reserved 557056K
  class space    used 16881K, committed 18112K, reserved 425984K

Heap Regions: E=young(eden), S=young(survivor), O=old, HS=humongous(starts), HC=humongous(continues), CS=collection set, F=free, TAMS=top-at-mark-start, PB=parsable bottom
|   0|0x0000000080000000, 0x0000000080100000, 0x0000000080100000|100%|HS|  |TAMS 0x0000000080000000| PB 0x0000000080000000| Complete 
|   1|0x0000000080100000, 0x0000000080200000, 0x0000000080200000|100%|HC|  |TAMS 0x0000000080100000| PB 0x0000000080100000| Complete 
|   2|0x0000000080200000, 0x0000000080300000, 0x0000000080300000|100%|HC|  |TAMS 0x0000000080200000| PB 0x0000000080200000| Complete 
|   3|0x0000000080300000, 0x0000000080400000, 0x0000000080400000|100%|HC|  |TAMS 0x0000000080300000| PB 0x0000000080300000| Complete 
|   4|0x0000000080400000, 0x0000000080500000, 0x0000000080500000|100%| O|  |TAMS 0x0000000080400000| PB 0x0000000080400000| Untracked 
|   5|0x0000000080500000, 0x0000000080600000, 0x0000000080600000|100%| O|  |TAMS 0x0000000080500000| PB 0x0000000080500000| Untracked 
|   6|0x0000000080600000, 0x0000000080700000, 0x0000000080700000|100%| O|  |TAMS 0x0000000080600000| PB 0x0000000080600000| Untracked 
|   7|0x0000000080700000, 0x0000000080800000, 0x0000000080800000|100%| O|  |TAMS 0x0000000080700000| PB 0x0000000080700000| Untracked 
|   8|0x0000000080800000, 0x0000000080900000, 0x0000000080900000|100%| O|  |TAMS 0x0000000080800000| PB 0x0000000080800000| Untracked 
|   9|0x0000000080900000, 0x0000000080a00000, 0x0000000080a00000|100%| O|  |TAMS 0x0000000080900000| PB 0x0000000080900000| Untracked 
|  10|0x0000000080a00000, 0x0000000080b00000, 0x0000000080b00000|100%| O|  |TAMS 0x0000000080a00000| PB 0x0000000080a00000| Untracked 
|  11|0x0000000080b00000, 0x0000000080c00000, 0x0000000080c00000|100%| O|  |TAMS 0x0000000080b00000| PB 0x0000000080b00000| Untracked 
|  12|0x0000000080c00000, 0x0000000080d00000, 0x0000000080d00000|100%| O|  |TAMS 0x0000000080c00000| PB 0x0000000080c00000| Untracked 
|  13|0x0000000080d00000, 0x0000000080e00000, 0x0000000080e00000|100%| O|  |TAMS 0x0000000080d00000| PB 0x0000000080d00000| Untracked 
|  14|0x0000000080e00000, 0x0000000080f00000, 0x0000000080f00000|100%| O|  |TAMS 0x0000000080e00000| PB 0x0000000080e00000| Untracked 
|  15|0x0000000080f00000, 0x0000000081000000, 0x0000000081000000|100%| O|  |TAMS 0x0000000080f00000| PB 0x0000000080f00000| Untracked 
|  16|0x0000000081000000, 0x0000000081100000, 0x0000000081100000|100%| O|  |TAMS 0x0000000081000000| PB 0x0000000081000000| Untracked 
|  17|0x0000000081100000, 0x0000000081200000, 0x0000000081200000|100%| O|  |TAMS 0x0000000081100000| PB 0x0000000081100000| Untracked 
|  18|0x0000000081200000, 0x0000000081300000, 0x0000000081300000|100%| O|  |TAMS 0x0000000081200000| PB 0x0000000081200000| Untracked 
|  19|0x0000000081300000, 0x0000000081400000, 0x0000000081400000|100%| O|  |TAMS 0x0000000081300000| PB 0x0000000081300000| Untracked 
|  20|0x0000000081400000, 0x0000000081500000, 0x0000000081500000|100%| O|  |TAMS 0x0000000081400000| PB 0x0000000081400000| Untracked 
|  21|0x0000000081500000, 0x0000000081600000, 0x0000000081600000|100%| O|  |TAMS 0x0000000081500000| PB 0x0000000081500000| Untracked 
|  22|0x0000000081600000, 0x0000000081700000, 0x0000000081700000|100%| O|  |TAMS 0x0000000081600000| PB 0x0000000081600000| Untracked 
|  23|0x0000000081700000, 0x0000000081800000, 0x0000000081800000|100%| O|  |TAMS 0x0000000081700000| PB 0x0000000081700000| Untracked 
|  24|0x0000000081800000, 0x0000000081900000, 0x0000000081900000|100%| O|  |TAMS 0x0000000081800000| PB 0x0000000081800000| Untracked 
|  25|0x0000000081900000, 0x0000000081a00000, 0x0000000081a00000|100%| O|  |TAMS 0x0000000081900000| PB 0x0000000081900000| Untracked 
|  26|0x0000000081a00000, 0x0000000081b00000, 0x0000000081b00000|100%| O|  |TAMS 0x0000000081a00000| PB 0x0000000081a00000| Untracked 
|  27|0x0000000081b00000, 0x0000000081c00000, 0x0000000081c00000|100%| O|  |TAMS 0x0000000081b00000| PB 0x0000000081b00000| Untracked 
|  28|0x0000000081c00000, 0x0000000081d00000, 0x0000000081d00000|100%| O|  |TAMS 0x0000000081c00000| PB 0x0000000081c00000| Untracked 
|  29|0x0000000081d00000, 0x0000000081e00000, 0x0000000081e00000|100%|HS|  |TAMS 0x0000000081d00000| PB 0x0000000081d00000| Complete 
|  30|0x0000000081e00000, 0x0000000081f00000, 0x0000000081f00000|100%|HC|  |TAMS 0x0000000081e00000| PB 0x0000000081e00000| Complete 
|  31|0x0000000081f00000, 0x0000000082000000, 0x0000000082000000|100%|HS|  |TAMS 0x0000000081f00000| PB 0x0000000081f00000| Complete 
|  32|0x0000000082000000, 0x0000000082100000, 0x0000000082100000|100%|HC|  |TAMS 0x0000000082000000| PB 0x0000000082000000| Complete 
|  33|0x0000000082100000, 0x0000000082200000, 0x0000000082200000|100%|HS|  |TAMS 0x0000000082100000| PB 0x0000000082100000| Complete 
|  34|0x0000000082200000, 0x0000000082300000, 0x0000000082300000|100%|HC|  |TAMS 0x0000000082200000| PB 0x0000000082200000| Complete 
|  35|0x0000000082300000, 0x0000000082400000, 0x0000000082400000|100%|HC|  |TAMS 0x0000000082300000| PB 0x0000000082300000| Complete 
|  36|0x0000000082400000, 0x0000000082500000, 0x0000000082500000|100%|HC|  |TAMS 0x0000000082400000| PB 0x0000000082400000| Complete 
|  37|0x0000000082500000, 0x0000000082600000, 0x0000000082600000|100%| O|  |TAMS 0x0000000082500000| PB 0x0000000082500000| Untracked 
|  38|0x0000000082600000, 0x0000000082700000, 0x0000000082700000|100%| O|  |TAMS 0x0000000082600000| PB 0x0000000082600000| Untracked 
|  39|0x0000000082700000, 0x0000000082800000, 0x0000000082800000|100%| O|  |TAMS 0x0000000082700000| PB 0x0000000082700000| Untracked 
|  40|0x0000000082800000, 0x0000000082900000, 0x0000000082900000|100%| O|  |TAMS 0x0000000082800000| PB 0x0000000082800000| Untracked 
|  41|0x0000000082900000, 0x0000000082a00000, 0x0000000082a00000|100%| O|  |TAMS 0x0000000082900000| PB 0x0000000082900000| Untracked 
|  42|0x0000000082a00000, 0x0000000082b00000, 0x0000000082b00000|100%| O|  |TAMS 0x0000000082a00000| PB 0x0000000082a00000| Untracked 
|  43|0x0000000082b00000, 0x0000000082c00000, 0x0000000082c00000|100%| O|  |TAMS 0x0000000082b00000| PB 0x0000000082b00000| Untracked 
|  44|0x0000000082c00000, 0x0000000082d00000, 0x0000000082d00000|100%| O|  |TAMS 0x0000000082c00000| PB 0x0000000082c00000| Untracked 
|  45|0x0000000082d00000, 0x0000000082e00000, 0x0000000082e00000|100%| O|  |TAMS 0x0000000082d00000| PB 0x0000000082d00000| Untracked 
|  46|0x0000000082e00000, 0x0000000082f00000, 0x0000000082f00000|100%| O|  |TAMS 0x0000000082e00000| PB 0x0000000082e00000| Untracked 
|  47|0x0000000082f00000, 0x0000000083000000, 0x0000000083000000|100%|HS|  |TAMS 0x0000000082f00000| PB 0x0000000082f00000| Complete 
|  48|0x0000000083000000, 0x0000000083100000, 0x0000000083100000|100%|HC|  |TAMS 0x0000000083000000| PB 0x0000000083000000| Complete 
|  49|0x0000000083100000, 0x0000000083200000, 0x0000000083200000|100%|HC|  |TAMS 0x0000000083100000| PB 0x0000000083100000| Complete 
|  50|0x0000000083200000, 0x0000000083300000, 0x0000000083300000|100%|HC|  |TAMS 0x0000000083200000| PB 0x0000000083200000| Complete 
|  51|0x0000000083300000, 0x0000000083400000, 0x0000000083400000|100%| O|  |TAMS 0x0000000083300000| PB 0x0000000083300000| Untracked 
|  52|0x0000000083400000, 0x0000000083500000, 0x0000000083500000|100%| O|  |TAMS 0x0000000083400000| PB 0x0000000083400000| Untracked 
|  53|0x0000000083500000, 0x0000000083600000, 0x0000000083600000|100%| O|  |TAMS 0x0000000083500000| PB 0x0000000083500000| Untracked 
|  54|0x0000000083600000, 0x0000000083700000, 0x0000000083700000|100%| O|  |TAMS 0x0000000083600000| PB 0x0000000083600000| Untracked 
|  55|0x0000000083700000, 0x0000000083800000, 0x0000000083800000|100%| O|  |TAMS 0x0000000083700000| PB 0x0000000083700000| Untracked 
|  56|0x0000000083800000, 0x0000000083900000, 0x0000000083900000|100%| O|  |TAMS 0x0000000083800000| PB 0x0000000083800000| Untracked 
|  57|0x0000000083900000, 0x0000000083a00000, 0x0000000083a00000|100%| O|  |TAMS 0x0000000083900000| PB 0x0000000083900000| Untracked 
|  58|0x0000000083a00000, 0x0000000083b00000, 0x0000000083b00000|100%|HS|  |TAMS 0x0000000083a00000| PB 0x0000000083a00000| Complete 
|  59|0x0000000083b00000, 0x0000000083c00000, 0x0000000083c00000|100%|HS|  |TAMS 0x0000000083b00000| PB 0x0000000083b00000| Complete 
|  60|0x0000000083c00000, 0x0000000083d00000, 0x0000000083d00000|100%|HS|  |TAMS 0x0000000083c00000| PB 0x0000000083c00000| Complete 
|  61|0x0000000083d00000, 0x0000000083e00000, 0x0000000083e00000|100%| O|  |TAMS 0x0000000083d00000| PB 0x0000000083d00000| Untracked 
|  62|0x0000000083e00000, 0x0000000083f00000, 0x0000000083f00000|100%|HS|  |TAMS 0x0000000083e00000| PB 0x0000000083e00000| Complete 
|  63|0x0000000083f00000, 0x0000000084000000, 0x0000000084000000|100%| O|  |TAMS 0x0000000083f00000| PB 0x0000000083f00000| Untracked 
|  64|0x0000000084000000, 0x0000000084100000, 0x0000000084100000|100%| O|  |TAMS 0x0000000084000000| PB 0x0000000084000000| Untracked 
|  65|0x0000000084100000, 0x0000000084200000, 0x0000000084200000|100%| O|  |TAMS 0x0000000084100000| PB 0x0000000084100000| Untracked 
|  66|0x0000000084200000, 0x0000000084300000, 0x0000000084300000|100%| O|  |TAMS 0x0000000084200000| PB 0x0000000084200000| Untracked 
|  67|0x0000000084300000, 0x0000000084400000, 0x0000000084400000|100%| O|  |TAMS 0x0000000084300000| PB 0x0000000084300000| Untracked 
|  68|0x0000000084400000, 0x0000000084500000, 0x0000000084500000|100%| O|  |TAMS 0x0000000084400000| PB 0x0000000084400000| Untracked 
|  69|0x0000000084500000, 0x0000000084600000, 0x0000000084600000|100%| O|  |TAMS 0x0000000084500000| PB 0x0000000084500000| Untracked 
|  70|0x0000000084600000, 0x0000000084700000, 0x0000000084700000|100%| O|  |TAMS 0x0000000084600000| PB 0x0000000084600000| Untracked 
|  71|0x0000000084700000, 0x0000000084800000, 0x0000000084800000|100%| O|  |TAMS 0x0000000084700000| PB 0x0000000084700000| Untracked 
|  72|0x0000000084800000, 0x0000000084900000, 0x0000000084900000|100%| O|  |TAMS 0x0000000084800000| PB 0x0000000084800000| Untracked 
|  73|0x0000000084900000, 0x0000000084a00000, 0x0000000084a00000|100%| O|  |TAMS 0x0000000084900000| PB 0x0000000084900000| Untracked 
|  74|0x0000000084a00000, 0x0000000084b00000, 0x0000000084b00000|100%| O|  |TAMS 0x0000000084a00000| PB 0x0000000084a00000| Untracked 
|  75|0x0000000084b00000, 0x0000000084c00000, 0x0000000084c00000|100%| O|  |TAMS 0x0000000084b00000| PB 0x0000000084b00000| Untracked 
|  76|0x0000000084c00000, 0x0000000084d00000, 0x0000000084d00000|100%| O|  |TAMS 0x0000000084c00000| PB 0x0000000084c00000| Untracked 
|  77|0x0000000084d00000, 0x0000000084e00000, 0x0000000084e00000|100%| O|  |TAMS 0x0000000084d00000| PB 0x0000000084d00000| Untracked 
|  78|0x0000000084e00000, 0x0000000084f00000, 0x0000000084f00000|100%| O|  |TAMS 0x0000000084e00000| PB 0x0000000084e00000| Untracked 
|  79|0x0000000084f00000, 0x0000000085000000, 0x0000000085000000|100%| O|  |TAMS 0x0000000084f00000| PB 0x0000000084f00000| Untracked 
|  80|0x0000000085000000, 0x0000000085100000, 0x0000000085100000|100%| O|  |TAMS 0x0000000085000000| PB 0x0000000085000000| Untracked 
|  81|0x0000000085100000, 0x0000000085200000, 0x0000000085200000|100%| O|  |TAMS 0x0000000085100000| PB 0x0000000085100000| Untracked 
|  82|0x0000000085200000, 0x0000000085300000, 0x0000000085300000|100%| O|  |TAMS 0x0000000085200000| PB 0x0000000085200000| Untracked 
|  83|0x0000000085300000, 0x0000000085400000, 0x0000000085400000|100%| O|  |TAMS 0x0000000085300000| PB 0x0000000085300000| Untracked 
|  84|0x0000000085400000, 0x0000000085500000, 0x0000000085500000|100%| O|  |TAMS 0x0000000085400000| PB 0x0000000085400000| Untracked 
|  85|0x0000000085500000, 0x0000000085600000, 0x0000000085600000|100%| O|  |TAMS 0x0000000085500000| PB 0x0000000085500000| Untracked 
|  86|0x0000000085600000, 0x0000000085700000, 0x0000000085700000|100%| O|  |TAMS 0x0000000085600000| PB 0x0000000085600000| Untracked 
|  87|0x0000000085700000, 0x0000000085800000, 0x0000000085800000|100%| O|  |TAMS 0x0000000085700000| PB 0x0000000085700000| Untracked 
|  88|0x0000000085800000, 0x0000000085900000, 0x0000000085900000|100%| O|  |TAMS 0x0000000085800000| PB 0x0000000085800000| Untracked 
|  89|0x0000000085900000, 0x0000000085a00000, 0x0000000085a00000|100%| O|  |TAMS 0x0000000085900000| PB 0x0000000085900000| Untracked 
|  90|0x0000000085a00000, 0x0000000085b00000, 0x0000000085b00000|100%| O|  |TAMS 0x0000000085a00000| PB 0x0000000085a00000| Untracked 
|  91|0x0000000085b00000, 0x0000000085c00000, 0x0000000085c00000|100%| O|  |TAMS 0x0000000085b00000| PB 0x0000000085b00000| Untracked 
|  92|0x0000000085c00000, 0x0000000085d00000, 0x0000000085d00000|100%| O|  |TAMS 0x0000000085c00000| PB 0x0000000085c00000| Untracked 
|  93|0x0000000085d00000, 0x0000000085e00000, 0x0000000085e00000|100%|HS|  |TAMS 0x0000000085d00000| PB 0x0000000085d00000| Complete 
|  94|0x0000000085e00000, 0x0000000085f00000, 0x0000000085f00000|100%|HS|  |TAMS 0x0000000085e00000| PB 0x0000000085e00000| Complete 
|  95|0x0000000085f00000, 0x0000000086000000, 0x0000000086000000|100%|HS|  |TAMS 0x0000000085f00000| PB 0x0000000085f00000| Complete 
|  96|0x0000000086000000, 0x0000000086100000, 0x0000000086100000|100%|HC|  |TAMS 0x0000000086000000| PB 0x0000000086000000| Complete 
|  97|0x0000000086100000, 0x0000000086200000, 0x0000000086200000|100%| O|  |TAMS 0x0000000086100000| PB 0x0000000086100000| Untracked 
|  98|0x0000000086200000, 0x0000000086300000, 0x0000000086300000|100%| O|  |TAMS 0x0000000086200000| PB 0x0000000086200000| Untracked 
|  99|0x0000000086300000, 0x0000000086400000, 0x0000000086400000|100%| O|  |TAMS 0x0000000086300000| PB 0x0000000086300000| Untracked 
| 100|0x0000000086400000, 0x0000000086500000, 0x0000000086500000|100%| O|  |TAMS 0x0000000086400000| PB 0x0000000086400000| Untracked 
| 101|0x0000000086500000, 0x0000000086600000, 0x0000000086600000|100%| O|  |TAMS 0x0000000086500000| PB 0x0000000086500000| Untracked 
| 102|0x0000000086600000, 0x0000000086700000, 0x0000000086700000|100%| O|  |TAMS 0x0000000086600000| PB 0x0000000086600000| Untracked 
| 103|0x0000000086700000, 0x0000000086800000, 0x0000000086800000|100%| O|  |TAMS 0x0000000086700000| PB 0x0000000086700000| Untracked 
| 104|0x0000000086800000, 0x0000000086900000, 0x0000000086900000|100%| O|  |TAMS 0x0000000086800000| PB 0x0000000086800000| Untracked 
| 105|0x0000000086900000, 0x0000000086a00000, 0x0000000086a00000|100%| O|  |TAMS 0x0000000086900000| PB 0x0000000086900000| Untracked 
| 106|0x0000000086a00000, 0x0000000086b00000, 0x0000000086b00000|100%| O|  |TAMS 0x0000000086a00000| PB 0x0000000086a00000| Untracked 
| 107|0x0000000086b00000, 0x0000000086c00000, 0x0000000086c00000|100%| O|  |TAMS 0x0000000086b00000| PB 0x0000000086b00000| Untracked 
| 108|0x0000000086c00000, 0x0000000086d00000, 0x0000000086d00000|100%| O|  |TAMS 0x0000000086c00000| PB 0x0000000086c00000| Untracked 
| 109|0x0000000086d00000, 0x0000000086e00000, 0x0000000086e00000|100%| O|  |TAMS 0x0000000086d00000| PB 0x0000000086d00000| Untracked 
| 110|0x0000000086e00000, 0x0000000086f00000, 0x0000000086f00000|100%| O|  |TAMS 0x0000000086e00000| PB 0x0000000086e00000| Untracked 
| 111|0x0000000086f00000, 0x0000000087000000, 0x0000000087000000|100%|HS|  |TAMS 0x0000000086f00000| PB 0x0000000086f00000| Complete 
| 112|0x0000000087000000, 0x0000000087100000, 0x0000000087100000|100%|HS|  |TAMS 0x0000000087000000| PB 0x0000000087000000| Complete 
| 113|0x0000000087100000, 0x0000000087200000, 0x0000000087200000|100%| O|  |TAMS 0x0000000087100000| PB 0x0000000087100000| Untracked 
| 114|0x0000000087200000, 0x0000000087300000, 0x0000000087300000|100%| O|  |TAMS 0x0000000087200000| PB 0x0000000087200000| Untracked 
| 115|0x0000000087300000, 0x0000000087400000, 0x0000000087400000|100%| O|  |TAMS 0x0000000087300000| PB 0x0000000087300000| Untracked 
| 116|0x0000000087400000, 0x0000000087500000, 0x0000000087500000|100%| O|  |TAMS 0x0000000087400000| PB 0x0000000087400000| Untracked 
| 117|0x0000000087500000, 0x0000000087600000, 0x0000000087600000|100%| O|  |TAMS 0x0000000087500000| PB 0x0000000087500000| Untracked 
| 118|0x0000000087600000, 0x0000000087700000, 0x0000000087700000|100%| O|  |TAMS 0x0000000087600000| PB 0x0000000087600000| Untracked 
| 119|0x0000000087700000, 0x0000000087800000, 0x0000000087800000|100%| O|  |TAMS 0x0000000087700000| PB 0x0000000087700000| Untracked 
| 120|0x0000000087800000, 0x0000000087900000, 0x0000000087900000|100%| O|  |TAMS 0x0000000087800000| PB 0x0000000087800000| Untracked 
| 121|0x0000000087900000, 0x0000000087a00000, 0x0000000087a00000|100%| O|  |TAMS 0x0000000087900000| PB 0x0000000087900000| Untracked 
| 122|0x0000000087a00000, 0x0000000087b00000, 0x0000000087b00000|100%| O|  |TAMS 0x0000000087a00000| PB 0x0000000087a00000| Untracked 
| 123|0x0000000087b00000, 0x0000000087c00000, 0x0000000087c00000|100%| O|  |TAMS 0x0000000087b00000| PB 0x0000000087b00000| Untracked 
| 124|0x0000000087c00000, 0x0000000087d00000, 0x0000000087d00000|100%| O|  |TAMS 0x0000000087c00000| PB 0x0000000087c00000| Untracked 
| 125|0x0000000087d00000, 0x0000000087e00000, 0x0000000087e00000|100%| O|  |TAMS 0x0000000087d00000| PB 0x0000000087d00000| Untracked 
| 126|0x0000000087e00000, 0x0000000087f00000, 0x0000000087f00000|100%| O|  |TAMS 0x0000000087e00000| PB 0x0000000087e00000| Untracked 
| 127|0x0000000087f00000, 0x0000000088000000, 0x0000000088000000|100%| O|  |TAMS 0x0000000087f00000| PB 0x0000000087f00000| Untracked 
| 128|0x0000000088000000, 0x0000000088100000, 0x0000000088100000|100%| O|  |TAMS 0x0000000088000000| PB 0x0000000088000000| Untracked 
| 129|0x0000000088100000, 0x0000000088200000, 0x0000000088200000|100%| O|  |TAMS 0x0000000088100000| PB 0x0000000088100000| Untracked 
| 130|0x0000000088200000, 0x0000000088300000, 0x0000000088300000|100%| O|  |TAMS 0x0000000088200000| PB 0x0000000088200000| Untracked 
| 131|0x0000000088300000, 0x0000000088400000, 0x0000000088400000|100%| O|  |TAMS 0x0000000088300000| PB 0x0000000088300000| Untracked 
| 132|0x0000000088400000, 0x0000000088500000, 0x0000000088500000|100%| O|  |TAMS 0x0000000088400000| PB 0x0000000088400000| Untracked 
| 133|0x0000000088500000, 0x0000000088600000, 0x0000000088600000|100%| O|  |TAMS 0x0000000088500000| PB 0x0000000088500000| Untracked 
| 134|0x0000000088600000, 0x0000000088700000, 0x0000000088700000|100%| O|  |TAMS 0x0000000088600000| PB 0x0000000088600000| Untracked 
| 135|0x0000000088700000, 0x0000000088800000, 0x0000000088800000|100%|HS|  |TAMS 0x0000000088700000| PB 0x0000000088700000| Complete 
| 136|0x0000000088800000, 0x0000000088900000, 0x0000000088900000|100%| O|  |TAMS 0x0000000088800000| PB 0x0000000088800000| Untracked 
| 137|0x0000000088900000, 0x0000000088a00000, 0x0000000088a00000|100%| O|  |TAMS 0x0000000088900000| PB 0x0000000088900000| Untracked 
| 138|0x0000000088a00000, 0x0000000088b00000, 0x0000000088b00000|100%| O|  |TAMS 0x0000000088a00000| PB 0x0000000088a00000| Untracked 
| 139|0x0000000088b00000, 0x0000000088c00000, 0x0000000088c00000|100%| O|  |TAMS 0x0000000088b00000| PB 0x0000000088b00000| Untracked 
| 140|0x0000000088c00000, 0x0000000088d00000, 0x0000000088d00000|100%| O|  |TAMS 0x0000000088c00000| PB 0x0000000088c00000| Untracked 
| 141|0x0000000088d00000, 0x0000000088e00000, 0x0000000088e00000|100%| O|  |TAMS 0x0000000088d00000| PB 0x0000000088d00000| Untracked 
| 142|0x0000000088e00000, 0x0000000088f00000, 0x0000000088f00000|100%| O|  |TAMS 0x0000000088e00000| PB 0x0000000088e00000| Untracked 
| 143|0x0000000088f00000, 0x0000000089000000, 0x0000000089000000|100%| O|  |TAMS 0x0000000088f00000| PB 0x0000000088f00000| Untracked 
| 144|0x0000000089000000, 0x0000000089100000, 0x0000000089100000|100%| O|  |TAMS 0x0000000089000000| PB 0x0000000089000000| Untracked 
| 145|0x0000000089100000, 0x0000000089200000, 0x0000000089200000|100%| O|Cm|TAMS 0x0000000089100000| PB 0x0000000089100000| Complete 
| 146|0x0000000089200000, 0x0000000089300000, 0x0000000089300000|100%| O|  |TAMS 0x0000000089200000| PB 0x0000000089200000| Untracked 
| 147|0x0000000089300000, 0x0000000089400000, 0x0000000089400000|100%|HS|  |TAMS 0x0000000089300000| PB 0x0000000089300000| Complete 
| 148|0x0000000089400000, 0x0000000089500000, 0x0000000089500000|100%|HS|  |TAMS 0x0000000089400000| PB 0x0000000089400000| Complete 
| 149|0x0000000089500000, 0x0000000089600000, 0x0000000089600000|100%| O|  |TAMS 0x0000000089500000| PB 0x0000000089500000| Untracked 
| 150|0x0000000089600000, 0x0000000089700000, 0x0000000089700000|100%| O|  |TAMS 0x0000000089600000| PB 0x0000000089600000| Untracked 
| 151|0x0000000089700000, 0x0000000089800000, 0x0000000089800000|100%| O|  |TAMS 0x0000000089700000| PB 0x0000000089700000| Untracked 
| 152|0x0000000089800000, 0x0000000089900000, 0x0000000089900000|100%| O|  |TAMS 0x0000000089800000| PB 0x0000000089800000| Untracked 
| 153|0x0000000089900000, 0x0000000089a00000, 0x0000000089a00000|100%| O|  |TAMS 0x0000000089900000| PB 0x0000000089900000| Untracked 
| 154|0x0000000089a00000, 0x0000000089b00000, 0x0000000089b00000|100%| O|  |TAMS 0x0000000089a00000| PB 0x0000000089a00000| Untracked 
| 155|0x0000000089b00000, 0x0000000089c00000, 0x0000000089c00000|100%| O|  |TAMS 0x0000000089b00000| PB 0x0000000089b00000| Untracked 
| 156|0x0000000089c00000, 0x0000000089d00000, 0x0000000089d00000|100%| O|  |TAMS 0x0000000089c00000| PB 0x0000000089c00000| Untracked 
| 157|0x0000000089d00000, 0x0000000089e00000, 0x0000000089e00000|100%| O|  |TAMS 0x0000000089d00000| PB 0x0000000089d00000| Untracked 
| 158|0x0000000089e00000, 0x0000000089f00000, 0x0000000089f00000|100%| O|  |TAMS 0x0000000089e00000| PB 0x0000000089e00000| Untracked 
| 159|0x0000000089f00000, 0x000000008a000000, 0x000000008a000000|100%| O|  |TAMS 0x0000000089f00000| PB 0x0000000089f00000| Untracked 
| 160|0x000000008a000000, 0x000000008a100000, 0x000000008a100000|100%| O|  |TAMS 0x000000008a000000| PB 0x000000008a000000| Untracked 
| 161|0x000000008a100000, 0x000000008a200000, 0x000000008a200000|100%| O|  |TAMS 0x000000008a100000| PB 0x000000008a100000| Untracked 
| 162|0x000000008a200000, 0x000000008a300000, 0x000000008a300000|100%| O|Cm|TAMS 0x000000008a200000| PB 0x000000008a200000| Complete 
| 163|0x000000008a300000, 0x000000008a300000, 0x000000008a400000|  0%| F|  |TAMS 0x000000008a300000| PB 0x000000008a300000| Untracked 
| 164|0x000000008a400000, 0x000000008a500000, 0x000000008a500000|100%| O|  |TAMS 0x000000008a400000| PB 0x000000008a400000| Untracked 
| 165|0x000000008a500000, 0x000000008a600000, 0x000000008a600000|100%| O|  |TAMS 0x000000008a500000| PB 0x000000008a500000| Untracked 
| 166|0x000000008a600000, 0x000000008a700000, 0x000000008a700000|100%| O|  |TAMS 0x000000008a600000| PB 0x000000008a600000| Untracked 
| 167|0x000000008a700000, 0x000000008a800000, 0x000000008a800000|100%|HS|  |TAMS 0x000000008a700000| PB 0x000000008a700000| Complete 
| 168|0x000000008a800000, 0x000000008a900000, 0x000000008a900000|100%|HS|  |TAMS 0x000000008a800000| PB 0x000000008a800000| Complete 
| 169|0x000000008a900000, 0x000000008aa00000, 0x000000008aa00000|100%|HS|  |TAMS 0x000000008a900000| PB 0x000000008a900000| Complete 
| 170|0x000000008aa00000, 0x000000008ab00000, 0x000000008ab00000|100%|HS|  |TAMS 0x000000008aa00000| PB 0x000000008aa00000| Complete 
| 171|0x000000008ab00000, 0x000000008ac00000, 0x000000008ac00000|100%| O|  |TAMS 0x000000008ab00000| PB 0x000000008ab00000| Untracked 
| 172|0x000000008ac00000, 0x000000008ad00000, 0x000000008ad00000|100%| O|  |TAMS 0x000000008ac00000| PB 0x000000008ac00000| Untracked 
| 173|0x000000008ad00000, 0x000000008ae00000, 0x000000008ae00000|100%| O|  |TAMS 0x000000008ad00000| PB 0x000000008ad00000| Untracked 
| 174|0x000000008ae00000, 0x000000008af00000, 0x000000008af00000|100%| O|  |TAMS 0x000000008ae00000| PB 0x000000008ae00000| Untracked 
| 175|0x000000008af00000, 0x000000008b000000, 0x000000008b000000|100%| O|  |TAMS 0x000000008af00000| PB 0x000000008af00000| Untracked 
| 176|0x000000008b000000, 0x000000008b100000, 0x000000008b100000|100%| O|  |TAMS 0x000000008b000000| PB 0x000000008b000000| Untracked 
| 177|0x000000008b100000, 0x000000008b200000, 0x000000008b200000|100%| O|  |TAMS 0x000000008b100000| PB 0x000000008b100000| Untracked 
| 178|0x000000008b200000, 0x000000008b300000, 0x000000008b300000|100%| O|  |TAMS 0x000000008b200000| PB 0x000000008b200000| Untracked 
| 179|0x000000008b300000, 0x000000008b400000, 0x000000008b400000|100%| O|  |TAMS 0x000000008b300000| PB 0x000000008b300000| Untracked 
| 180|0x000000008b400000, 0x000000008b500000, 0x000000008b500000|100%| O|  |TAMS 0x000000008b400000| PB 0x000000008b400000| Untracked 
| 181|0x000000008b500000, 0x000000008b600000, 0x000000008b600000|100%| O|  |TAMS 0x000000008b500000| PB 0x000000008b500000| Untracked 
| 182|0x000000008b600000, 0x000000008b700000, 0x000000008b700000|100%| O|  |TAMS 0x000000008b600000| PB 0x000000008b600000| Untracked 
| 183|0x000000008b700000, 0x000000008b800000, 0x000000008b800000|100%| O|  |TAMS 0x000000008b700000| PB 0x000000008b700000| Untracked 
| 184|0x000000008b800000, 0x000000008b8d19c0, 0x000000008b900000| 81%| O|  |TAMS 0x000000008b800000| PB 0x000000008b800000| Untracked 
| 185|0x000000008b900000, 0x000000008b900000, 0x000000008ba00000|  0%| F|  |TAMS 0x000000008b900000| PB 0x000000008b900000| Untracked 
| 186|0x000000008ba00000, 0x000000008ba00000, 0x000000008bb00000|  0%| F|  |TAMS 0x000000008ba00000| PB 0x000000008ba00000| Untracked 
| 187|0x000000008bb00000, 0x000000008bb00000, 0x000000008bc00000|  0%| F|  |TAMS 0x000000008bb00000| PB 0x000000008bb00000| Untracked 
| 188|0x000000008bc00000, 0x000000008bc00000, 0x000000008bd00000|  0%| F|  |TAMS 0x000000008bc00000| PB 0x000000008bc00000| Untracked 
| 189|0x000000008bd00000, 0x000000008bd00000, 0x000000008be00000|  0%| F|  |TAMS 0x000000008bd00000| PB 0x000000008bd00000| Untracked 
| 190|0x000000008be00000, 0x000000008be00000, 0x000000008bf00000|  0%| F|  |TAMS 0x000000008be00000| PB 0x000000008be00000| Untracked 
| 191|0x000000008bf00000, 0x000000008bf00000, 0x000000008c000000|  0%| F|  |TAMS 0x000000008bf00000| PB 0x000000008bf00000| Untracked 
| 192|0x000000008c000000, 0x000000008c000000, 0x000000008c100000|  0%| F|  |TAMS 0x000000008c000000| PB 0x000000008c000000| Untracked 
| 193|0x000000008c100000, 0x000000008c100000, 0x000000008c200000|  0%| F|  |TAMS 0x000000008c100000| PB 0x000000008c100000| Untracked 
| 194|0x000000008c200000, 0x000000008c200000, 0x000000008c300000|  0%| F|  |TAMS 0x000000008c200000| PB 0x000000008c200000| Untracked 
| 195|0x000000008c300000, 0x000000008c300000, 0x000000008c400000|  0%| F|  |TAMS 0x000000008c300000| PB 0x000000008c300000| Untracked 
| 196|0x000000008c400000, 0x000000008c400000, 0x000000008c500000|  0%| F|  |TAMS 0x000000008c400000| PB 0x000000008c400000| Untracked 
| 197|0x000000008c500000, 0x000000008c500000, 0x000000008c600000|  0%| F|  |TAMS 0x000000008c500000| PB 0x000000008c500000| Untracked 
| 198|0x000000008c600000, 0x000000008c600000, 0x000000008c700000|  0%| F|  |TAMS 0x000000008c600000| PB 0x000000008c600000| Untracked 
| 199|0x000000008c700000, 0x000000008c700000, 0x000000008c800000|  0%| F|  |TAMS 0x000000008c700000| PB 0x000000008c700000| Untracked 
| 200|0x000000008c800000, 0x000000008c800000, 0x000000008c900000|  0%| F|  |TAMS 0x000000008c800000| PB 0x000000008c800000| Untracked 
| 201|0x000000008c900000, 0x000000008c900000, 0x000000008ca00000|  0%| F|  |TAMS 0x000000008c900000| PB 0x000000008c900000| Untracked 
| 202|0x000000008ca00000, 0x000000008ca00000, 0x000000008cb00000|  0%| F|  |TAMS 0x000000008ca00000| PB 0x000000008ca00000| Untracked 
| 203|0x000000008cb00000, 0x000000008cb00000, 0x000000008cc00000|  0%| F|  |TAMS 0x000000008cb00000| PB 0x000000008cb00000| Untracked 
| 204|0x000000008cc00000, 0x000000008cc00000, 0x000000008cd00000|  0%| F|  |TAMS 0x000000008cc00000| PB 0x000000008cc00000| Untracked 
| 205|0x000000008cd00000, 0x000000008cd00000, 0x000000008ce00000|  0%| F|  |TAMS 0x000000008cd00000| PB 0x000000008cd00000| Untracked 
| 206|0x000000008ce00000, 0x000000008ce00000, 0x000000008cf00000|  0%| F|  |TAMS 0x000000008ce00000| PB 0x000000008ce00000| Untracked 
| 207|0x000000008cf00000, 0x000000008cf00000, 0x000000008d000000|  0%| F|  |TAMS 0x000000008cf00000| PB 0x000000008cf00000| Untracked 
| 208|0x000000008d000000, 0x000000008d000000, 0x000000008d100000|  0%| F|  |TAMS 0x000000008d000000| PB 0x000000008d000000| Untracked 
| 209|0x000000008d100000, 0x000000008d100000, 0x000000008d200000|  0%| F|  |TAMS 0x000000008d100000| PB 0x000000008d100000| Untracked 
| 210|0x000000008d200000, 0x000000008d200000, 0x000000008d300000|  0%| F|  |TAMS 0x000000008d200000| PB 0x000000008d200000| Untracked 
| 211|0x000000008d300000, 0x000000008d300000, 0x000000008d400000|  0%| F|  |TAMS 0x000000008d300000| PB 0x000000008d300000| Untracked 
| 212|0x000000008d400000, 0x000000008d400000, 0x000000008d500000|  0%| F|  |TAMS 0x000000008d400000| PB 0x000000008d400000| Untracked 
| 213|0x000000008d500000, 0x000000008d500000, 0x000000008d600000|  0%| F|  |TAMS 0x000000008d500000| PB 0x000000008d500000| Untracked 
| 214|0x000000008d600000, 0x000000008d600000, 0x000000008d700000|  0%| F|  |TAMS 0x000000008d600000| PB 0x000000008d600000| Untracked 
| 215|0x000000008d700000, 0x000000008d700000, 0x000000008d800000|  0%| F|  |TAMS 0x000000008d700000| PB 0x000000008d700000| Untracked 
| 216|0x000000008d800000, 0x000000008d800000, 0x000000008d900000|  0%| F|  |TAMS 0x000000008d800000| PB 0x000000008d800000| Untracked 
| 217|0x000000008d900000, 0x000000008d900000, 0x000000008da00000|  0%| F|  |TAMS 0x000000008d900000| PB 0x000000008d900000| Untracked 
| 218|0x000000008da00000, 0x000000008da00000, 0x000000008db00000|  0%| F|  |TAMS 0x000000008da00000| PB 0x000000008da00000| Untracked 
| 219|0x000000008db00000, 0x000000008db00000, 0x000000008dc00000|  0%| F|  |TAMS 0x000000008db00000| PB 0x000000008db00000| Untracked 
| 220|0x000000008dc00000, 0x000000008dc00000, 0x000000008dd00000|  0%| F|  |TAMS 0x000000008dc00000| PB 0x000000008dc00000| Untracked 
| 221|0x000000008dd00000, 0x000000008de00000, 0x000000008de00000|100%| S|CS|TAMS 0x000000008dd00000| PB 0x000000008dd00000| Complete 
| 222|0x000000008de00000, 0x000000008df00000, 0x000000008df00000|100%| S|CS|TAMS 0x000000008de00000| PB 0x000000008de00000| Complete 
| 223|0x000000008df00000, 0x000000008e000000, 0x000000008e000000|100%| S|CS|TAMS 0x000000008df00000| PB 0x000000008df00000| Complete 
| 224|0x000000008e000000, 0x000000008e100000, 0x000000008e100000|100%| S|CS|TAMS 0x000000008e000000| PB 0x000000008e000000| Complete 
| 225|0x000000008e100000, 0x000000008e200000, 0x000000008e200000|100%| S|CS|TAMS 0x000000008e100000| PB 0x000000008e100000| Complete 
| 226|0x000000008e200000, 0x000000008e300000, 0x000000008e300000|100%| S|CS|TAMS 0x000000008e200000| PB 0x000000008e200000| Complete 
| 227|0x000000008e300000, 0x000000008e400000, 0x000000008e400000|100%| S|CS|TAMS 0x000000008e300000| PB 0x000000008e300000| Complete 
| 228|0x000000008e400000, 0x000000008e500000, 0x000000008e500000|100%| S|CS|TAMS 0x000000008e400000| PB 0x000000008e400000| Complete 
| 229|0x000000008e500000, 0x000000008e600000, 0x000000008e600000|100%| S|CS|TAMS 0x000000008e500000| PB 0x000000008e500000| Complete 
| 230|0x000000008e600000, 0x000000008e700000, 0x000000008e700000|100%| S|CS|TAMS 0x000000008e600000| PB 0x000000008e600000| Complete 
| 231|0x000000008e700000, 0x000000008e700000, 0x000000008e800000|  0%| F|  |TAMS 0x000000008e700000| PB 0x000000008e700000| Untracked 
| 232|0x000000008e800000, 0x000000008e800000, 0x000000008e900000|  0%| F|  |TAMS 0x000000008e800000| PB 0x000000008e800000| Untracked 
| 233|0x000000008e900000, 0x000000008e900000, 0x000000008ea00000|  0%| F|  |TAMS 0x000000008e900000| PB 0x000000008e900000| Untracked 
| 234|0x000000008ea00000, 0x000000008ea00000, 0x000000008eb00000|  0%| F|  |TAMS 0x000000008ea00000| PB 0x000000008ea00000| Untracked 
| 235|0x000000008eb00000, 0x000000008eb00000, 0x000000008ec00000|  0%| F|  |TAMS 0x000000008eb00000| PB 0x000000008eb00000| Untracked 
| 236|0x000000008ec00000, 0x000000008ec00000, 0x000000008ed00000|  0%| F|  |TAMS 0x000000008ec00000| PB 0x000000008ec00000| Untracked 
| 237|0x000000008ed00000, 0x000000008ed00000, 0x000000008ee00000|  0%| F|  |TAMS 0x000000008ed00000| PB 0x000000008ed00000| Untracked 
| 238|0x000000008ee00000, 0x000000008ee00000, 0x000000008ef00000|  0%| F|  |TAMS 0x000000008ee00000| PB 0x000000008ee00000| Untracked 
| 239|0x000000008ef00000, 0x000000008ef00000, 0x000000008f000000|  0%| F|  |TAMS 0x000000008ef00000| PB 0x000000008ef00000| Untracked 
| 240|0x000000008f000000, 0x000000008f000000, 0x000000008f100000|  0%| F|  |TAMS 0x000000008f000000| PB 0x000000008f000000| Untracked 
| 241|0x000000008f100000, 0x000000008f100000, 0x000000008f200000|  0%| F|  |TAMS 0x000000008f100000| PB 0x000000008f100000| Untracked 
| 242|0x000000008f200000, 0x000000008f200000, 0x000000008f300000|  0%| F|  |TAMS 0x000000008f200000| PB 0x000000008f200000| Untracked 
| 243|0x000000008f300000, 0x000000008f300000, 0x000000008f400000|  0%| F|  |TAMS 0x000000008f300000| PB 0x000000008f300000| Untracked 
| 244|0x000000008f400000, 0x000000008f400000, 0x000000008f500000|  0%| F|  |TAMS 0x000000008f400000| PB 0x000000008f400000| Untracked 
| 245|0x000000008f500000, 0x000000008f500000, 0x000000008f600000|  0%| F|  |TAMS 0x000000008f500000| PB 0x000000008f500000| Untracked 
| 246|0x000000008f600000, 0x000000008f600000, 0x000000008f700000|  0%| F|  |TAMS 0x000000008f600000| PB 0x000000008f600000| Untracked 
| 247|0x000000008f700000, 0x000000008f700000, 0x000000008f800000|  0%| F|  |TAMS 0x000000008f700000| PB 0x000000008f700000| Untracked 
| 248|0x000000008f800000, 0x000000008f800000, 0x000000008f900000|  0%| F|  |TAMS 0x000000008f800000| PB 0x000000008f800000| Untracked 
| 249|0x000000008f900000, 0x000000008f900000, 0x000000008fa00000|  0%| F|  |TAMS 0x000000008f900000| PB 0x000000008f900000| Untracked 
| 250|0x000000008fa00000, 0x000000008fa00000, 0x000000008fb00000|  0%| F|  |TAMS 0x000000008fa00000| PB 0x000000008fa00000| Untracked 
| 251|0x000000008fb00000, 0x000000008fb00000, 0x000000008fc00000|  0%| F|  |TAMS 0x000000008fb00000| PB 0x000000008fb00000| Untracked 
| 252|0x000000008fc00000, 0x000000008fc00000, 0x000000008fd00000|  0%| F|  |TAMS 0x000000008fc00000| PB 0x000000008fc00000| Untracked 
| 253|0x000000008fd00000, 0x000000008fd00000, 0x000000008fe00000|  0%| F|  |TAMS 0x000000008fd00000| PB 0x000000008fd00000| Untracked 
| 254|0x000000008fe00000, 0x000000008fe00000, 0x000000008ff00000|  0%| F|  |TAMS 0x000000008fe00000| PB 0x000000008fe00000| Untracked 
| 255|0x000000008ff00000, 0x000000008ff00000, 0x0000000090000000|  0%| F|  |TAMS 0x000000008ff00000| PB 0x000000008ff00000| Untracked 
| 256|0x0000000090000000, 0x0000000090000000, 0x0000000090100000|  0%| F|  |TAMS 0x0000000090000000| PB 0x0000000090000000| Untracked 
| 257|0x0000000090100000, 0x0000000090100000, 0x0000000090200000|  0%| F|  |TAMS 0x0000000090100000| PB 0x0000000090100000| Untracked 
| 258|0x0000000090200000, 0x0000000090200000, 0x0000000090300000|  0%| F|  |TAMS 0x0000000090200000| PB 0x0000000090200000| Untracked 
| 259|0x0000000090300000, 0x0000000090300000, 0x0000000090400000|  0%| F|  |TAMS 0x0000000090300000| PB 0x0000000090300000| Untracked 
| 260|0x0000000090400000, 0x0000000090400000, 0x0000000090500000|  0%| F|  |TAMS 0x0000000090400000| PB 0x0000000090400000| Untracked 
| 261|0x0000000090500000, 0x0000000090500000, 0x0000000090600000|  0%| F|  |TAMS 0x0000000090500000| PB 0x0000000090500000| Untracked 
| 262|0x0000000090600000, 0x0000000090600000, 0x0000000090700000|  0%| F|  |TAMS 0x0000000090600000| PB 0x0000000090600000| Untracked 
| 263|0x0000000090700000, 0x0000000090700000, 0x0000000090800000|  0%| F|  |TAMS 0x0000000090700000| PB 0x0000000090700000| Untracked 
| 264|0x0000000090800000, 0x0000000090800000, 0x0000000090900000|  0%| F|  |TAMS 0x0000000090800000| PB 0x0000000090800000| Untracked 
| 265|0x0000000090900000, 0x0000000090900000, 0x0000000090a00000|  0%| F|  |TAMS 0x0000000090900000| PB 0x0000000090900000| Untracked 
| 266|0x0000000090a00000, 0x0000000090a00000, 0x0000000090b00000|  0%| F|  |TAMS 0x0000000090a00000| PB 0x0000000090a00000| Untracked 
| 267|0x0000000090b00000, 0x0000000090b00000, 0x0000000090c00000|  0%| F|  |TAMS 0x0000000090b00000| PB 0x0000000090b00000| Untracked 
| 268|0x0000000090c00000, 0x0000000090c00000, 0x0000000090d00000|  0%| F|  |TAMS 0x0000000090c00000| PB 0x0000000090c00000| Untracked 
| 269|0x0000000090d00000, 0x0000000090d00000, 0x0000000090e00000|  0%| F|  |TAMS 0x0000000090d00000| PB 0x0000000090d00000| Untracked 
| 270|0x0000000090e00000, 0x0000000090e00000, 0x0000000090f00000|  0%| F|  |TAMS 0x0000000090e00000| PB 0x0000000090e00000| Untracked 
| 271|0x0000000090f00000, 0x0000000090f00000, 0x0000000091000000|  0%| F|  |TAMS 0x0000000090f00000| PB 0x0000000090f00000| Untracked 
| 272|0x0000000091000000, 0x0000000091000000, 0x0000000091100000|  0%| F|  |TAMS 0x0000000091000000| PB 0x0000000091000000| Untracked 
| 273|0x0000000091100000, 0x0000000091100000, 0x0000000091200000|  0%| F|  |TAMS 0x0000000091100000| PB 0x0000000091100000| Untracked 
| 274|0x0000000091200000, 0x0000000091200000, 0x0000000091300000|  0%| F|  |TAMS 0x0000000091200000| PB 0x0000000091200000| Untracked 
| 275|0x0000000091300000, 0x0000000091300000, 0x0000000091400000|  0%| F|  |TAMS 0x0000000091300000| PB 0x0000000091300000| Untracked 
| 276|0x0000000091400000, 0x0000000091400000, 0x0000000091500000|  0%| F|  |TAMS 0x0000000091400000| PB 0x0000000091400000| Untracked 
| 277|0x0000000091500000, 0x0000000091500000, 0x0000000091600000|  0%| F|  |TAMS 0x0000000091500000| PB 0x0000000091500000| Untracked 
| 278|0x0000000091600000, 0x0000000091600000, 0x0000000091700000|  0%| F|  |TAMS 0x0000000091600000| PB 0x0000000091600000| Untracked 
| 279|0x0000000091700000, 0x0000000091700000, 0x0000000091800000|  0%| F|  |TAMS 0x0000000091700000| PB 0x0000000091700000| Untracked 
| 280|0x0000000091800000, 0x0000000091800000, 0x0000000091900000|  0%| F|  |TAMS 0x0000000091800000| PB 0x0000000091800000| Untracked 
| 281|0x0000000091900000, 0x0000000091900000, 0x0000000091a00000|  0%| F|  |TAMS 0x0000000091900000| PB 0x0000000091900000| Untracked 
| 282|0x0000000091a00000, 0x0000000091a00000, 0x0000000091b00000|  0%| F|  |TAMS 0x0000000091a00000| PB 0x0000000091a00000| Untracked 
| 283|0x0000000091b00000, 0x0000000091b00000, 0x0000000091c00000|  0%| F|  |TAMS 0x0000000091b00000| PB 0x0000000091b00000| Untracked 
| 284|0x0000000091c00000, 0x0000000091c00000, 0x0000000091d00000|  0%| F|  |TAMS 0x0000000091c00000| PB 0x0000000091c00000| Untracked 
| 285|0x0000000091d00000, 0x0000000091d00000, 0x0000000091e00000|  0%| F|  |TAMS 0x0000000091d00000| PB 0x0000000091d00000| Untracked 
| 286|0x0000000091e00000, 0x0000000091e00000, 0x0000000091f00000|  0%| F|  |TAMS 0x0000000091e00000| PB 0x0000000091e00000| Untracked 
| 287|0x0000000091f00000, 0x0000000091f00000, 0x0000000092000000|  0%| F|  |TAMS 0x0000000091f00000| PB 0x0000000091f00000| Untracked 
| 288|0x0000000092000000, 0x0000000092000000, 0x0000000092100000|  0%| F|  |TAMS 0x0000000092000000| PB 0x0000000092000000| Untracked 
| 289|0x0000000092100000, 0x0000000092100000, 0x0000000092200000|  0%| F|  |TAMS 0x0000000092100000| PB 0x0000000092100000| Untracked 
| 290|0x0000000092200000, 0x0000000092200000, 0x0000000092300000|  0%| F|  |TAMS 0x0000000092200000| PB 0x0000000092200000| Untracked 
| 291|0x0000000092300000, 0x0000000092313b80, 0x0000000092400000|  7%| E|  |TAMS 0x0000000092300000| PB 0x0000000092300000| Complete 
| 292|0x0000000092400000, 0x0000000092500000, 0x0000000092500000|100%| E|CS|TAMS 0x0000000092400000| PB 0x0000000092400000| Complete 
| 293|0x0000000092500000, 0x0000000092600000, 0x0000000092600000|100%| E|CS|TAMS 0x0000000092500000| PB 0x0000000092500000| Complete 
| 294|0x0000000092600000, 0x0000000092700000, 0x0000000092700000|100%| E|CS|TAMS 0x0000000092600000| PB 0x0000000092600000| Complete 
| 295|0x0000000092700000, 0x0000000092800000, 0x0000000092800000|100%| E|CS|TAMS 0x0000000092700000| PB 0x0000000092700000| Complete 
| 296|0x0000000092800000, 0x0000000092900000, 0x0000000092900000|100%| E|CS|TAMS 0x0000000092800000| PB 0x0000000092800000| Complete 
| 297|0x0000000092900000, 0x0000000092a00000, 0x0000000092a00000|100%| E|CS|TAMS 0x0000000092900000| PB 0x0000000092900000| Complete 
| 298|0x0000000092a00000, 0x0000000092b00000, 0x0000000092b00000|100%| E|CS|TAMS 0x0000000092a00000| PB 0x0000000092a00000| Complete 
| 299|0x0000000092b00000, 0x0000000092c00000, 0x0000000092c00000|100%| E|CS|TAMS 0x0000000092b00000| PB 0x0000000092b00000| Complete 
| 300|0x0000000092c00000, 0x0000000092d00000, 0x0000000092d00000|100%| E|CS|TAMS 0x0000000092c00000| PB 0x0000000092c00000| Complete 
| 301|0x0000000092d00000, 0x0000000092e00000, 0x0000000092e00000|100%| E|CS|TAMS 0x0000000092d00000| PB 0x0000000092d00000| Complete 
|2038|0x00000000ff600000, 0x00000000ff700000, 0x00000000ff700000|100%| O|  |TAMS 0x00000000ff600000| PB 0x00000000ff600000| Untracked 
|2039|0x00000000ff700000, 0x00000000ff800000, 0x00000000ff800000|100%| E|CS|TAMS 0x00000000ff700000| PB 0x00000000ff700000| Complete 
|2040|0x00000000ff800000, 0x00000000ff900000, 0x00000000ff900000|100%| E|CS|TAMS 0x00000000ff800000| PB 0x00000000ff800000| Complete 
|2041|0x00000000ff900000, 0x00000000ffa00000, 0x00000000ffa00000|100%| O|  |TAMS 0x00000000ff900000| PB 0x00000000ff900000| Untracked 
|2042|0x00000000ffa00000, 0x00000000ffb00000, 0x00000000ffb00000|100%| O|  |TAMS 0x00000000ffa00000| PB 0x00000000ffa00000| Untracked 
|2043|0x00000000ffb00000, 0x00000000ffc00000, 0x00000000ffc00000|100%| O|  |TAMS 0x00000000ffb00000| PB 0x00000000ffb00000| Untracked 
|2044|0x00000000ffc00000, 0x00000000ffd00000, 0x00000000ffd00000|100%| O|  |TAMS 0x00000000ffc00000| PB 0x00000000ffc00000| Untracked 
|2045|0x00000000ffd00000, 0x00000000ffe00000, 0x00000000ffe00000|100%| O|  |TAMS 0x00000000ffd00000| PB 0x00000000ffd00000| Untracked 
|2046|0x00000000ffe00000, 0x00000000fff00000, 0x00000000fff00000|100%| O|  |TAMS 0x00000000ffe00000| PB 0x00000000ffe00000| Untracked 
|2047|0x00000000fff00000, 0x0000000100000000, 0x0000000100000000|100%| O|  |TAMS 0x00000000fff00000| PB 0x00000000fff00000| Untracked 

Card table byte_map: [0x0000028da5140000,0x0000028da5540000] _byte_map_base: 0x0000028da4d40000

Marking Bits: (CMBitMap*) 0x0000028d926eaaf0
 Bits: [0x0000028da5540000, 0x0000028da7540000)

Polling page: 0x0000028d90870000

Metaspace:

Usage:
  Non-class:    103.65 MB used.
      Class:     16.49 MB used.
       Both:    120.14 MB used.

Virtual space:
  Non-class space:      128.00 MB reserved,     105.00 MB ( 82%) committed,  2 nodes.
      Class space:      416.00 MB reserved,      17.69 MB (  4%) committed,  1 nodes.
             Both:      544.00 MB reserved,     122.69 MB ( 23%) committed. 

Chunk freelists:
   Non-Class:  6.72 MB
       Class:  14.33 MB
        Both:  21.05 MB

MaxMetaspaceSize: 512.00 MB
CompressedClassSpaceSize: 416.00 MB
Initial GC threshold: 21.00 MB
Current GC threshold: 196.06 MB
CDS: off
 - commit_granule_bytes: 65536.
 - commit_granule_words: 8192.
 - virtual_space_node_default_size: 8388608.
 - enlarge_chunks_in_place: 1.
 - use_allocation_guard: 0.


Internal statistics:

num_allocs_failed_limit: 9.
num_arena_births: 4322.
num_arena_deaths: 0.
num_vsnodes_births: 3.
num_vsnodes_deaths: 0.
num_space_committed: 1963.
num_space_uncommitted: 0.
num_chunks_returned_to_freelist: 9.
num_chunks_taken_from_freelist: 9664.
num_chunk_merges: 6.
num_chunk_splits: 6298.
num_chunks_enlarged: 4009.
num_inconsistent_stats: 0.

CodeHeap 'non-profiled nmethods': size=120000Kb used=9190Kb max_used=9190Kb free=110810Kb
 bounds [0x0000028d9d2b0000, 0x0000028d9dbb0000, 0x0000028da47e0000]
CodeHeap 'profiled nmethods': size=120000Kb used=25928Kb max_used=25928Kb free=94071Kb
 bounds [0x0000028d957e0000, 0x0000028d97140000, 0x0000028d9cd10000]
CodeHeap 'non-nmethods': size=5760Kb used=2884Kb max_used=2941Kb free=2875Kb
 bounds [0x0000028d9cd10000, 0x0000028d9d000000, 0x0000028d9d2b0000]
 total_blobs=14398 nmethods=13401 adapters=900
 compilation: enabled
              stopped_count=0, restarted_count=0
 full_count=0

Compilation events (20 events):
Event: 118.076 Thread 0x0000028daa3b2540 15775       1       org.gradle.api.internal.artifacts.dependencies.AbstractModuleDependency::isTransitive (5 bytes)
Event: 118.076 Thread 0x0000028daa3b2540 nmethod 15775 0x0000028d9db9a990 code [0x0000028d9db9ab20, 0x0000028d9db9abf0]
Event: 118.077 Thread 0x0000028daa3b2540 15776       1       org.gradle.api.internal.artifacts.dependencies.AbstractModuleDependency::getArtifacts (5 bytes)
Event: 118.077 Thread 0x0000028daa3b2540 nmethod 15776 0x0000028d9db9ac90 code [0x0000028d9db9ae20, 0x0000028d9db9aee8]
Event: 118.077 Thread 0x0000028daa3b2540 15778       3       org.gradle.internal.component.local.model.DslOriginDependencyMetadataWrapper::isForce (10 bytes)
Event: 118.078 Thread 0x0000028daa3b2540 nmethod 15778 0x0000028d9710f090 code [0x0000028d9710f240, 0x0000028d9710f410]
Event: 118.098 Thread 0x0000028daa3b2540 15779       1       org.gradle.internal.component.external.model.AbstractMutableModuleComponentResolveMetadata$DependencyConstraintImpl::getGroup (5 bytes)
Event: 118.098 Thread 0x0000028daa3b2540 nmethod 15779 0x0000028d9db9af90 code [0x0000028d9db9b120, 0x0000028d9db9b1e8]
Event: 118.098 Thread 0x0000028daa3b2540 15780       1       org.gradle.internal.component.external.model.AbstractMutableModuleComponentResolveMetadata$DependencyConstraintImpl::getModule (5 bytes)
Event: 118.098 Thread 0x0000028daa3b2540 nmethod 15780 0x0000028d9db9b290 code [0x0000028d9db9b420, 0x0000028d9db9b4e8]
Event: 118.098 Thread 0x0000028daa3b2540 15781       1       org.gradle.internal.component.external.model.AbstractMutableModuleComponentResolveMetadata$DependencyConstraintImpl::getVersionConstraint (5 bytes)
Event: 118.099 Thread 0x0000028daa3b2540 nmethod 15781 0x0000028d9db9b590 code [0x0000028d9db9b720, 0x0000028d9db9b7e8]
Event: 118.099 Thread 0x0000028daa3b2540 15782       1       org.gradle.internal.component.external.model.AbstractMutableModuleComponentResolveMetadata$DependencyConstraintImpl::getAttributes (5 bytes)
Event: 118.099 Thread 0x0000028daa3b2540 nmethod 15782 0x0000028d9db9b890 code [0x0000028d9db9ba20, 0x0000028d9db9bae8]
Event: 118.099 Thread 0x0000028daa3b2540 15783       1       org.gradle.internal.component.external.model.AbstractMutableModuleComponentResolveMetadata$DependencyConstraintImpl::getReason (5 bytes)
Event: 118.099 Thread 0x0000028daa3b2540 nmethod 15783 0x0000028d9db9bb90 code [0x0000028d9db9bd20, 0x0000028d9db9bde8]
Event: 118.154 Thread 0x0000028daa3b2540 15785       3       org.gradle.internal.component.model.DefaultAttributeMatcher$CachedQuery::<init> (24 bytes)
Event: 118.155 Thread 0x0000028daa3b2540 nmethod 15785 0x0000028d9710f510 code [0x0000028d9710f6c0, 0x0000028d9710f920]
Event: 118.155 Thread 0x0000028daa3b2540 15786       2       org.gradle.internal.component.model.DefaultAttributeMatcher$CachedQuery::from (64 bytes)
Event: 119.047 Thread 0x0000028daa3b2540 nmethod 15786 0x0000028d9710fa10 code [0x0000028d9710fc40, 0x0000028d971101e8]

GC Heap History (20 events):
Event: 80.380 GC heap before
{Heap before GC invocations=43 (full 0):
 garbage-first heap   total 191488K, used 167153K [0x0000000080000000, 0x0000000100000000)
  region size 1024K, 43 young (44032K), 5 survivors (5120K)
 Metaspace       used 109682K, committed 112000K, reserved 557056K
  class space    used 15067K, committed 16192K, reserved 425984K
}
Event: 80.388 GC heap after
{Heap after GC invocations=44 (full 0):
 garbage-first heap   total 191488K, used 136941K [0x0000000080000000, 0x0000000100000000)
  region size 1024K, 6 young (6144K), 6 survivors (6144K)
 Metaspace       used 109682K, committed 112000K, reserved 557056K
  class space    used 15067K, committed 16192K, reserved 425984K
}
Event: 81.448 GC heap before
{Heap before GC invocations=44 (full 0):
 garbage-first heap   total 191488K, used 170733K [0x0000000080000000, 0x0000000100000000)
  region size 1024K, 39 young (39936K), 6 survivors (6144K)
 Metaspace       used 111070K, committed 113408K, reserved 557056K
  class space    used 15267K, committed 16384K, reserved 425984K
}
Event: 81.456 GC heap after
{Heap after GC invocations=45 (full 0):
 garbage-first heap   total 191488K, used 141789K [0x0000000080000000, 0x0000000100000000)
  region size 1024K, 5 young (5120K), 5 survivors (5120K)
 Metaspace       used 111070K, committed 113408K, reserved 557056K
  class space    used 15267K, committed 16384K, reserved 425984K
}
Event: 84.496 GC heap before
{Heap before GC invocations=46 (full 0):
 garbage-first heap   total 237568K, used 172509K [0x0000000080000000, 0x0000000100000000)
  region size 1024K, 35 young (35840K), 5 survivors (5120K)
 Metaspace       used 112932K, committed 115264K, reserved 557056K
  class space    used 15525K, committed 16640K, reserved 425984K
}
Event: 84.503 GC heap after
{Heap after GC invocations=47 (full 0):
 garbage-first heap   total 237568K, used 143555K [0x0000000080000000, 0x0000000100000000)
  region size 1024K, 2 young (2048K), 2 survivors (2048K)
 Metaspace       used 112932K, committed 115264K, reserved 557056K
  class space    used 15525K, committed 16640K, reserved 425984K
}
Event: 93.560 GC heap before
{Heap before GC invocations=47 (full 0):
 garbage-first heap   total 237568K, used 200899K [0x0000000080000000, 0x0000000100000000)
  region size 1024K, 58 young (59392K), 2 survivors (2048K)
 Metaspace       used 116248K, committed 118592K, reserved 557056K
  class space    used 15963K, committed 17088K, reserved 425984K
}
Event: 93.567 GC heap after
{Heap after GC invocations=48 (full 0):
 garbage-first heap   total 237568K, used 145619K [0x0000000080000000, 0x0000000100000000)
  region size 1024K, 5 young (5120K), 5 survivors (5120K)
 Metaspace       used 116248K, committed 118592K, reserved 557056K
  class space    used 15963K, committed 17088K, reserved 425984K
}
Event: 95.209 GC heap before
{Heap before GC invocations=48 (full 0):
 garbage-first heap   total 237568K, used 209107K [0x0000000080000000, 0x0000000100000000)
  region size 1024K, 67 young (68608K), 5 survivors (5120K)
 Metaspace       used 116985K, committed 119360K, reserved 557056K
  class space    used 16048K, committed 17152K, reserved 425984K
}
Event: 95.229 GC heap after
{Heap after GC invocations=49 (full 0):
 garbage-first heap   total 237568K, used 155107K [0x0000000080000000, 0x0000000100000000)
  region size 1024K, 9 young (9216K), 9 survivors (9216K)
 Metaspace       used 116985K, committed 119360K, reserved 557056K
  class space    used 16048K, committed 17152K, reserved 425984K
}
Event: 96.485 GC heap before
{Heap before GC invocations=50 (full 0):
 garbage-first heap   total 260096K, used 211427K [0x0000000080000000, 0x0000000100000000)
  region size 1024K, 64 young (65536K), 9 survivors (9216K)
 Metaspace       used 117210K, committed 119616K, reserved 557056K
  class space    used 16075K, committed 17216K, reserved 425984K
}
Event: 96.500 GC heap after
{Heap after GC invocations=51 (full 0):
 garbage-first heap   total 260096K, used 164937K [0x0000000080000000, 0x0000000100000000)
  region size 1024K, 8 young (8192K), 8 survivors (8192K)
 Metaspace       used 117210K, committed 119616K, reserved 557056K
  class space    used 16075K, committed 17216K, reserved 425984K
}
Event: 100.993 GC heap before
{Heap before GC invocations=51 (full 0):
 garbage-first heap   total 260096K, used 230473K [0x0000000080000000, 0x0000000100000000)
  region size 1024K, 70 young (71680K), 8 survivors (8192K)
 Metaspace       used 117857K, committed 120320K, reserved 557056K
  class space    used 16146K, committed 17280K, reserved 425984K
}
Event: 101.009 GC heap after
{Heap after GC invocations=52 (full 0):
 garbage-first heap   total 260096K, used 182444K [0x0000000080000000, 0x0000000100000000)
  region size 1024K, 9 young (9216K), 9 survivors (9216K)
 Metaspace       used 117857K, committed 120320K, reserved 557056K
  class space    used 16146K, committed 17280K, reserved 425984K
}
Event: 101.851 GC heap before
{Heap before GC invocations=52 (full 0):
 garbage-first heap   total 260096K, used 198828K [0x0000000080000000, 0x0000000100000000)
  region size 1024K, 27 young (27648K), 9 survivors (9216K)
 Metaspace       used 117965K, committed 120448K, reserved 557056K
  class space    used 16163K, committed 17344K, reserved 425984K
}
Event: 101.875 GC heap after
{Heap after GC invocations=53 (full 0):
 garbage-first heap   total 260096K, used 187520K [0x0000000080000000, 0x0000000100000000)
  region size 1024K, 4 young (4096K), 4 survivors (4096K)
 Metaspace       used 117965K, committed 120448K, reserved 557056K
  class space    used 16163K, committed 17344K, reserved 425984K
}
Event: 103.301 GC heap before
{Heap before GC invocations=54 (full 0):
 garbage-first heap   total 319488K, used 236672K [0x0000000080000000, 0x0000000100000000)
  region size 1024K, 48 young (49152K), 4 survivors (4096K)
 Metaspace       used 118544K, committed 121088K, reserved 557056K
  class space    used 16246K, committed 17408K, reserved 425984K
}
Event: 103.310 GC heap after
{Heap after GC invocations=55 (full 0):
 garbage-first heap   total 319488K, used 200153K [0x0000000080000000, 0x0000000100000000)
  region size 1024K, 6 young (6144K), 6 survivors (6144K)
 Metaspace       used 118544K, committed 121088K, reserved 557056K
  class space    used 16246K, committed 17408K, reserved 425984K
}
Event: 117.739 GC heap before
{Heap before GC invocations=55 (full 0):
 garbage-first heap   total 319488K, used 268761K [0x0000000080000000, 0x0000000100000000)
  region size 1024K, 73 young (74752K), 6 survivors (6144K)
 Metaspace       used 122756K, committed 125312K, reserved 557056K
  class space    used 16851K, committed 18048K, reserved 425984K
}
Event: 117.755 GC heap after
{Heap after GC invocations=56 (full 0):
 garbage-first heap   total 319488K, used 206662K [0x0000000080000000, 0x0000000100000000)
  region size 1024K, 10 young (10240K), 10 survivors (10240K)
 Metaspace       used 122756K, committed 125312K, reserved 557056K
  class space    used 16851K, committed 18048K, reserved 425984K
}

Dll operation events (3 events):
Event: 0.020 Loaded shared library C:\Program Files\Android\Android Studio\jbr\bin\java.dll
Event: 0.029 Loaded shared library C:\Program Files\Android\Android Studio\jbr\bin\zip.dll
Event: 0.616 Loaded shared library C:\Program Files\Android\Android Studio\jbr\bin\verify.dll

Deoptimization events (20 events):
Event: 117.906 Thread 0x0000028db06ef530 DEOPT PACKING pc=0x0000028d9d93e828 sp=0x0000009a564f7240
Event: 117.906 Thread 0x0000028db06ef530 DEOPT UNPACKING pc=0x0000028d9cd646a2 sp=0x0000009a564f7200 mode 2
Event: 117.917 Thread 0x0000028db06ef530 Uncommon trap: trap_request=0xffffffc6 fr.pc=0x0000028d9da61b40 relative=0x0000000000001680
Event: 117.917 Thread 0x0000028db06ef530 Uncommon trap: reason=bimorphic_or_optimized_type_check action=maybe_recompile pc=0x0000028d9da61b40 method=org.gradle.internal.component.model.AttributeConfigurationSelector.filterVariantsByRequestedCapabilities(Lorg/gradle/internal/component/model/Compo
Event: 117.917 Thread 0x0000028db06ef530 DEOPT PACKING pc=0x0000028d9da61b40 sp=0x0000009a564f8350
Event: 117.917 Thread 0x0000028db06ef530 DEOPT UNPACKING pc=0x0000028d9cd646a2 sp=0x0000009a564f8320 mode 2
Event: 117.917 Thread 0x0000028db06ef530 Uncommon trap: trap_request=0xffffffc6 fr.pc=0x0000028d9da644d8 relative=0x0000000000000bf8
Event: 117.917 Thread 0x0000028db06ef530 Uncommon trap: reason=bimorphic_or_optimized_type_check action=maybe_recompile pc=0x0000028d9da644d8 method=org.gradle.internal.component.model.DefaultAttributeMatcher$CachedQuery.from(Lorg/gradle/api/internal/attributes/ImmutableAttributes;Ljava/util/Lis
Event: 117.917 Thread 0x0000028db06ef530 DEOPT PACKING pc=0x0000028d9da644d8 sp=0x0000009a564f82c0
Event: 117.917 Thread 0x0000028db06ef530 DEOPT UNPACKING pc=0x0000028d9cd646a2 sp=0x0000009a564f8280 mode 2
Event: 117.918 Thread 0x0000028db06ef530 Uncommon trap: trap_request=0xffffffc6 fr.pc=0x0000028d9da61b40 relative=0x0000000000001680
Event: 117.918 Thread 0x0000028db06ef530 Uncommon trap: reason=bimorphic_or_optimized_type_check action=maybe_recompile pc=0x0000028d9da61b40 method=org.gradle.internal.component.model.AttributeConfigurationSelector.filterVariantsByRequestedCapabilities(Lorg/gradle/internal/component/model/Compo
Event: 117.918 Thread 0x0000028db06ef530 DEOPT PACKING pc=0x0000028d9da61b40 sp=0x0000009a564f8350
Event: 117.918 Thread 0x0000028db06ef530 DEOPT UNPACKING pc=0x0000028d9cd646a2 sp=0x0000009a564f8320 mode 2
Event: 117.921 Thread 0x0000028db06ef530 Uncommon trap: trap_request=0xffffffde fr.pc=0x0000028d9d93e828 relative=0x00000000000007a8
Event: 117.921 Thread 0x0000028db06ef530 Uncommon trap: reason=class_check action=maybe_recompile pc=0x0000028d9d93e828 method=kotlin.text.StringsKt__StringsKt.indexOf(Ljava/lang/CharSequence;Ljava/lang/String;IZ)I @ 18 c2
Event: 117.921 Thread 0x0000028db06ef530 DEOPT PACKING pc=0x0000028d9d93e828 sp=0x0000009a564f72a0
Event: 117.921 Thread 0x0000028db06ef530 DEOPT UNPACKING pc=0x0000028d9cd646a2 sp=0x0000009a564f7260 mode 2
Event: 118.074 Thread 0x0000028db06ef530 DEOPT PACKING pc=0x0000028d970dbeb1 sp=0x0000009a564f70f0
Event: 118.074 Thread 0x0000028db06ef530 DEOPT UNPACKING pc=0x0000028d9cd64e42 sp=0x0000009a564f6610 mode 0

Classes loaded (20 events):
Event: 116.513 Loading class com/sun/org/apache/xerces/internal/parsers/AbstractSAXParser$LocatorProxy
Event: 116.513 Loading class org/xml/sax/ext/Locator2
Event: 116.513 Loading class org/xml/sax/ext/Locator2 done
Event: 116.513 Loading class com/sun/org/apache/xerces/internal/parsers/AbstractSAXParser$LocatorProxy done
Event: 116.518 Loading class org/xml/sax/helpers/AttributesImpl
Event: 116.518 Loading class org/xml/sax/helpers/AttributesImpl done
Event: 116.520 Loading class java/util/regex/Pattern$Behind
Event: 116.522 Loading class java/util/regex/Pattern$Behind done
Event: 116.522 Loading class java/util/regex/Pattern$Neg
Event: 116.522 Loading class java/util/regex/Pattern$Neg done
Event: 116.560 Loading class javax/xml/datatype/DatatypeConfigurationException
Event: 116.560 Loading class javax/xml/datatype/DatatypeConfigurationException done
Event: 116.606 Loading class java/util/EnumMap$EntrySet
Event: 116.610 Loading class java/util/EnumMap$EntrySet done
Event: 116.610 Loading class java/util/EnumMap$EntryIterator
Event: 116.610 Loading class java/util/EnumMap$EnumMapIterator
Event: 116.610 Loading class java/util/EnumMap$EnumMapIterator done
Event: 116.610 Loading class java/util/EnumMap$EntryIterator done
Event: 116.610 Loading class java/util/EnumMap$EntryIterator$Entry
Event: 116.611 Loading class java/util/EnumMap$EntryIterator$Entry done

Classes unloaded (0 events):
No events

Classes redefined (0 events):
No events

Internal exceptions (20 events):
Event: 103.331 Thread 0x0000028db06ef530 Exception <a 'java/lang/ClassNotFoundException'{0x00000000ff7a12a0}: com/android/build/gradle/internal/api/AndroidArtifactVariantImplBeanInfo> (0x00000000ff7a12a0) 
thrown [s\src\hotspot\share\classfile\systemDictionary.cpp, line 312]
Event: 103.332 Thread 0x0000028db06ef530 Exception <a 'java/lang/ClassNotFoundException'{0x00000000ff7af870}: com/android/build/gradle/internal/api/BaseVariantImplBeanInfo> (0x00000000ff7af870) 
thrown [s\src\hotspot\share\classfile\systemDictionary.cpp, line 312]
Event: 103.333 Thread 0x0000028db06ef530 Exception <a 'java/lang/ClassNotFoundException'{0x00000000ff7be140}: com/android/build/gradle/internal/api/BaseVariantImplCustomizer> (0x00000000ff7be140) 
thrown [s\src\hotspot\share\classfile\systemDictionary.cpp, line 312]
Event: 103.336 Thread 0x0000028db06ef530 Exception <a 'java/lang/ClassNotFoundException'{0x0000000092d0dbb8}: com/android/build/gradle/internal/api/AndroidArtifactVariantImplCustomizer> (0x0000000092d0dbb8) 
thrown [s\src\hotspot\share\classfile\systemDictionary.cpp, line 312]
Event: 103.338 Thread 0x0000028db06ef530 Exception <a 'java/lang/ClassNotFoundException'{0x0000000092d2dc18}: com/android/build/gradle/internal/api/InstallableVariantImplCustomizer> (0x0000000092d2dc18) 
thrown [s\src\hotspot\share\classfile\systemDictionary.cpp, line 312]
Event: 103.340 Thread 0x0000028db06ef530 Exception <a 'java/lang/ClassNotFoundException'{0x0000000092d523b0}: com/android/build/gradle/internal/api/ApkVariantImplCustomizer> (0x0000000092d523b0) 
thrown [s\src\hotspot\share\classfile\systemDictionary.cpp, line 312]
Event: 103.342 Thread 0x0000028db06ef530 Exception <a 'java/lang/ClassNotFoundException'{0x0000000092d75090}: com/android/build/gradle/internal/api/ApplicationVariantImplCustomizer> (0x0000000092d75090) 
thrown [s\src\hotspot\share\classfile\systemDictionary.cpp, line 312]
Event: 103.343 Thread 0x0000028db06ef530 Exception <a 'java/lang/ClassNotFoundException'{0x0000000092d9b948}: com/android/build/gradle/internal/api/ApplicationVariantImpl_DecoratedCustomizer> (0x0000000092d9b948) 
thrown [s\src\hotspot\share\classfile\systemDictionary.cpp, line 312]
Event: 103.418 Thread 0x0000028db06ef530 Exception <a 'java/lang/ClassNotFoundException'{0x0000000092a52548}: com/android/build/gradle/internal/api/LibraryVariantImpl_DecoratedBeanInfo> (0x0000000092a52548) 
thrown [s\src\hotspot\share\classfile\systemDictionary.cpp, line 312]
Event: 103.419 Thread 0x0000028db06ef530 Exception <a 'java/lang/ClassNotFoundException'{0x0000000092a5f8d8}: com/android/build/gradle/internal/api/LibraryVariantImplBeanInfo> (0x0000000092a5f8d8) 
thrown [s\src\hotspot\share\classfile\systemDictionary.cpp, line 312]
Event: 103.420 Thread 0x0000028db06ef530 Exception <a 'java/lang/ClassNotFoundException'{0x0000000092a6cc68}: com/android/build/gradle/internal/api/LibraryVariantImplCustomizer> (0x0000000092a6cc68) 
thrown [s\src\hotspot\share\classfile\systemDictionary.cpp, line 312]
Event: 103.421 Thread 0x0000028db06ef530 Exception <a 'java/lang/ClassNotFoundException'{0x0000000092a8f5a0}: com/android/build/gradle/internal/api/LibraryVariantImpl_DecoratedCustomizer> (0x0000000092a8f5a0) 
thrown [s\src\hotspot\share\classfile\systemDictionary.cpp, line 312]
Event: 110.623 Thread 0x0000028db06ef530 Exception <a 'java/lang/NullPointerException'{0x00000000908e8db0}> (0x00000000908e8db0) 
thrown [s\src\hotspot\share\interpreter\linkResolver.cpp, line 1471]
Event: 116.605 Thread 0x0000028db06ef530 Exception <a 'sun/nio/fs/WindowsException'{0x000000008ee45998}> (0x000000008ee45998) 
thrown [s\src\hotspot\share\prims\jni.cpp, line 535]
Event: 116.605 Thread 0x0000028db06ef530 Exception <a 'sun/nio/fs/WindowsException'{0x000000008ee46f70}> (0x000000008ee46f70) 
thrown [s\src\hotspot\share\prims\jni.cpp, line 535]
Event: 116.606 Thread 0x0000028db06ef530 Exception <a 'sun/nio/fs/WindowsException'{0x000000008ee48598}> (0x000000008ee48598) 
thrown [s\src\hotspot\share\prims\jni.cpp, line 535]
Event: 116.606 Thread 0x0000028db06ef530 Exception <a 'sun/nio/fs/WindowsException'{0x000000008ee49bc0}> (0x000000008ee49bc0) 
thrown [s\src\hotspot\share\prims\jni.cpp, line 535]
Event: 117.723 Thread 0x0000028db06ef530 Exception <a 'java/lang/NoSuchMethodError'{0x000000008e79b9c0}: 'void java.lang.invoke.DirectMethodHandle$Holder.invokeInterface(java.lang.Object, java.lang.Object, java.lang.Object, int, java.lang.Object)'> (0x000000008e79b9c0) 
thrown [s\src\hotspot\share\interpreter\linkResolver.cpp, line 784]
Event: 117.724 Thread 0x0000028db06ef530 Exception <a 'java/lang/NoSuchMethodError'{0x000000008e7a0478}: 'void java.lang.invoke.DelegatingMethodHandle$Holder.reinvoke_L(java.lang.Object, java.lang.Object, java.lang.Object, int, java.lang.Object)'> (0x000000008e7a0478) 
thrown [s\src\hotspot\share\interpreter\linkResolver.cpp, line 784]
Event: 117.757 Thread 0x0000028daa3a6430 Implicit null exception at 0x0000028d9d3e0448 to 0x0000028d9d3e0b3c

ZGC Phase Switch (0 events):
No events

VM Operations (20 events):
Event: 103.310 Executing VM operation: G1CollectForAllocation (G1 Evacuation Pause) done
Event: 103.801 Executing VM operation: ICBufferFull
Event: 104.708 Executing VM operation: ICBufferFull done
Event: 104.900 Executing VM operation: HandshakeAllThreads (Deoptimize)
Event: 104.900 Executing VM operation: HandshakeAllThreads (Deoptimize) done
Event: 105.913 Executing VM operation: Cleanup
Event: 105.913 Executing VM operation: Cleanup done
Event: 106.919 Executing VM operation: Cleanup
Event: 106.919 Executing VM operation: Cleanup done
Event: 107.919 Executing VM operation: Cleanup
Event: 107.919 Executing VM operation: Cleanup done
Event: 110.926 Executing VM operation: Cleanup
Event: 110.927 Executing VM operation: Cleanup done
Event: 113.948 Executing VM operation: Cleanup
Event: 113.948 Executing VM operation: Cleanup done
Event: 116.983 Executing VM operation: Cleanup
Event: 116.983 Executing VM operation: Cleanup done
Event: 117.739 Executing VM operation: G1CollectForAllocation (G1 Evacuation Pause)
Event: 117.755 Executing VM operation: G1CollectForAllocation (G1 Evacuation Pause) done
Event: 118.761 Executing VM operation: Cleanup

Memory protections (0 events):
No events

Nmethod flushes (20 events):
Event: 102.067 Thread 0x0000028daa1cc350 flushing  nmethod 0x0000028d961ef790
Event: 102.067 Thread 0x0000028daa1cc350 flushing  nmethod 0x0000028d961efb90
Event: 102.067 Thread 0x0000028daa1cc350 flushing  nmethod 0x0000028d9686e310
Event: 102.067 Thread 0x0000028daa1cc350 flushing  nmethod 0x0000028d9d9ec790
Event: 102.067 Thread 0x0000028daa1cc350 flushing  nmethod 0x0000028d9da01990
Event: 102.067 Thread 0x0000028daa1cc350 flushing osr nmethod 0x0000028d9da03510
Event: 102.067 Thread 0x0000028daa1cc350 flushing  nmethod 0x0000028d95915390
Event: 102.067 Thread 0x0000028daa1cc350 flushing  nmethod 0x0000028d95952d10
Event: 102.067 Thread 0x0000028daa1cc350 flushing  nmethod 0x0000028d95b9e210
Event: 102.067 Thread 0x0000028daa1cc350 flushing  nmethod 0x0000028d95ba8190
Event: 102.067 Thread 0x0000028daa1cc350 flushing  nmethod 0x0000028d95d30910
Event: 102.067 Thread 0x0000028daa1cc350 flushing  nmethod 0x0000028d95e52f10
Event: 102.067 Thread 0x0000028daa1cc350 flushing  nmethod 0x0000028d95f41e10
Event: 102.067 Thread 0x0000028daa1cc350 flushing  nmethod 0x0000028d960e3110
Event: 102.067 Thread 0x0000028daa1cc350 flushing  nmethod 0x0000028d96348290
Event: 102.067 Thread 0x0000028daa1cc350 flushing  nmethod 0x0000028d963ea310
Event: 102.067 Thread 0x0000028daa1cc350 flushing  nmethod 0x0000028d964e9110
Event: 102.067 Thread 0x0000028daa1cc350 flushing  nmethod 0x0000028d96536290
Event: 102.067 Thread 0x0000028daa1cc350 flushing  nmethod 0x0000028d96853c90
Event: 102.067 Thread 0x0000028daa1cc350 flushing  nmethod 0x0000028d96cf5c90

Events (20 events):
Event: 101.208 Thread 0x0000028daa3b2540 Thread added: 0x0000028db15daa40
Event: 101.212 Thread 0x0000028db06ef530 Thread added: 0x0000028dba4d5240
Event: 101.212 Thread 0x0000028db06ef530 Thread added: 0x0000028dba4d58d0
Event: 101.213 Thread 0x0000028db06ef530 Thread added: 0x0000028dba4d2ae0
Event: 101.213 Thread 0x0000028db06ef530 Thread added: 0x0000028dba4d4520
Event: 101.213 Thread 0x0000028db06ef530 Thread added: 0x0000028dba4d65f0
Event: 101.214 Thread 0x0000028db06ef530 Thread added: 0x0000028dba4d3170
Event: 101.214 Thread 0x0000028db06ef530 Thread added: 0x0000028dba4d6c80
Event: 101.214 Thread 0x0000028db06ef530 Thread added: 0x0000028dba4d79a0
Event: 101.215 Thread 0x0000028db06ef530 Thread added: 0x0000028dba4da790
Event: 101.215 Thread 0x0000028db06ef530 Thread added: 0x0000028dba4d7310
Event: 101.216 Thread 0x0000028db06ef530 Thread added: 0x0000028dba4d93e0
Event: 103.700 Thread 0x0000028daa3b2540 Thread added: 0x0000028db15d8f00
Event: 105.447 Thread 0x0000028db15d8f00 Thread exited: 0x0000028db15d8f00
Event: 105.447 Thread 0x0000028db15daa40 Thread exited: 0x0000028db15daa40
Event: 110.252 Thread 0x0000028db1913dd0 Thread exited: 0x0000028db1913dd0
Event: 115.712 Thread 0x0000028db1918600 Thread exited: 0x0000028db1918600
Event: 116.111 Thread 0x0000028daa3b2540 Thread added: 0x0000028db15d8f00
Event: 116.811 Thread 0x0000028db15d8f00 Thread exited: 0x0000028db15d8f00
Event: 117.935 Thread 0x0000028daa3b2540 Thread added: 0x0000028db15d8f00


Dynamic libraries:
0x00007ff7edf40000 - 0x00007ff7edf4a000 	C:\Program Files\Android\Android Studio\jbr\bin\java.exe
0x00007ff81f260000 - 0x00007ff81f4c7000 	C:\WINDOWS\SYSTEM32\ntdll.dll
0x00007ff81ecb0000 - 0x00007ff81ed79000 	C:\WINDOWS\System32\KERNEL32.DLL
0x00007ff81c8a0000 - 0x00007ff81cc94000 	C:\WINDOWS\System32\KERNELBASE.dll
0x00007ff81cd60000 - 0x00007ff81ceab000 	C:\WINDOWS\System32\ucrtbase.dll
0x00007ffff2490000 - 0x00007ffff24a8000 	C:\Program Files\Android\Android Studio\jbr\bin\jli.dll
0x00007ffffb630000 - 0x00007ffffb64b000 	C:\Program Files\Android\Android Studio\jbr\bin\VCRUNTIME140.dll
0x00007ff81d770000 - 0x00007ff81d935000 	C:\WINDOWS\System32\USER32.dll
0x00007ff802720000 - 0x00007ff8029b3000 	C:\WINDOWS\WinSxS\amd64_microsoft.windows.common-controls_6595b64144ccf1df_6.0.26100.8115_none_3e075c82e3354f9c\COMCTL32.dll
0x00007ff81bd60000 - 0x00007ff81bd87000 	C:\WINDOWS\System32\win32u.dll
0x00007ff81daf0000 - 0x00007ff81db99000 	C:\WINDOWS\System32\msvcrt.dll
0x00007ff81da80000 - 0x00007ff81daab000 	C:\WINDOWS\System32\GDI32.dll
0x00007ff81c600000 - 0x00007ff81c72b000 	C:\WINDOWS\System32\gdi32full.dll
0x00007ff81ceb0000 - 0x00007ff81cf53000 	C:\WINDOWS\System32\msvcp_win.dll
0x00007ff81dab0000 - 0x00007ff81dae2000 	C:\WINDOWS\System32\IMM32.DLL
0x00007ff800590000 - 0x00007ff80059c000 	C:\Program Files\Android\Android Studio\jbr\bin\vcruntime140_1.dll
0x00007fffdced0000 - 0x00007fffdcf5d000 	C:\Program Files\Android\Android Studio\jbr\bin\msvcp140.dll
0x00007fff91bc0000 - 0x00007fff9284a000 	C:\Program Files\Android\Android Studio\jbr\bin\server\jvm.dll
0x00007ff81d990000 - 0x00007ff81da46000 	C:\WINDOWS\System32\ADVAPI32.dll
0x00007ff81f170000 - 0x00007ff81f217000 	C:\WINDOWS\System32\sechost.dll
0x00007ff81ed80000 - 0x00007ff81ee98000 	C:\WINDOWS\System32\RPCRT4.dll
0x00007ff81e830000 - 0x00007ff81e8b0000 	C:\WINDOWS\System32\WS2_32.dll
0x00007ff81b7e0000 - 0x00007ff81b83e000 	C:\WINDOWS\SYSTEM32\POWRPROF.dll
0x00007ff815f20000 - 0x00007ff815f56000 	C:\WINDOWS\SYSTEM32\WINMM.dll
0x00007ff815f60000 - 0x00007ff815f6b000 	C:\WINDOWS\SYSTEM32\VERSION.dll
0x00007ff81b7c0000 - 0x00007ff81b7d4000 	C:\WINDOWS\SYSTEM32\UMPDC.dll
0x00007ff81a8c0000 - 0x00007ff81a8db000 	C:\WINDOWS\SYSTEM32\kernel.appcore.dll
0x00007ffffd220000 - 0x00007ffffd22a000 	C:\Program Files\Android\Android Studio\jbr\bin\jimage.dll
0x00007ff80fe30000 - 0x00007ff810072000 	C:\WINDOWS\SYSTEM32\DBGHELP.DLL
0x00007ff81e410000 - 0x00007ff81e792000 	C:\WINDOWS\System32\combase.dll
0x00007ff81cff0000 - 0x00007ff81d0c8000 	C:\WINDOWS\System32\OLEAUT32.dll
0x00007ff802100000 - 0x00007ff80213b000 	C:\WINDOWS\SYSTEM32\dbgcore.DLL
0x00007ff81bcb0000 - 0x00007ff81bd55000 	C:\WINDOWS\System32\bcryptPrimitives.dll
0x00007ffffb760000 - 0x00007ffffb76e000 	C:\Program Files\Android\Android Studio\jbr\bin\instrument.dll
0x00007ffffafd0000 - 0x00007ffffaff0000 	C:\Program Files\Android\Android Studio\jbr\bin\java.dll
0x00007ffffad70000 - 0x00007ffffad88000 	C:\Program Files\Android\Android Studio\jbr\bin\zip.dll
0x00007ff81dba0000 - 0x00007ff81e307000 	C:\WINDOWS\System32\SHELL32.dll
0x00007ff81c730000 - 0x00007ff81c89a000 	C:\WINDOWS\System32\wintypes.dll
0x00007ff81bd90000 - 0x00007ff81c5f8000 	C:\WINDOWS\System32\windows.storage.dll
0x00007ff81eed0000 - 0x00007ff81efc8000 	C:\WINDOWS\System32\SHCORE.dll
0x00007ff81d700000 - 0x00007ff81d766000 	C:\WINDOWS\System32\shlwapi.dll
0x00007ff81ba50000 - 0x00007ff81ba79000 	C:\WINDOWS\SYSTEM32\profapi.dll
0x00007ffff2290000 - 0x00007ffff22a0000 	C:\Program Files\Android\Android Studio\jbr\bin\net.dll
0x00007ff812f20000 - 0x00007ff81304d000 	C:\WINDOWS\SYSTEM32\WINHTTP.dll
0x00007ff81ae30000 - 0x00007ff81ae9c000 	C:\WINDOWS\system32\mswsock.dll
0x00007ffff2050000 - 0x00007ffff2066000 	C:\Program Files\Android\Android Studio\jbr\bin\nio.dll
0x00007ff817280000 - 0x00007ff817290000 	C:\Program Files\Android\Android Studio\jbr\bin\verify.dll
0x00007ffffacf0000 - 0x00007ffffad17000 	C:\Users\Aman Singh\.gradle\native\68d5fa5c4cc2d200863cafc0d521ce42e7d3e7ee720ec0a83991735586a16f82\windows-amd64\native-platform.dll
0x00007fffa5250000 - 0x00007fffa5394000 	C:\Users\Aman Singh\.gradle\native\e376f236ea51e6404a007f0833ffe2c6e607c4080706a723a18a27aeea778392\windows-amd64\native-platform-file-events.dll
0x00007ff810cf0000 - 0x00007ff810cf9000 	C:\Program Files\Android\Android Studio\jbr\bin\management.dll
0x00007ff810cd0000 - 0x00007ff810cdb000 	C:\Program Files\Android\Android Studio\jbr\bin\management_ext.dll
0x00007ff81eb30000 - 0x00007ff81eb38000 	C:\WINDOWS\System32\PSAPI.DLL
0x00007ff81b110000 - 0x00007ff81b12b000 	C:\WINDOWS\SYSTEM32\CRYPTSP.dll
0x00007ff81a820000 - 0x00007ff81a859000 	C:\WINDOWS\system32\rsaenh.dll
0x00007ff81aee0000 - 0x00007ff81af13000 	C:\WINDOWS\SYSTEM32\USERENV.dll
0x00007ff81ba20000 - 0x00007ff81ba4a000 	C:\WINDOWS\SYSTEM32\bcrypt.dll
0x00007ff81b130000 - 0x00007ff81b13c000 	C:\WINDOWS\SYSTEM32\CRYPTBASE.dll
0x00007ff81a2a0000 - 0x00007ff81a2d2000 	C:\WINDOWS\SYSTEM32\IPHLPAPI.DLL
0x00007ff81eea0000 - 0x00007ff81eeaa000 	C:\WINDOWS\System32\NSI.dll
0x00007ff8171f0000 - 0x00007ff8171f9000 	C:\Program Files\Android\Android Studio\jbr\bin\extnet.dll
0x00007fff897b0000 - 0x00007fff897b8000 	C:\WINDOWS\system32\wshunix.dll
0x00007ffff7c60000 - 0x00007ffff7c78000 	C:\WINDOWS\system32\napinsp.dll
0x00007ff81a330000 - 0x00007ff81a462000 	C:\WINDOWS\SYSTEM32\DNSAPI.dll
0x00007ffff7c40000 - 0x00007ffff7c53000 	C:\WINDOWS\System32\winrnr.dll
0x00007ffff7c10000 - 0x00007ffff7c32000 	C:\WINDOWS\system32\nlansp_c.dll
0x00007ffff7bf0000 - 0x00007ffff7c06000 	C:\WINDOWS\system32\wshbth.dll
0x00007ff812cb0000 - 0x00007ff812cbb000 	C:\Windows\System32\rasadhlp.dll
0x00007ff816960000 - 0x00007ff8169e6000 	C:\WINDOWS\System32\fwpuclnt.dll
0x00007ff8193a0000 - 0x00007ff81943f000 	C:\WINDOWS\system32\apphelp.dll
0x00007ff81a9e0000 - 0x00007ff81aa16000 	C:\WINDOWS\SYSTEM32\ntmarta.dll

dbghelp: loaded successfully - version: 4.0.5 - missing functions: none
symbol engine: initialized successfully - sym options: 0x614 - pdb path: .;C:\Program Files\Android\Android Studio\jbr\bin;C:\WINDOWS\SYSTEM32;C:\WINDOWS\WinSxS\amd64_microsoft.windows.common-controls_6595b64144ccf1df_6.0.26100.8115_none_3e075c82e3354f9c;C:\Program Files\Android\Android Studio\jbr\bin\server;C:\Users\Aman Singh\.gradle\native\68d5fa5c4cc2d200863cafc0d521ce42e7d3e7ee720ec0a83991735586a16f82\windows-amd64;C:\Users\Aman Singh\.gradle\native\e376f236ea51e6404a007f0833ffe2c6e607c4080706a723a18a27aeea778392\windows-amd64

VM Arguments:
jvm_args: -XX:MaxMetaspaceSize=512m --add-opens=java.base/java.util=ALL-UNNAMED --add-opens=java.base/java.lang=ALL-UNNAMED --add-opens=java.base/java.lang.invoke=ALL-UNNAMED --add-opens=java.prefs/java.util.prefs=ALL-UNNAMED --add-opens=java.base/java.nio.charset=ALL-UNNAMED --add-opens=java.base/java.net=ALL-UNNAMED --add-opens=java.base/java.util.concurrent.atomic=ALL-UNNAMED -Xmx2048m -Dfile.encoding=windows-1252 -Duser.country=IN -Duser.language=en -Duser.variant -javaagent:C:\Users\Aman Singh\.gradle\wrapper\dists\gradle-8.3-all\6en3ugtfdg5xnpx44z4qbwgas\gradle-8.3\lib\agents\gradle-instrumentation-agent-8.3.jar 
java_command: org.gradle.launcher.daemon.bootstrap.GradleDaemon 8.3
java_class_path (initial): C:\Users\Aman Singh\.gradle\wrapper\dists\gradle-8.3-all\6en3ugtfdg5xnpx44z4qbwgas\gradle-8.3\lib\gradle-launcher-8.3.jar
Launcher Type: SUN_STANDARD

[Global flags]
     intx CICompilerCount                          = 4                                         {product} {ergonomic}
   size_t CompressedClassSpaceSize                 = 436207616                                 {product} {ergonomic}
     uint ConcGCThreads                            = 3                                         {product} {ergonomic}
     uint G1ConcRefinementThreads                  = 10                                        {product} {ergonomic}
   size_t G1HeapRegionSize                         = 1048576                                   {product} {ergonomic}
    uintx GCDrainStackTargetSize                   = 64                                        {product} {ergonomic}
   size_t InitialHeapSize                          = 123731968                                 {product} {ergonomic}
   size_t MarkStackSize                            = 4194304                                   {product} {ergonomic}
   size_t MaxHeapSize                              = 2147483648                                {product} {command line}
   size_t MaxMetaspaceSize                         = 536870912                                 {product} {command line}
   size_t MaxNewSize                               = 1287651328                                {product} {ergonomic}
   size_t MinHeapDeltaBytes                        = 1048576                                   {product} {ergonomic}
   size_t MinHeapSize                              = 8388608                                   {product} {ergonomic}
    uintx NonNMethodCodeHeapSize                   = 5839372                                {pd product} {ergonomic}
    uintx NonProfiledCodeHeapSize                  = 122909434                              {pd product} {ergonomic}
    uintx ProfiledCodeHeapSize                     = 122909434                              {pd product} {ergonomic}
    uintx ReservedCodeCacheSize                    = 251658240                              {pd product} {ergonomic}
     bool SegmentedCodeCache                       = true                                      {product} {ergonomic}
   size_t SoftMaxHeapSize                          = 2147483648                             {manageable} {ergonomic}
     bool UseCompressedOops                        = true                           {product lp64_product} {ergonomic}
     bool UseG1GC                                  = true                                      {product} {ergonomic}
     bool UseLargePagesIndividualAllocation        = false                                  {pd product} {ergonomic}

Logging:
Log output configuration:
 #0: stdout all=warning uptime,level,tags foldmultilines=false
 #1: stderr all=off uptime,level,tags foldmultilines=false

Environment Variables:
CLASSPATH=C:\Users\Aman Singh\Desktop\Alemono\AlemanoMarkerScanner\android\\gradle\wrapper\gradle-wrapper.jar
PATH=C:\Users\Aman Singh\Desktop\Alemono\AlemanoMarkerScanner\node_modules\.bin;C:\Users\Aman Singh\Desktop\Alemono\node_modules\.bin;C:\Users\Aman Singh\Desktop\node_modules\.bin;C:\Users\Aman Singh\node_modules\.bin;C:\Users\node_modules\.bin;C:\node_modules\.bin;C:\Program Files\nodejs\node_modules\npm\node_modules\@npmcli\run-script\lib\node-gyp-bin;C:\Users\Aman Singh\anaconda3\condabin;C:\Python313\Scripts\;C:\Python313\;C:\Program Files (x86)\Common Files\Oracle\Java\javapath;C:\Program Files\Common Files\Oracle\Java\javapath;C:\windows\system32;C:\windows;C:\windows\System32\Wbem;C:\windows\System32\WindowsPowerShell\v1.0\;C:\windows\System32\OpenSSH\;C:\Program Files\dotnet\;C:\MinGW\bin;C:\Program Files\Git\cmd;C:\Program Files\Git\mingw64\bin;C:\Program Files\Git\usr\bin;C:\Program Files\nodejs;C:\WINDOWS\system32;C:\WINDOWS;C:\WINDOWS\System32\Wbem;C:\WINDOWS\System32\WindowsPowerShell\v1.0\;C:\WINDOWS\System32\OpenSSH\;C:\Program Files\Tesseract-OCR\;C:\nvm;C:\nodejs;C:\ProgramData\chocolatey\bin;c:\Users\anamoon\AppData\Local\Programs\cursor\resources\app\bin;C:\Program Files\nodejs\;C:\flutter\bin;C:\Program Files\Docker\Docker\resources\bin;C:\Users\Aman Singh\.local\bin\claude.exe;C:\Program Files\cursor\resources\app\bin;c:\Users\Aman Singh\AppData\Local\Programs\Trae\bin;C:\Users\Aman Singh\AppData\Local\Programs\Python\Python310\Scripts\;C:\Users\Aman Singh\AppData\Local\Programs\Python\Python310\;C:\Users\Aman Singh\AppData\Local\Programs\Python\Python313\Scripts\;C:\Users\Aman Singh\AppData\Local\Programs\Python\Python313\;C:\Users\Aman Singh\AppData\Local\Programs\Python\Launcher\;C:\Users\Aman Singh\AppData\Local\Microsoft\WindowsApps;C:\Users\Aman Singh\AppData\Local\spicetify;C:\Users\Aman Singh\AppData\Local\Programs\Microsoft VS Code\bin;C:\Users\Aman Singh\AppData\Local\Microsoft\WindowsApps;C:\Users\Aman Singh\AppData\Local\GitHubDesktop\bin;C:\Users\Aman Singh\AppData\Local\Programs\cursor\resources\app\bin;C:\nvm;C:\nodejs;C:\Users\Aman Singh\AppData\Roaming\npm;C:\Users\Aman Singh\mujeat\muj_eats_6018\flutter\bin;C:\Users\Aman Singh\AppData\Local\Programs\Windsurf\bin;C:\Users\Aman Singh\AppData\Local\Programs\Kiro\bin;C:\Users\Aman Singh\AppData\Local\Programs\Antigravity\bin;C:\Users\Aman Singh\AppData\Local\PowerToys\DSCModules\;C:\Users\Aman Singh\.local\bin
USERNAME=Aman Singh
OS=Windows_NT
PROCESSOR_IDENTIFIER=AMD64 Family 25 Model 80 Stepping 0, AuthenticAMD
TMP=C:\Users\Aman Singh\AppData\Local\Temp
TEMP=C:\Users\Aman Singh\AppData\Local\Temp




Periodic native trim disabled

JNI global refs:
JNI global refs: 29, weak refs: 3

JNI global refs memory usage: 835, weak refs: 833

Process memory usage:
Resident Set Size: 551028K (7% of 7700712K total physical memory with 568696K free physical memory)

OOME stack traces (most recent first):
Classloader memory used:
Loader org.gradle.internal.classloader.VisitableURLClassLoader                         : 43784K
Loader org.gradle.internal.classloader.VisitableURLClassLoader$InstrumentingVisitableURLClassLoader: 33161K
Loader bootstrap                                                                       : 29920K
Loader org.gradle.initialization.MixInLegacyTypesClassLoader                           : 13059K
Loader org.gradle.groovy.scripts.internal.DefaultScriptCompilationHandler$ScriptClassLoader: 1930K
Loader jdk.internal.loader.ClassLoaders$PlatformClassLoader                            : 518K
Loader org.codehaus.groovy.runtime.callsite.CallSiteClassLoader                        : 243K
Loader jdk.internal.loader.ClassLoaders$AppClassLoader                                 : 227K
Loader jdk.internal.reflect.DelegatingClassLoader                                      : 111K
Loader org.gradle.internal.classloader.VisitableURLClassLoader                         : 76792B
Loader sun.reflect.misc.MethodUtil                                                     : 2952B

Classes loaded by more than one classloader:
Class Program                                                                         : loaded 4 times (x 68B)
Class org.jetbrains.kotlin.config.MavenComparableVersion$ListItem                     : loaded 3 times (x 214B)
Class org.jetbrains.kotlin.config.ApiVersion$Companion                                : loaded 3 times (x 67B)
Class [Lorg.jetbrains.kotlin.config.LanguageVersion;                                  : loaded 3 times (x 65B)
Class org.jetbrains.kotlin.utils.DescriptionAware                                     : loaded 3 times (x 66B)
Class org.jetbrains.kotlin.config.LanguageVersion                                     : loaded 3 times (x 86B)
Class [Lorg.jetbrains.kotlin.utils.DescriptionAware;                                  : loaded 3 times (x 65B)
Class org.jetbrains.kotlin.config.MavenComparableVersion$Item                         : loaded 3 times (x 66B)
Class org.jetbrains.kotlin.config.ApiVersion                                          : loaded 3 times (x 82B)
Class org.jetbrains.kotlin.config.MavenComparableVersion                              : loaded 3 times (x 74B)
Class org.jetbrains.kotlin.config.MavenComparableVersion$IntegerItem                  : loaded 3 times (x 76B)
Class org.jetbrains.kotlin.config.LanguageOrApiVersion                                : loaded 3 times (x 66B)
Class org.jetbrains.kotlin.config.LanguageVersion$Companion                           : loaded 3 times (x 67B)
Class [Lorg.jetbrains.kotlin.config.LanguageOrApiVersion;                             : loaded 3 times (x 65B)
Class [Lcom.google.common.base.AbstractIterator$State;                                : loaded 2 times (x 65B)
Class com.google.common.base.CharMatcher$IsEither                                     : loaded 2 times (x 107B)
Class org.gradle.internal.classloader.ClassLoaderHierarchy                            : loaded 2 times (x 66B)
Class org.jetbrains.kotlin.gradle.plugin.mpp.internal.KotlinCompilationsModuleGroups  : loaded 2 times (x 68B)
Class org.jetbrains.kotlin.gradle.utils.MutableObservableSet                          : loaded 2 times (x 66B)
Class org.jetbrains.kotlin.gradle.report.BuildReportType                              : loaded 2 times (x 75B)
Class com.google.common.collect.ImmutableEnumSet                                      : loaded 2 times (x 142B)
Class com.google.common.util.concurrent.ExecutionError                                : loaded 2 times (x 78B)
Class com.google.common.collect.ImmutableList$1                                       : loaded 2 times (x 93B)
Class org.gradle.api.internal.classpath.ManifestUtil                                  : loaded 2 times (x 67B)
Class org.jetbrains.kotlin.gradle.tasks.KotlinCompile$androidLayoutResources$1        : loaded 2 times (x 74B)
Class org.jetbrains.kotlin.gradle.plugin.mpp.KotlinMetadataCompilation                : loaded 2 times (x 66B)
Class org.jetbrains.kotlin.gradle.tasks.configuration.AbstractKotlinCompileConfig$1   : loaded 2 times (x 75B)
Class org.jetbrains.kotlin.gradle.plugin.sources.KotlinDependencyScope                : loaded 2 times (x 75B)
Class org.jetbrains.kotlin.gradle.plugin.mpp.KotlinUsages$KotlinMetadataDisambiguation: loaded 2 times (x 72B)
Class org.jetbrains.kotlin.gradle.plugin.internal.DefaultMppTestReportHelperVariantFactory: loaded 2 times (x 70B)
Class com.google.common.collect.RegularImmutableMap                                   : loaded 2 times (x 117B)
Class com.google.common.collect.ImmutableMap$MapViewOfValuesAsSingletonSets           : loaded 2 times (x 121B)
Class org.jetbrains.kotlin.gradle.internal.StdlibDependencyManagementKt$addStdlibDependency$1$1$1$1: loaded 2 times (x 75B)
Class org.jetbrains.kotlin.gradle.tasks.AbstractKotlinCompile$compilerRunner$1        : loaded 2 times (x 75B)
Class org.jetbrains.kotlin.gradle.tasks.CacheableTasksKt$cacheOnlyIfEnabledForKotlin$1: loaded 2 times (x 75B)
Class org.jetbrains.kotlin.build.report.metrics.BuildPerformanceMetric$Companion      : loaded 2 times (x 67B)
Class org.jetbrains.kotlin.gradle.plugin.mpp.pm20.GradleKpmVariantCompilationDataInternalKt: loaded 2 times (x 67B)
Class org.jetbrains.kotlin.gradle.tasks.configuration.AbstractKotlinCompileConfig$2   : loaded 2 times (x 75B)
Class org.jetbrains.kotlin.gradle.targets.js.dsl.KotlinJsTargetDsl                    : loaded 2 times (x 66B)
Class org.jetbrains.kotlin.gradle.plugin.KotlinTargetComponent                        : loaded 2 times (x 66B)
Class org.jetbrains.kotlin.gradle.plugin.VariantImplementationFactories$Companion$getProvider$1: loaded 2 times (x 74B)
Class org.jetbrains.kotlin.statistics.metrics.StringOverridePolicy$OVERRIDE_VERSION_IF_NOT_SET: loaded 2 times (x 81B)
Class org.jetbrains.kotlin.gradle.dsl.KotlinProjectExtension                          : loaded 2 times (x 87B)
Class [Lorg.objectweb.asm.Symbol;                                                     : loaded 2 times (x 65B)
Class org.objectweb.asm.ClassVisitor                                                  : loaded 2 times (x 83B)
Class com.google.common.collect.UnmodifiableListIterator                              : loaded 2 times (x 91B)
Class org.jetbrains.kotlin.gradle.tasks.DefaultKotlinJavaToolchain                    : loaded 2 times (x 73B)
Class org.jetbrains.kotlin.gradle.plugin.mpp.KotlinCompilationsKt$sam$org_gradle_api_Action$0: loaded 2 times (x 71B)
Class org.jetbrains.kotlin.gradle.tasks.configuration.AbstractKotlinCompileConfig$1$1$1: loaded 2 times (x 75B)
Class org.jetbrains.kotlin.gradle.tasks.configuration.AbstractKotlinCompileConfig$3   : loaded 2 times (x 71B)
Class org.jetbrains.kotlin.gradle.plugin.KotlinGradleBuildServices                    : loaded 2 times (x 76B)
Class [Lorg.jetbrains.kotlin.statistics.ValueAnonymizer;                              : loaded 2 times (x 65B)
Class org.objectweb.asm.MethodTooLargeException                                       : loaded 2 times (x 79B)
Class com.google.common.base.Platform$JdkPatternCompiler                              : loaded 2 times (x 71B)
Class [Lcom.google.common.cache.CacheBuilder$OneWeigher;                              : loaded 2 times (x 65B)
Class com.google.common.base.Suppliers                                                : loaded 2 times (x 67B)
Class build_2tw1cy0djq3ittqczs3tnhox0                                                 : loaded 2 times (x 176B)
Class org.gradle.internal.classloader.DefaultClassLoaderFactory                       : loaded 2 times (x 78B)
Class org.jetbrains.kotlin.compilerRunner.CompilerSystemPropertiesService$Parameters_Decorated: loaded 2 times (x 130B)
Class org.jetbrains.kotlin.gradle.tasks.configuration.BaseKotlinCompileConfig$javaTaskProvider$1: loaded 2 times (x 71B)
Class org.jetbrains.kotlin.gradle.tasks.configuration.AbstractKotlinCompileConfig$4   : loaded 2 times (x 75B)
Class org.jetbrains.kotlin.gradle.plugin.KotlinTargetWithTests                        : loaded 2 times (x 66B)
Class org.jetbrains.kotlin.gradle.targets.js.npm.NpmDependencyExtensionKt             : loaded 2 times (x 67B)
Class org.jetbrains.kotlin.gradle.internal.KotlinTestDependencyManagementKt$sam$org_gradle_api_Action$0: loaded 2 times (x 71B)
Class org.jetbrains.kotlin.gradle.report.BuildMetricsService                          : loaded 2 times (x 78B)
Class org.jetbrains.kotlin.statistics.metrics.StringAnonymizationPolicy               : loaded 2 times (x 81B)
Class com.google.common.base.CharMatcher$None                                         : loaded 2 times (x 108B)
Class org.gradle.internal.classloader.ClassLoaderVisitor                              : loaded 2 times (x 72B)
Class org.jetbrains.kotlin.gradle.incremental.IncrementalModuleInfoBuildService$Parameters: loaded 2 times (x 68B)
Class org.jetbrains.kotlin.build.report.metrics.BuildPerformanceMetrics               : loaded 2 times (x 68B)
Class org.jetbrains.kotlin.gradle.tasks.configuration.KotlinCompileConfigKt$sam$org_gradle_api_Transformer$0: loaded 2 times (x 71B)
Class org.jetbrains.kotlin.gradle.tasks.configuration.BaseKotlinCompileConfig$javaTaskProvider$2: loaded 2 times (x 74B)
Class org.jetbrains.kotlin.gradle.plugin.mpp.AbstractKotlinCompilation$attributeContainer$2: loaded 2 times (x 75B)
Class [Lorg.jetbrains.kotlin.gradle.plugin.KotlinCompilation;                         : loaded 2 times (x 65B)
Class org.jetbrains.kotlin.gradle.dsl.KotlinTargetContainerWithJsPresetFunctions      : loaded 2 times (x 66B)
Class org.jetbrains.kotlin.gradle.plugin.mpp.KotlinTargetComponentWithPublication     : loaded 2 times (x 66B)
Class org.jetbrains.kotlin.gradle.plugin.KotlinPluginKt$sam$org_gradle_api_Action$0   : loaded 2 times (x 71B)
Class org.jetbrains.kotlin.gradle.report.ReportingSettings$Companion                  : loaded 2 times (x 67B)
Class org.jetbrains.kotlin.gradle.report.ConfigureReporingKt                          : loaded 2 times (x 67B)
Class org.jetbrains.kotlin.gradle.plugin.statistics.KotlinBuildStatsService$Companion : loaded 2 times (x 67B)
Class [Lcom.google.common.collect.ImmutableMapEntry;                                  : loaded 2 times (x 65B)
Class org.gradle.api.internal.classpath.EffectiveClassPath                            : loaded 2 times (x 86B)
Class org.jetbrains.kotlin.gradle.tasks.TasksProviderKt                               : loaded 2 times (x 67B)
Class org.jetbrains.kotlin.gradle.plugin.KotlinPlatformType$Companion                 : loaded 2 times (x 67B)
Class org.jetbrains.kotlin.gradle.plugin.sources.DefaultKotlinSourceSetFactory        : loaded 2 times (x 76B)
Class org.jetbrains.kotlin.gradle.utils.CompatibilityKt                               : loaded 2 times (x 67B)
Class com.google.common.collect.ImmutableEnumMap                                      : loaded 2 times (x 121B)
Class com.google.common.collect.ListMultimap                                          : loaded 2 times (x 66B)
Class org.jetbrains.kotlin.statistics.metrics.BooleanAnonymizationPolicy              : loaded 2 times (x 81B)
Class org.jetbrains.kotlin.statistics.metrics.BooleanOverridePolicy$OVERRIDE          : loaded 2 times (x 81B)
Class org.jetbrains.kotlin.incremental.ClasspathChanges                               : loaded 2 times (x 67B)
Class org.jetbrains.kotlin.gradle.utils.ProviderApiUtilsKt$sam$java_util_concurrent_Callable$0: loaded 2 times (x 71B)
Class org.jetbrains.kotlin.gradle.plugin.internal.MavenPluginConfigurator$MavenPluginConfiguratorVariantFactory: loaded 2 times (x 66B)
Class com.google.common.collect.Sets$1                                                : loaded 2 times (x 135B)
Class org.objectweb.asm.AnnotationVisitor                                             : loaded 2 times (x 73B)
Class com.google.common.base.Splitter                                                 : loaded 2 times (x 68B)
Class org.gradle.api.internal.DefaultClassPathProvider                                : loaded 2 times (x 72B)
Class org.jetbrains.kotlin.gradle.plugin.internal.DefaultConfigurationTimePropertiesAccessor: loaded 2 times (x 70B)
Class org.jetbrains.kotlin.statistics.metrics.NumericalMetrics                        : loaded 2 times (x 76B)
Class org.jetbrains.kotlin.gradle.plugin.statistics.KotlinBuildStatsService$Companion$getOrCreateInstance$1: loaded 2 times (x 75B)
Class com.google.common.collect.Sets$2                                                : loaded 2 times (x 135B)
Class [Lorg.gradle.api.internal.ClassPathProvider;                                    : loaded 2 times (x 65B)
Class org.gradle.api.internal.ClassPathProvider                                       : loaded 2 times (x 66B)
Class org.jetbrains.kotlin.gradle.tasks.CacheableTasksKt                              : loaded 2 times (x 67B)
Class org.jetbrains.kotlin.gradle.plugin.mpp.DefaultCompilationDetails$addSourcesToCompileTask$1: loaded 2 times (x 75B)
Class org.jetbrains.kotlin.cli.common.CompilerSystemProperties                        : loaded 2 times (x 76B)
Class org.jetbrains.kotlin.gradle.targets.js.npm.PeerNpmDependencyExtension           : loaded 2 times (x 66B)
Class org.jetbrains.kotlin.gradle.plugin.mpp.KotlinMultiplatformPluginKt              : loaded 2 times (x 67B)
Class org.jetbrains.kotlin.gradle.plugin.KotlinPlatformType$DisambiguationRule        : loaded 2 times (x 72B)
Class [Lorg.objectweb.asm.AnnotationVisitor;                                          : loaded 2 times (x 65B)
Class com.google.common.collect.Sets$3                                                : loaded 2 times (x 135B)
Class com.google.common.util.concurrent.AbstractFuture$SafeAtomicHelper               : loaded 2 times (x 75B)
Class com.google.common.cache.LocalCache$LocalLoadingCache                            : loaded 2 times (x 130B)
Class com.google.common.base.AbstractIterator$State                                   : loaded 2 times (x 75B)
Class org.gradle.internal.service.UnknownServiceException                             : loaded 2 times (x 79B)
Class org.jetbrains.kotlin.gradle.tasks.KotlinCompile$ScriptFilterSpec                : loaded 2 times (x 71B)
Class org.jetbrains.kotlin.gradle.plugin.KotlinPluginWrapper                          : loaded 2 times (x 83B)
Class org.jetbrains.kotlin.gradle.targets.js.npm.DefaultPeerNpmDependencyExtension    : loaded 2 times (x 134B)
Class org.jetbrains.kotlin.gradle.plugin.mpp.AbstractKotlinTarget                     : loaded 2 times (x 120B)
Class org.jetbrains.kotlin.gradle.dsl.KotlinSingleTargetExtension                     : loaded 2 times (x 88B)
Class com.google.common.collect.Sets$4                                                : loaded 2 times (x 135B)
Class org.objectweb.asm.ModuleVisitor                                                 : loaded 2 times (x 76B)
Class com.google.common.cache.LocalCache$Strength$1                                   : loaded 2 times (x 77B)
Class org.jetbrains.kotlin.gradle.plugin.mpp.KotlinCompilationsKt$addSourcesToKotlinCompileTask$configureAction$2: loaded 2 times (x 71B)
Class org.jetbrains.kotlin.gradle.plugin.mpp.AbstractCompilationDetails               : loaded 2 times (x 91B)
Class org.jetbrains.kotlin.gradle.targets.js.npm.NpmDependencyExtension               : loaded 2 times (x 66B)
Class org.jetbrains.kotlin.gradle.plugin.LanguageSettingsBuilder                      : loaded 2 times (x 66B)
Class [Lorg.jetbrains.kotlin.statistics.metrics.StringMetrics;                        : loaded 2 times (x 65B)
Class org.jetbrains.kotlin.statistics.metrics.StringAnonymizationPolicy$ANONYMIZE_IN_IDE: loaded 2 times (x 81B)
Class org.jetbrains.kotlin.statistics.metrics.IStatisticsValuesConsumer               : loaded 2 times (x 66B)
Class com.google.common.util.concurrent.SettableFuture                                : loaded 2 times (x 110B)
Class com.google.common.cache.LocalCache$Strength$2                                   : loaded 2 times (x 77B)
Class org.jetbrains.kotlin.gradle.tasks.KotlinJavaToolchain$JdkSetter                 : loaded 2 times (x 66B)
Class org.jetbrains.kotlin.gradle.tasks.CacheableTasksKt$sam$org_gradle_api_specs_Spec$0: loaded 2 times (x 71B)
Class org.jetbrains.kotlin.gradle.plugin.mpp.KotlinMultiplatformPluginKt$sourcesJarTask$1: loaded 2 times (x 75B)
Class org.jetbrains.kotlin.gradle.plugin.mpp.DefaultCompilationDetails$output$1       : loaded 2 times (x 71B)
Class org.jetbrains.kotlin.gradle.internal.StdlibDependencyManagementKt$configureStdlibVersionAlignment$1: loaded 2 times (x 75B)
Class org.jetbrains.kotlin.gradle.plugin.mpp.KotlinUsages$KotlinCinteropDisambiguation: loaded 2 times (x 72B)
Class org.jetbrains.kotlin.gradle.report.BuildReportType$Companion                    : loaded 2 times (x 67B)
Class org.jetbrains.kotlin.gradle.plugin.KotlinPluginInMultipleProjectsHolder         : loaded 2 times (x 68B)
Class [Lorg.jetbrains.kotlin.statistics.metrics.StringAnonymizationPolicy;            : loaded 2 times (x 65B)
Class org.jetbrains.kotlin.gradle.utils.ConfigurationCacheKt                          : loaded 2 times (x 67B)
Class com.google.common.cache.LocalCache$Strength$3                                   : loaded 2 times (x 77B)
Class com.google.common.collect.MapDifference                                         : loaded 2 times (x 66B)
Class com.google.common.base.Splitter$1                                               : loaded 2 times (x 73B)
Class org.jetbrains.kotlin.gradle.tasks.configuration.BaseKotlinCompileConfig$2$1$1   : loaded 2 times (x 74B)
Class [Lorg.jetbrains.kotlin.gradle.plugin.PropertiesProvider$JvmTargetValidationMode;: loaded 2 times (x 65B)
Class org.jetbrains.kotlin.compilerRunner.CompilerSystemPropertiesService$sam$org_gradle_api_Action$0: loaded 2 times (x 71B)
Class org.jetbrains.kotlin.gradle.plugin.KotlinMultiplatformPluginKt$sam$org_gradle_api_Action$0: loaded 2 times (x 71B)
Class org.jetbrains.kotlin.gradle.plugin.sources.DefaultKotlinSourceSetFactory$setUpSourceSetDefaults$1$1$1: loaded 2 times (x 75B)
Class org.jetbrains.kotlin.gradle.plugin.sources.FragmentConsistencyChecks$optInAnnotationsCheck$1: loaded 2 times (x 75B)
Class org.jetbrains.kotlin.gradle.plugin.mpp.AbstractKotlinCompilationToRunnableFiles : loaded 2 times (x 177B)
Class org.jetbrains.kotlin.gradle.plugin.mpp.KotlinUsages$KotlinMetadataCompatibility : loaded 2 times (x 72B)
Class org.objectweb.asm.FieldWriter                                                   : loaded 2 times (x 73B)
Class com.google.common.cache.CacheBuilder$NullListener                               : loaded 2 times (x 78B)
Class org.gradle.internal.classpath.TransformedClassPath                              : loaded 2 times (x 92B)
Class org.jetbrains.kotlin.gradle.tasks.configuration.BaseKotlinCompileConfig$2$1$2   : loaded 2 times (x 74B)
Class org.jetbrains.kotlin.gradle.tasks.GradleCompileTaskProvider$buildModulesInfo$1$1$1: loaded 2 times (x 75B)
Class org.jetbrains.kotlin.gradle.internal.StdlibDependencyManagementKt$configureStdlibVersionAlignment$1$1$1: loaded 2 times (x 75B)
Class org.jetbrains.kotlin.gradle.plugin.mpp.pm20.util.GradleKpmDependencyFilesHolder : loaded 2 times (x 66B)
Class org.jetbrains.kotlin.gradle.plugin.sources.FragmentConsistencyChecks$optInAnnotationsCheck$2: loaded 2 times (x 74B)
Class com.google.common.cache.CacheLoader$FunctionToCacheLoader                       : loaded 2 times (x 71B)
Class com.google.common.collect.Iterators$ArrayItr                                    : loaded 2 times (x 93B)
Class com.google.common.collect.ImmutableCollection$Builder                           : loaded 2 times (x 72B)
Class org.jetbrains.kotlin.gradle.tasks.AbstractKotlinCompileTool$sources$1           : loaded 2 times (x 75B)
Class org.jetbrains.kotlin.build.SourcesUtilsKt                                       : loaded 2 times (x 67B)
Class org.jetbrains.kotlin.gradle.plugin.mpp.KotlinCompilationsKt$sam$org_gradle_api_specs_Spec$0: loaded 2 times (x 71B)
Class org.jetbrains.kotlin.gradle.tasks.configuration.TaskConfigAction                : loaded 2 times (x 68B)
Class org.jetbrains.kotlin.gradle.plugin.sources.KotlinSourceSetFactory               : loaded 2 times (x 76B)
Class com.google.common.base.Joiner                                                   : loaded 2 times (x 75B)
Class com.google.common.base.MoreObjects                                              : loaded 2 times (x 67B)
Class build_85lhkj7kd2wguj3loombnqtf9                                                 : loaded 2 times (x 178B)
Class build_8lsn40hhayisawjz10dd8epj                                                  : loaded 2 times (x 179B)
Class org.jetbrains.kotlin.gradle.tasks.configuration.AbstractKotlinCompileConfig$sam$org_gradle_api_Transformer$0: loaded 2 times (x 71B)
Class [Lorg.jetbrains.kotlin.build.report.metrics.BuildAttribute;                     : loaded 2 times (x 65B)
Class org.jetbrains.kotlin.gradle.tasks.configuration.AbstractKotlinCompileConfig     : loaded 2 times (x 68B)
Class org.jetbrains.kotlin.gradle.plugin.KotlinTargetConfigurator                     : loaded 2 times (x 66B)
Class org.jetbrains.kotlin.gradle.targets.js.npm.NpmDependencyExtensionKt$defaultNpmDependencyDelegate$1: loaded 2 times (x 160B)
Class org.jetbrains.kotlin.gradle.utils.IsolatedKotlinClasspathClassCastException     : loaded 2 times (x 78B)
Class [Lorg.objectweb.asm.Type;                                                       : loaded 2 times (x 65B)
Class com.google.common.collect.Platform                                              : loaded 2 times (x 67B)
Class com.google.common.collect.UnmodifiableIterator                                  : loaded 2 times (x 76B)
Class org.gradle.internal.service.ServiceLocator                                      : loaded 2 times (x 66B)
Class org.jetbrains.kotlin.gradle.tasks.DefaultKotlinJavaToolchain$DefaultJavaToolchainSetter$useAsConvention$1: loaded 2 times (x 121B)
Class org.jetbrains.kotlin.gradle.incremental.IncrementalModuleInfoBuildService$Parameters_Decorated: loaded 2 times (x 127B)
Class org.jetbrains.kotlin.gradle.plugin.mpp.DefaultCompilationDetails$kotlinOptions$2: loaded 2 times (x 75B)
Class org.jetbrains.kotlin.gradle.plugin.internal.IdeaSyncDetector$IdeaSyncDetectorVariantFactory: loaded 2 times (x 66B)
Class org.jetbrains.kotlin.statistics.metrics.StringAnonymizationPolicy$SAFE          : loaded 2 times (x 81B)
Class com.google.common.base.Ascii                                                    : loaded 2 times (x 67B)
Class com.google.common.cache.LocalCache$1                                            : loaded 2 times (x 85B)
Class com.google.common.collect.AbstractMapEntry                                      : loaded 2 times (x 77B)
Class org.jetbrains.kotlin.gradle.plugin.KotlinCompilationWithResources               : loaded 2 times (x 66B)
Class com.google.common.collect.Sets$ImprovedAbstractSet                              : loaded 2 times (x 131B)
Class org.jetbrains.kotlin.gradle.plugin.KotlinTargetPreset                           : loaded 2 times (x 66B)
Class org.jetbrains.kotlin.gradle.plugin.mpp.KotlinUsages$KotlinJavaRuntimeJarsCompatibility: loaded 2 times (x 72B)
Class com.google.common.collect.ImmutableList$Builder                                 : loaded 2 times (x 73B)
Class com.google.common.cache.LocalCache$2                                            : loaded 2 times (x 138B)
Class com.google.common.collect.AbstractMultimap                                      : loaded 2 times (x 119B)
Class org.jetbrains.kotlin.gradle.tasks.configuration.AbstractKotlinCompileConfig$2$1 : loaded 2 times (x 74B)
Class org.jetbrains.kotlin.gradle.plugin.mpp.KotlinCompilationFactoryKt               : loaded 2 times (x 67B)
Class org.jetbrains.kotlin.gradle.tasks.TasksKt$sam$org_gradle_api_Transformer$0      : loaded 2 times (x 71B)
Class org.jetbrains.kotlin.gradle.tasks.DefaultKotlinJavaToolchain_Decorated          : loaded 2 times (x 122B)
Class org.jetbrains.kotlin.gradle.plugin.mpp.KotlinJsCompilation                      : loaded 2 times (x 184B)
Class org.jetbrains.kotlin.gradle.plugin.mpp.DefaultKotlinCompilationOutput$allOutputs$1$1: loaded 2 times (x 71B)
Class org.jetbrains.kotlin.gradle.dsl.KotlinCommonOptions                             : loaded 2 times (x 66B)
Class com.google.common.util.concurrent.AbstractFuture$UnsafeAtomicHelper$1           : loaded 2 times (x 72B)
Class com.google.common.collect.RegularImmutableAsList                                : loaded 2 times (x 212B)
Class build_9hb9wj4vlxqxq0fhpffyqvg23                                                 : loaded 2 times (x 181B)
Class build_ciivvgm18osae96soac0y0585$_run_closure1                                   : loaded 2 times (x 132B)
Class org.jetbrains.kotlin.gradle.internal.KotlinDependenciesManagementKt$sam$org_gradle_api_specs_Spec$0: loaded 2 times (x 71B)
Class org.jetbrains.kotlin.gradle.tasks.configuration.AbstractKotlinCompileConfig$2$2 : loaded 2 times (x 74B)
Class org.jetbrains.kotlin.build.report.metrics.BuildTimes$Companion                  : loaded 2 times (x 67B)
Class org.jetbrains.kotlin.gradle.internal.CompilerPluginUtilsKt$sam$org_gradle_api_Action$0: loaded 2 times (x 71B)
Class org.jetbrains.kotlin.gradle.targets.js.npm.NpmDependencyExtensionDelegate       : loaded 2 times (x 160B)
Class org.jetbrains.kotlin.gradle.plugin.sources.FragmentConsistencyChecker           : loaded 2 times (x 68B)
Class org.jetbrains.kotlin.gradle.dsl.DefaultToolchainSupport_Decorated               : loaded 2 times (x 120B)
Class org.jetbrains.kotlin.gradle.report.BuildMetricsService$Companion                : loaded 2 times (x 67B)
Class org.jetbrains.kotlin.gradle.plugin.internal.MavenPluginConfigurator$DefaultMavenPluginConfiguratorVariantFactory: loaded 2 times (x 70B)
Class org.jetbrains.kotlin.gradle.tasks.KotlinCompileTool                             : loaded 2 times (x 66B)
Class org.jetbrains.kotlin.statistics.metrics.StringAnonymizationPolicy$SHA_256       : loaded 2 times (x 81B)
Class com.google.common.util.concurrent.AbstractFuture$Trusted                        : loaded 2 times (x 66B)
Class com.google.common.collect.Iterators                                             : loaded 2 times (x 67B)
Class com.google.common.base.CharMatcher$RangesMatcher                                : loaded 2 times (x 108B)
Class [Lorg.jetbrains.kotlin.build.report.metrics.BuildTime;                          : loaded 2 times (x 65B)
Class org.jetbrains.kotlin.gradle.tasks.configuration.BaseKotlinCompileConfig         : loaded 2 times (x 68B)
Class com.google.common.util.concurrent.UncheckedExecutionException                   : loaded 2 times (x 78B)
Class com.google.common.collect.Lists$StringAsImmutableList                           : loaded 2 times (x 203B)
Class org.jetbrains.kotlin.gradle.plugin.mpp.KotlinVariantWithCoordinates             : loaded 2 times (x 107B)
Class org.jetbrains.kotlin.gradle.tasks.KotlinCompile$scriptSources$1                 : loaded 2 times (x 75B)
Class org.jetbrains.kotlin.build.report.metrics.BuildAttribute$Companion              : loaded 2 times (x 67B)
Class org.jetbrains.kotlin.gradle.internal.KotlinTestDependencyManagementKt$maybeAddTestDependencyCapability$1: loaded 2 times (x 75B)
Class org.jetbrains.kotlin.gradle.plugin.RunOnceAfterEvaluated                        : loaded 2 times (x 68B)
Class org.jetbrains.kotlin.gradle.plugin.AbstractKotlinTargetConfigurator             : loaded 2 times (x 86B)
Class org.jetbrains.kotlin.gradle.plugin.mpp.pm20.GradleKpmProjectModelContainerKt    : loaded 2 times (x 67B)
Class org.jetbrains.kotlin.gradle.plugin.KotlinPluginWrapperKt$sam$org_gradle_api_Action$0: loaded 2 times (x 71B)
Class com.google.common.base.CharMatcher$JavaLetterOrDigit                            : loaded 2 times (x 107B)
Class org.gradle.internal.InternalTransformer                                         : loaded 2 times (x 66B)
Class org.jetbrains.kotlin.gradle.internal.CompilerArgumentsContributor               : loaded 2 times (x 66B)
Class org.jetbrains.kotlin.gradle.tasks.CompileUsingKotlinDaemonWithNormalization     : loaded 2 times (x 66B)
Class com.google.common.collect.AbstractMapBasedMultimap$KeySet$1                     : loaded 2 times (x 78B)
Class org.jetbrains.kotlin.gradle.targets.js.npm.DefaultDevNpmDependencyExtension     : loaded 2 times (x 138B)
Class [Lorg.jetbrains.kotlin.gradle.plugin.HasKotlinDependencies;                     : loaded 2 times (x 65B)
Class org.jetbrains.kotlin.gradle.plugin.KotlinPlatformType                           : loaded 2 times (x 78B)
Class org.jetbrains.kotlin.gradle.plugin.KotlinGradleBuildServices$Companion          : loaded 2 times (x 67B)
Class org.objectweb.asm.ClassWriter                                                   : loaded 2 times (x 100B)
Class com.google.common.cache.CacheLoader$UnsupportedLoadingOperationException        : loaded 2 times (x 78B)
Class com.google.common.base.CharMatcher$And                                          : loaded 2 times (x 108B)
Class org.gradle.internal.classloader.ClasspathUtil$1                                 : loaded 2 times (x 72B)
Class build_6mmml0tal73wx9mjpb4cyi5k2$_run_closure1$_closure4                         : loaded 2 times (x 132B)
Class com.google.common.base.Objects                                                  : loaded 2 times (x 67B)
Class org.jetbrains.kotlin.gradle.plugin.mpp.DefaultKotlinCompilationOutput           : loaded 2 times (x 78B)
Class org.jetbrains.kotlin.gradle.plugin.ProjectLocalConfigurations$ProjectLocalDisambiguation: loaded 2 times (x 72B)
Class org.jetbrains.kotlin.gradle.plugin.KotlinGradleBuildServices$detectKotlinPluginLoadedInMultipleProjects$onRegister$1$1: loaded 2 times (x 71B)
Class org.objectweb.asm.FieldVisitor                                                  : loaded 2 times (x 72B)
Class com.google.common.collect.IndexedImmutableSet                                   : loaded 2 times (x 146B)
Class com.google.common.collect.ImmutableMap$1                                        : loaded 2 times (x 77B)
Class com.google.common.collect.BiMap                                                 : loaded 2 times (x 66B)
Class org.gradle.api.internal.classpath.DefaultModuleRegistry$DefaultModule           : loaded 2 times (x 82B)
Class org.jetbrains.kotlin.gradle.plugin.KotlinPluginKt$ifKaptEnabled$1               : loaded 2 times (x 75B)
Class org.jetbrains.kotlin.gradle.utils.ResourceUtilsKt                               : loaded 2 times (x 67B)
Class org.jetbrains.kotlin.gradle.plugin.KotlinPluginWrapperKt$kotlinPluginVersionFromResources$1: loaded 2 times (x 74B)
Class com.google.common.primitives.Ints                                               : loaded 2 times (x 67B)
Class com.google.common.collect.AbstractIterator                                      : loaded 2 times (x 78B)
Class org.jetbrains.kotlin.gradle.tasks.UsesKotlinJavaToolchain$DefaultImpls          : loaded 2 times (x 67B)
Class org.jetbrains.kotlin.build.report.metrics.BuildAttributeKind$Companion          : loaded 2 times (x 67B)
Class org.jetbrains.kotlin.gradle.tasks.AbstractKotlinCompile                         : loaded 2 times (x 394B)
Class org.jetbrains.kotlin.gradle.plugin.KotlinCompilationOutput                      : loaded 2 times (x 66B)
Class org.jetbrains.kotlin.gradle.plugin.KotlinPluginKt$ifKaptEnabled$2               : loaded 2 times (x 75B)
Class org.jetbrains.kotlin.gradle.plugin.KotlinGradleBuildServices$Parameters$Inject  : loaded 2 times (x 108B)
Class org.jetbrains.kotlin.gradle.plugin.KotlinPluginWrapperKt$kotlinPluginVersionFromResources$1$1: loaded 2 times (x 67B)
Class com.google.common.math.MathPreconditions                                        : loaded 2 times (x 67B)
Class com.google.common.collect.Multiset                                              : loaded 2 times (x 66B)
Class com.google.common.collect.ArrayListMultimapGwtSerializationDependencies         : loaded 2 times (x 168B)
Class com.google.common.collect.ObjectArrays                                          : loaded 2 times (x 67B)
Class com.google.common.collect.AbstractIndexedListIterator                           : loaded 2 times (x 92B)
Class org.jetbrains.kotlin.gradle.plugin.sources.InternalKotlinSourceSetKt            : loaded 2 times (x 67B)
Class org.jetbrains.kotlin.gradle.dsl.KotlinJvmCompilerOptionsDefault_Decorated       : loaded 2 times (x 155B)
Class org.jetbrains.kotlin.gradle.internal.Kapt3GradleSubplugin$Kapt3SubpluginContext : loaded 2 times (x 68B)
Class org.jetbrains.kotlin.gradle.plugin.mpp.pm20.KotlinPm20ProjectExtension          : loaded 2 times (x 82B)
Class org.jetbrains.kotlin.gradle.plugin.HasKotlinDependencies                        : loaded 2 times (x 66B)
Class org.jetbrains.kotlin.gradle.plugin.internal.DefaultJavaSourceSetsAccessorVariantFactory: loaded 2 times (x 70B)
Class com.google.common.collect.ImmutableMapEntrySet                                  : loaded 2 times (x 147B)
Class org.gradle.api.internal.classpath.Module                                        : loaded 2 times (x 66B)
Class org.jetbrains.kotlin.gradle.tasks.KotlinCompile$ClasspathSnapshotProperties_Decorated: loaded 2 times (x 133B)
Class org.jetbrains.kotlin.gradle.tasks.DefaultKotlinJavaToolchain$wireJvmTargetToToolchain$1$1: loaded 2 times (x 74B)
Class org.jetbrains.kotlin.gradle.report.BuildReportsService$Companion                : loaded 2 times (x 67B)
Class org.jetbrains.kotlin.gradle.plugin.mpp.pm20.util.TargetsKt                      : loaded 2 times (x 67B)
Class org.jetbrains.kotlin.gradle.plugin.mpp.DefaultCompilationDetails$addExactSourceSetEagerly$1$1: loaded 2 times (x 75B)
Class org.jetbrains.kotlin.gradle.targets.js.npm.NpmDirectoryDependencyWithExternalsExtension: loaded 2 times (x 66B)
Class org.jetbrains.kotlin.gradle.plugin.KotlinGradleFinishBuildHandler$Companion     : loaded 2 times (x 67B)
Class com.google.common.cache.Weigher                                                 : loaded 2 times (x 66B)
Class org.gradle.api.internal.classpath.UnknownModuleException                        : loaded 2 times (x 78B)
Class org.gradle.cache.GlobalCache                                                    : loaded 2 times (x 66B)
Class [Lorg.jetbrains.kotlin.config.ApiVersion;                                       : loaded 2 times (x 65B)
Class org.jetbrains.kotlin.gradle.plugin.mpp.AbstractKotlinTarget$buildAdhocComponentsFromKotlinVariants$1$2: loaded 2 times (x 85B)
Class org.jetbrains.kotlin.gradle.incremental.IncrementalModuleInfoBuildService$Companion: loaded 2 times (x 67B)
Class org.jetbrains.kotlin.gradle.plugin.mpp.KotlinMultiplatformPluginKt$sourcesJarTaskNamed$2$1: loaded 2 times (x 75B)
Class org.jetbrains.kotlin.gradle.plugin.mpp.KotlinUsageContext                       : loaded 2 times (x 66B)
Class org.jetbrains.kotlin.gradle.targets.js.npm.NpmDependencyWithExternalsExtension  : loaded 2 times (x 66B)
Class org.jetbrains.kotlin.gradle.plugin.KotlinTargetsContainer                       : loaded 2 times (x 66B)
Class org.jetbrains.kotlin.compilerRunner.GradleCliCommonizerKt                       : loaded 2 times (x 67B)
Class org.jetbrains.kotlin.gradle.plugin.PluginWrappersKt                             : loaded 2 times (x 67B)
Class com.google.common.base.Stopwatch                                                : loaded 2 times (x 68B)
Class com.google.common.cache.LocalCache$Strength                                     : loaded 2 times (x 77B)
Class com.google.common.cache.Cache                                                   : loaded 2 times (x 66B)
Class org.jetbrains.kotlin.build.report.metrics.BuildMetricsReporter                  : loaded 2 times (x 66B)
Class org.jetbrains.kotlin.gradle.plugin.sources.DefaultKotlinSourceSetKt$defaultSourceSetLanguageSettingsChecker$1: loaded 2 times (x 74B)
Class org.jetbrains.kotlin.gradle.plugin.sources.InternalKotlinSourceSet              : loaded 2 times (x 66B)
Class org.jetbrains.kotlin.gradle.targets.native.internal.CInteropKlibLibraryElements : loaded 2 times (x 67B)
Class [Lorg.jetbrains.kotlin.gradle.targets.js.KotlinJsCompilerAttribute;             : loaded 2 times (x 65B)
Class com.google.common.util.concurrent.AbstractFuture$Cancellation                   : loaded 2 times (x 68B)
Class com.google.common.collect.ImmutableMap$Builder                                  : loaded 2 times (x 78B)
Class com.google.common.base.NullnessCasts                                            : loaded 2 times (x 67B)
Class org.jetbrains.kotlin.incremental.IncrementalModuleInfo                          : loaded 2 times (x 68B)
Class org.jetbrains.kotlin.gradle.plugin.mpp.KotlinTargetsKt$sam$org_gradle_api_Action$0: loaded 2 times (x 71B)
Class org.jetbrains.kotlin.gradle.targets.js.dsl.KotlinWasmTargetDsl                  : loaded 2 times (x 66B)
Class org.jetbrains.kotlin.gradle.dsl.KotlinCommonToolOptions                         : loaded 2 times (x 66B)
Class org.jetbrains.kotlin.gradle.plugin.sources.ConsistencyCheck                     : loaded 2 times (x 68B)
Class org.jetbrains.kotlin.gradle.plugin.sources.DefaultKotlinSourceSetKt$defaultSourceSetLanguageSettingsChecker$2: loaded 2 times (x 74B)
Class org.jetbrains.kotlin.gradle.dsl.KotlinMultiplatformExtension                    : loaded 2 times (x 466B)
Class com.google.common.cache.RemovalListener                                         : loaded 2 times (x 66B)
Class org.gradle.api.internal.DefaultClassPathRegistry                                : loaded 2 times (x 72B)
Class build_91va3gjxz9vl4l07v1yo9u4g3$_run_closure1                                   : loaded 2 times (x 132B)
Class org.jetbrains.kotlin.gradle.targets.js.npm.DefaultPeerNpmDependencyExtension$delegate$1: loaded 2 times (x 160B)
Class org.jetbrains.kotlin.gradle.targets.js.npm.NpmDependency                        : loaded 2 times (x 93B)
Class org.jetbrains.kotlin.gradle.targets.js.npm.DefaultNpmDependencyExtension        : loaded 2 times (x 145B)
Class org.jetbrains.kotlin.gradle.targets.js.npm.NpmDependency$Scope                  : loaded 2 times (x 75B)
Class org.jetbrains.kotlin.gradle.plugin.sources.FragmentConsistencyChecks$unstableFeaturesCheck$1: loaded 2 times (x 75B)
Class org.jetbrains.kotlin.gradle.plugin.sources.DefaultKotlinSourceSet               : loaded 2 times (x 132B)
Class com.google.common.primitives.IntsMethodsForWeb                                  : loaded 2 times (x 67B)
Class com.google.common.collect.Multimap                                              : loaded 2 times (x 66B)
Class org.gradle.api.internal.ClassPathRegistry                                       : loaded 2 times (x 66B)
Class org.gradle.internal.classpath.DefaultClassPath$ImmutableUniqueList              : loaded 2 times (x 195B)
Class com.google.common.base.ExtraObjectsMethodsForWeb                                : loaded 2 times (x 67B)
Class org.jetbrains.kotlin.gradle.plugin.KotlinCompilation$DefaultImpls               : loaded 2 times (x 67B)
Class org.jetbrains.kotlin.gradle.dsl.KotlinCommonCompilerOptionsDefault              : loaded 2 times (x 86B)
Class org.jetbrains.kotlin.gradle.dsl.KotlinCommonCompilerToolOptionsDefault          : loaded 2 times (x 78B)
Class org.jetbrains.kotlin.gradle.plugin.sources.FragmentConsistencyChecks$unstableFeaturesCheck$2: loaded 2 times (x 74B)
Class org.jetbrains.kotlin.gradle.plugin.internal.ConfigurationTimePropertiesAccessor : loaded 2 times (x 66B)
Class org.jetbrains.kotlin.gradle.report.BuildReportMode$Companion                    : loaded 2 times (x 67B)
Class org.jetbrains.kotlin.gradle.plugin.VariantImplementationFactories$VariantImplementationFactory: loaded 2 times (x 66B)
Class org.jetbrains.kotlin.compilerRunner.CompilerSystemPropertiesService             : loaded 2 times (x 76B)
Class org.jetbrains.kotlin.gradle.targets.js.npm.SemVer$Companion                     : loaded 2 times (x 67B)
Class org.jetbrains.kotlin.gradle.plugin.mpp.KotlinUsages$KotlinCinteropCompatibility : loaded 2 times (x 73B)
Class org.jetbrains.kotlin.gradle.dsl.ExplicitApiMode                                 : loaded 2 times (x 75B)
Class org.jetbrains.kotlin.gradle.plugin.VariantImplementationFactories$Companion     : loaded 2 times (x 67B)
Class org.jetbrains.kotlin.gradle.dsl.KotlinTopLevelExtensionConfig                   : loaded 2 times (x 66B)
Class com.google.common.cache.CacheBuilder                                            : loaded 2 times (x 68B)
Class com.google.common.collect.SingletonImmutableList                                : loaded 2 times (x 203B)
Class org.gradle.internal.classloader.FilteringClassLoader                            : loaded 2 times (x 101B)
Class org.gradle.internal.classpath.ClassPath                                         : loaded 2 times (x 66B)
Class org.gradle.api.UncheckedIOException                                             : loaded 2 times (x 78B)
Class org.jetbrains.kotlin.gradle.incremental.IncrementalModuleInfoProvider           : loaded 2 times (x 66B)
Class org.jetbrains.kotlin.compilerRunner.KotlinLogger                                : loaded 2 times (x 66B)
Class org.jetbrains.kotlin.gradle.dsl.KotlinJvmCompilerOptionsDefault                 : loaded 2 times (x 96B)
Class com.google.common.collect.ImmutableList$ReverseImmutableList                    : loaded 2 times (x 204B)
Class com.google.common.base.JdkPattern                                               : loaded 2 times (x 71B)
Class build_6mmml0tal73wx9mjpb4cyi5k2$_run_closure1                                   : loaded 2 times (x 132B)
Class org.jetbrains.kotlin.gradle.tasks.AbstractKotlinCompile$defaultKotlinJavaToolchain$1: loaded 2 times (x 74B)
Class com.google.common.collect.RegularImmutableMap$KeySet                            : loaded 2 times (x 146B)
Class org.jetbrains.kotlin.daemon.common.MultiModuleICSettings                        : loaded 2 times (x 68B)
Class org.jetbrains.kotlin.gradle.internal.CompilerPluginUtilsKt$reorderPluginClasspathDependencies$1: loaded 2 times (x 74B)
Class org.jetbrains.kotlin.gradle.tasks.KotlinCompile                                 : loaded 2 times (x 436B)
Class org.jetbrains.kotlin.gradle.plugin.AbstractKotlinPluginWrapper                  : loaded 2 times (x 83B)
Class org.jetbrains.kotlin.gradle.internal.StdlibDependencyManagementKt               : loaded 2 times (x 67B)
Class org.jetbrains.kotlin.cli.common.arguments.Freezable                             : loaded 2 times (x 67B)
Class org.jetbrains.kotlin.gradle.utils.ObservableSet                                 : loaded 2 times (x 66B)
Class org.jetbrains.kotlin.gradle.plugin.mpp.HierarchyAttributeContainer              : loaded 2 times (x 79B)
Class org.jetbrains.kotlin.gradle.tasks.UsesKotlinJavaToolchain                       : loaded 2 times (x 66B)
Class org.jetbrains.kotlin.gradle.plugin.DefaultKotlinBasePlugin$apply$1              : loaded 2 times (x 75B)
Class org.jetbrains.kotlin.statistics.metrics.StringOverridePolicy$OVERRIDE           : loaded 2 times (x 81B)
Class org.objectweb.asm.SymbolTable$Entry                                             : loaded 2 times (x 70B)
Class com.google.common.util.concurrent.AbstractFuture$AtomicHelper                   : loaded 2 times (x 74B)
Class build_7vh7mxjoyxv1d6nqd4u9iultu                                                 : loaded 2 times (x 180B)
Class org.jetbrains.kotlin.gradle.plugin.mpp.KotlinTargetComponentWithCoordinatesAndPublication: loaded 2 times (x 66B)
Class org.jetbrains.kotlin.gradle.plugin.mpp.CompilationDetails                       : loaded 2 times (x 66B)
Class org.jetbrains.kotlin.gradle.plugin.PropertiesProvider$Companion                 : loaded 2 times (x 67B)
Class org.jetbrains.kotlin.gradle.plugin.internal.DefaultConfigurationTimePropertiesAccessorVariantFactory: loaded 2 times (x 70B)
Class org.objectweb.asm.Edge                                                          : loaded 2 times (x 68B)
Class com.google.common.base.Suppliers$SupplierOfInstance                             : loaded 2 times (x 75B)
Class com.google.common.collect.Iterators$1                                           : loaded 2 times (x 77B)
Class org.jetbrains.kotlin.statistics.metrics.BooleanAnonymizationPolicy$SAFE         : loaded 2 times (x 81B)
Class org.jetbrains.kotlin.gradle.tasks.KotlinCompile$defaultKotlinJavaToolchain$1    : loaded 2 times (x 75B)
Class org.jetbrains.kotlin.gradle.tasks.KotlinJavaToolchain$JavaToolchainSetter       : loaded 2 times (x 66B)
Class org.jetbrains.kotlin.gradle.plugin.VariantImplementationFactoriesKt$sam$org_gradle_api_Action$0: loaded 2 times (x 71B)
Class com.google.common.cache.LocalCache$ComputingValueReference                      : loaded 2 times (x 92B)
Class com.google.common.collect.SingletonImmutableSet                                 : loaded 2 times (x 142B)
Class com.google.common.collect.ImmutableMap$IteratorBasedImmutableMap                : loaded 2 times (x 121B)
Class org.jetbrains.kotlin.gradle.internal.KotlinDependenciesManagementKt$configureDefaultVersionsResolutionStrategy$1$1$1: loaded 2 times (x 75B)
Class org.jetbrains.kotlin.gradle.tasks.configuration.AbstractKotlinCompileConfig$sam$org_gradle_api_Action$0: loaded 2 times (x 71B)
Class com.google.common.cache.LocalCache$Segment                                      : loaded 2 times (x 150B)
Class org.jetbrains.kotlin.build.report.metrics.BuildTimes                            : loaded 2 times (x 68B)
Class org.jetbrains.kotlin.gradle.tasks.KotlinCompile$ClasspathSnapshotProperties     : loaded 2 times (x 71B)
Class org.jetbrains.kotlin.gradle.tasks.configuration.BaseKotlinCompileConfig$2$1     : loaded 2 times (x 75B)
Class org.jetbrains.kotlin.gradle.plugin.mpp.KotlinCompilationsKt                     : loaded 2 times (x 67B)
Class com.google.common.base.Equivalence$Identity                                     : loaded 2 times (x 78B)
Class org.jetbrains.kotlin.gradle.plugin.sources.DefaultKotlinSourceSet_Decorated     : loaded 2 times (x 183B)
Class org.jetbrains.kotlin.gradle.targets.js.KotlinJsCompilerAttribute$Companion      : loaded 2 times (x 67B)
Class org.jetbrains.kotlin.statistics.metrics.StringOverridePolicy                    : loaded 2 times (x 81B)
Class [Lorg.objectweb.asm.SymbolTable$Entry;                                          : loaded 2 times (x 65B)
Class com.google.common.cache.CacheLoader                                             : loaded 2 times (x 70B)
Class com.google.common.collect.Iterators$4                                           : loaded 2 times (x 78B)
Class com.google.common.collect.ImmutableBiMap                                        : loaded 2 times (x 139B)
Class com.google.common.collect.AbstractListMultimap                                  : loaded 2 times (x 168B)
Class org.gradle.internal.installation.GradleInstallation$1                           : loaded 2 times (x 71B)
Class org.gradle.api.internal.classpath.ModuleRegistry                                : loaded 2 times (x 66B)
Class build_9hb9wj4vlxqxq0fhpffyqvg23$_run_closure1                                   : loaded 2 times (x 132B)
Class org.jetbrains.kotlin.gradle.tasks.configuration.AbstractKotlinCompileConfig$4$1 : loaded 2 times (x 75B)
Class org.jetbrains.kotlin.gradle.incremental.IncrementalModuleInfoBuildService       : loaded 2 times (x 75B)
Class org.jetbrains.kotlin.gradle.logging.GradleKotlinLogger                          : loaded 2 times (x 75B)
Class org.jetbrains.kotlin.gradle.model.builder.KotlinModelBuilder$Companion          : loaded 2 times (x 67B)
Class org.jetbrains.kotlin.gradle.internal.KotlinDependenciesManagementKt$configureDefaultVersionsResolutionStrategy$1: loaded 2 times (x 75B)
Class org.jetbrains.kotlin.gradle.internal.KotlinDependenciesManagementKt$customizeKotlinDependencies$coreLibrariesVersion$1: loaded 2 times (x 75B)
Class org.jetbrains.kotlin.gradle.plugin.mpp.KotlinUsages                             : loaded 2 times (x 67B)
Class com.google.common.util.concurrent.internal.InternalFutureFailureAccess          : loaded 2 times (x 68B)
Class com.google.common.collect.Iterators$5                                           : loaded 2 times (x 78B)
Class com.google.common.collect.ImmutableSet$JdkBackedSetBuilderImpl                  : loaded 2 times (x 72B)
Class com.google.common.base.Splitter$SplittingIterator                               : loaded 2 times (x 80B)
Class org.jetbrains.kotlin.gradle.tasks.configuration.AbstractKotlinCompileConfig$4$2 : loaded 2 times (x 71B)
Class [Lorg.jetbrains.kotlin.statistics.metrics.BooleanMetrics;                       : loaded 2 times (x 65B)
Class org.jetbrains.kotlin.gradle.plugin.mpp.DefaultKotlinUsageContext                : loaded 2 times (x 103B)
Class org.jetbrains.kotlin.gradle.targets.js.ir.KotlinJsIrTarget                      : loaded 2 times (x 198B)
Class org.jetbrains.kotlin.gradle.plugin.HasCompilerOptions                           : loaded 2 times (x 66B)
Class com.google.common.util.concurrent.AbstractFuture$UnsafeAtomicHelper             : loaded 2 times (x 74B)
Class com.google.common.cache.LocalCache$LocalManualCache$1                           : loaded 2 times (x 71B)
Class com.google.common.base.CharMatcher$ForPredicate                                 : loaded 2 times (x 108B)
Class build_a06r6by70uinvg193v15vht61                                                 : loaded 2 times (x 178B)
Class build_7vql3ahmmeo1s3skf835j0x9s$_run_closure1                                   : loaded 2 times (x 132B)
Class org.jetbrains.kotlin.gradle.tasks.configuration.AbstractKotlinCompileConfig$4$3 : loaded 2 times (x 71B)
Class org.jetbrains.kotlin.gradle.internal.StdlibDependencyManagementKt$sam$org_gradle_api_Action$0: loaded 2 times (x 71B)
Class org.jetbrains.kotlin.gradle.internal.StdlibDependencyManagementKt$addStdlibDependency$1: loaded 2 times (x 75B)
Class org.jetbrains.kotlin.gradle.plugin.sources.KotlinSourceSetFactory$Companion     : loaded 2 times (x 67B)
Class org.jetbrains.kotlin.gradle.plugin.internal.MppTestReportHelper$MppTestReportHelperVariantFactory: loaded 2 times (x 66B)
Class org.jetbrains.kotlin.statistics.metrics.IStatisticsValuesConsumer$DefaultImpls  : loaded 2 times (x 67B)
Class com.google.common.collect.ImmutableCollection                                   : loaded 2 times (x 121B)
Class com.google.common.base.CharMatcher$AnyOf                                        : loaded 2 times (x 108B)
Class org.gradle.api.internal.classpath.DefaultModuleRegistry                         : loaded 2 times (x 82B)
Class org.jetbrains.kotlin.gradle.tasks.configuration.AbstractKotlinCompileConfig$4$4 : loaded 2 times (x 71B)
Class org.jetbrains.kotlin.gradle.plugin.mpp.AbstractKotlinTarget$sourcesJarArtifact$1$1$configuration$1: loaded 2 times (x 74B)
Class org.jetbrains.kotlin.gradle.plugin.sources.InternalKotlinSourceSet$DefaultImpls : loaded 2 times (x 67B)
Class org.jetbrains.kotlin.gradle.plugin.ProjectLocalConfigurationsKt$sam$org_gradle_api_Action$0: loaded 2 times (x 71B)
Class com.google.common.util.concurrent.ListenableFuture                              : loaded 2 times (x 66B)
Class com.google.common.cache.ReferenceEntry                                          : loaded 2 times (x 66B)
Class com.google.common.collect.ImmutableSet$CachingAsList                            : loaded 2 times (x 143B)
Class com.google.common.base.Converter                                                : loaded 2 times (x 86B)
Class com.google.common.collect.Lists                                                 : loaded 2 times (x 67B)
Class com.google.common.base.CharMatcher$Any                                          : loaded 2 times (x 108B)
Class org.jetbrains.kotlin.gradle.tasks.configuration.AbstractKotlinCompileConfig$4$5 : loaded 2 times (x 71B)
Class org.jetbrains.kotlin.gradle.tasks.KotlinCompilerExecutionStrategy$Companion     : loaded 2 times (x 67B)
Class org.jetbrains.kotlin.gradle.plugin.CompilerPluginConfig                         : loaded 2 times (x 68B)
Class org.jetbrains.kotlin.gradle.model.builder.KotlinModelBuilder                    : loaded 2 times (x 72B)
Class org.jetbrains.kotlin.gradle.plugin.mpp.KotlinAndroidTarget                      : loaded 2 times (x 120B)
Class org.jetbrains.kotlin.gradle.plugin.PropertiesProvider                           : loaded 2 times (x 68B)
Class org.jetbrains.kotlin.gradle.plugin.DefaultKotlinBasePlugin$addKotlinCompilerConfiguration$1: loaded 2 times (x 75B)
Class com.google.common.util.concurrent.AbstractFuture                                : loaded 2 times (x 102B)
Class com.google.common.base.FunctionalEquivalence                                    : loaded 2 times (x 79B)
Class com.google.common.collect.Iterators$9                                           : loaded 2 times (x 77B)
Class com.google.common.collect.AbstractMapBasedMultimap                              : loaded 2 times (x 135B)
Class com.google.common.collect.ImmutableAsList                                       : loaded 2 times (x 205B)
Class build_7vh7mxjoyxv1d6nqd4u9iultu$_run_closure1                                   : loaded 2 times (x 132B)
Class org.jetbrains.kotlin.gradle.tasks.configuration.AbstractKotlinCompileConfig$4$6 : loaded 2 times (x 71B)
Class org.jetbrains.kotlin.gradle.tasks.DefaultKotlinJavaToolchain$javaVersion$1      : loaded 2 times (x 74B)
Class org.jetbrains.kotlin.gradle.targets.js.KotlinJsTarget                           : loaded 2 times (x 173B)
Class org.jetbrains.kotlin.gradle.tooling.BuildKotlinToolingMetadataTaskKt            : loaded 2 times (x 67B)
Class org.jetbrains.kotlin.gradle.plugin.KotlinCompilationToRunnableFiles             : loaded 2 times (x 66B)
Class org.jetbrains.kotlin.gradle.plugin.ProjectLocalConfigurations$setupAttributesMatchingStrategy$1$1: loaded 2 times (x 74B)
Class org.jetbrains.kotlin.gradle.plugin.internal.DefaultIdeaSyncDetectorVariantFactory: loaded 2 times (x 70B)
Class org.jetbrains.kotlin.gradle.plugin.internal.DefaultBasePluginConfigurationVariantFactory: loaded 2 times (x 70B)
Class org.jetbrains.kotlin.gradle.plugin.DefaultKotlinBasePlugin$addKotlinCompilerConfiguration$2: loaded 2 times (x 75B)
Class org.objectweb.asm.RecordComponentVisitor                                        : loaded 2 times (x 73B)
Class com.google.common.cache.CacheLoader$SupplierToCacheLoader                       : loaded 2 times (x 71B)
Class org.jetbrains.kotlin.gradle.internal.StdlibDependencyManagementKt$isStdlibAddedByUser$1: loaded 2 times (x 75B)
Class org.jetbrains.kotlin.gradle.plugin.mpp.KotlinCompilationsKt$sam$java_util_concurrent_Callable$0: loaded 2 times (x 71B)
Class org.jetbrains.kotlin.gradle.tasks.KotlinCompilerPluginData                      : loaded 2 times (x 68B)
Class org.jetbrains.kotlin.cli.common.CompilerSystemProperties$value$1                : loaded 2 times (x 121B)
Class org.jetbrains.kotlin.gradle.tasks.BaseKotlinCompile                             : loaded 2 times (x 66B)
Class org.jetbrains.kotlin.gradle.plugin.mpp.pm20.util.GradleKpmDependencyFilesHolderKt: loaded 2 times (x 67B)
Class org.jetbrains.kotlin.gradle.dsl.KotlinJsProjectExtension                        : loaded 2 times (x 103B)
Class com.google.common.base.PairwiseEquivalence                                      : loaded 2 times (x 79B)
Class org.jetbrains.kotlin.gradle.dsl.KotlinProjectExtensionKt                        : loaded 2 times (x 67B)
Class org.jetbrains.kotlin.gradle.plugin.KotlinGradleBuildServices$Parameters_Decorated: loaded 2 times (x 137B)
Class org.jetbrains.kotlin.gradle.plugin.internal.ConfigurationTimePropertiesAccessor$ConfigurationTimePropertiesAccessorVariantFactory: loaded 2 times (x 66B)
Class [Lorg.jetbrains.kotlin.statistics.metrics.IMetricContainerFactory;              : loaded 2 times (x 65B)
Class com.google.common.collect.Maps$EntryTransformer                                 : loaded 2 times (x 66B)
Class org.gradle.internal.service.ServiceLookupException                              : loaded 2 times (x 78B)
Class org.jetbrains.kotlin.gradle.internal.StdlibDependencyManagementKt$isStdlibAddedByUser$2: loaded 2 times (x 74B)
Class org.jetbrains.kotlin.gradle.tasks.GradleCompileTaskProvider_Decorated           : loaded 2 times (x 116B)
Class org.jetbrains.kotlin.gradle.plugin.mpp.AbstractKotlinTarget$buildAdhocComponentsFromKotlinVariants$1$1$1$1: loaded 2 times (x 75B)
Class org.jetbrains.kotlin.gradle.plugin.mpp.KotlinMultiplatformPluginKt$sourcesJarTaskNamed$result$1: loaded 2 times (x 75B)
Class org.jetbrains.kotlin.gradle.targets.js.npm.NpmDirectoryDependencyExtension      : loaded 2 times (x 66B)
Class [Lcom.google.common.cache.LocalCache$EntryFactory;                              : loaded 2 times (x 65B)
Class com.google.common.base.CharMatcher$JavaLetter                                   : loaded 2 times (x 107B)
Class org.gradle.internal.classloader.ClassLoaderFactory                              : loaded 2 times (x 66B)
Class org.jetbrains.kotlin.gradle.tasks.DefaultKotlinJavaToolchain$currentJvmJdkToolsJar$1: loaded 2 times (x 74B)
Class org.jetbrains.kotlin.gradle.plugin.SubpluginEnvironment                         : loaded 2 times (x 68B)
Class org.jetbrains.kotlin.gradle.internal.StdlibDependencyManagementKt$addStdlibDependency$1$1$1: loaded 2 times (x 75B)
Class org.jetbrains.kotlin.gradle.plugin.sources.AbstractKotlinSourceSet              : loaded 2 times (x 132B)
Class org.jetbrains.kotlin.compilerRunner.GradleCliCommonizerKt$maybeCreateCommonizerClasspathConfiguration$1$1: loaded 2 times (x 75B)
Class com.google.common.cache.LocalCache$LocalManualCache                             : loaded 2 times (x 95B)
Class com.google.common.base.CharMatcher$IsNot                                        : loaded 2 times (x 107B)
Class com.google.common.base.CommonPattern                                            : loaded 2 times (x 70B)
Class org.gradle.internal.service.CachingServiceLocator                               : loaded 2 times (x 78B)
Class org.jetbrains.kotlin.gradle.plugin.internal.BasePluginConfiguration             : loaded 2 times (x 66B)
Class org.jetbrains.kotlin.gradle.plugin.KotlinTargetConfiguratorKt$WhenMappings      : loaded 2 times (x 67B)
Class org.jetbrains.kotlin.gradle.plugin.mpp.DefaultCompilationDetails                : loaded 2 times (x 127B)
Class com.google.common.collect.AbstractMapBasedMultimap$KeySet                       : loaded 2 times (x 133B)
Class org.jetbrains.kotlin.gradle.plugin.mpp.GranularMetadataTransformation           : loaded 2 times (x 68B)
Class org.jetbrains.kotlin.project.model.LanguageSettings                             : loaded 2 times (x 66B)
Class com.google.common.math.IntMath                                                  : loaded 2 times (x 67B)
Class org.jetbrains.kotlin.build.report.metrics.BuildTime                             : loaded 2 times (x 75B)
Class org.jetbrains.kotlin.gradle.plugin.mpp.pm20.util.ConfigurationUtilsKt           : loaded 2 times (x 67B)
Class org.jetbrains.kotlin.gradle.plugin.mpp.InternalKotlinCompilation$DefaultImpls   : loaded 2 times (x 67B)
Class org.jetbrains.kotlin.gradle.plugin.mpp.KotlinMetadataTarget                     : loaded 2 times (x 123B)
Class org.jetbrains.kotlin.gradle.plugin.HasKotlinDependencies$DefaultImpls           : loaded 2 times (x 67B)
Class org.jetbrains.kotlin.gradle.plugin.KotlinGradleBuildServices$detectKotlinPluginLoadedInMultipleProjects$onRegister$1: loaded 2 times (x 75B)
Class com.google.common.collect.Iterators$10                                          : loaded 2 times (x 77B)
Class com.google.common.collect.ImmutableMapEntry                                     : loaded 2 times (x 81B)
Class com.google.common.base.CharMatcher$JavaDigit                                    : loaded 2 times (x 107B)
Class org.jetbrains.kotlin.gradle.internal.StdlibDependencyManagementKt$sam$org_gradle_api_Transformer$0: loaded 2 times (x 71B)
Class [Lorg.jetbrains.kotlin.build.report.metrics.BuildPerformanceMetric;             : loaded 2 times (x 65B)
Class org.jetbrains.kotlin.gradle.plugin.mpp.KotlinWithJavaTarget                     : loaded 2 times (x 121B)
Class org.jetbrains.kotlin.gradle.tasks.CompileUsingKotlinDaemon                      : loaded 2 times (x 66B)
Class org.jetbrains.kotlin.gradle.internal.KotlinDependenciesManagementKt$sam$org_gradle_api_Action$0: loaded 2 times (x 71B)
Class org.jetbrains.kotlin.gradle.internal.KotlinTestDependencyManagementKt$configureKotlinTestDependency$3: loaded 2 times (x 75B)
Class org.jetbrains.kotlin.gradle.plugin.KotlinGradleFinishBuildHandler               : loaded 2 times (x 68B)
Class org.jetbrains.kotlin.statistics.metrics.StringOverridePolicy$CONCAT             : loaded 2 times (x 81B)
Class org.jetbrains.kotlin.gradle.dsl.KotlinTopLevelExtension                         : loaded 2 times (x 82B)
Class com.google.common.base.Equivalence                                              : loaded 2 times (x 78B)
Class com.google.common.collect.ImmutableMapEntry$NonTerminalImmutableMapEntry        : loaded 2 times (x 81B)
Class com.google.common.base.Function                                                 : loaded 2 times (x 66B)
Class org.jetbrains.kotlin.gradle.tasks.DefaultKotlinJavaToolchain$sam$org_gradle_api_Transformer$0: loaded 2 times (x 71B)
Class [Lorg.jetbrains.kotlin.cli.common.CompilerSystemProperties;                     : loaded 2 times (x 65B)
Class org.jetbrains.kotlin.gradle.plugin.mpp.KotlinTargetWithBinaries                 : loaded 2 times (x 124B)
Class org.jetbrains.kotlin.gradle.plugin.ProjectLocalConfigurationsKt                 : loaded 2 times (x 67B)
Class [Lorg.jetbrains.kotlin.gradle.plugin.KotlinSourceSet;                           : loaded 2 times (x 65B)
Class org.jetbrains.kotlin.gradle.plugin.KotlinTargetsContainerWithPresets            : loaded 2 times (x 66B)
Class org.jetbrains.kotlin.gradle.plugin.PropertiesProvider$localProperties$2         : loaded 2 times (x 75B)
Class org.jetbrains.kotlin.gradle.plugin.internal.JavaSourceSetsAccessor$JavaSourceSetsAccessorVariantFactory: loaded 2 times (x 66B)
Class org.jetbrains.kotlin.statistics.metrics.IMetricContainerFactory                 : loaded 2 times (x 66B)
Class com.google.common.cache.CacheBuilder$OneWeigher                                 : loaded 2 times (x 78B)
Class com.google.common.collect.RegularImmutableList                                  : loaded 2 times (x 208B)
Class build_atwzwrzyyxgl2wqghgkrqmeod                                                 : loaded 2 times (x 189B)
Class org.jetbrains.kotlin.gradle.utils.ProviderApiUtilsKt$setPropertyWithLazyValue$$inlined$providerWithLazyConvention$1: loaded 2 times (x 74B)
Class org.jetbrains.kotlin.build.report.metrics.BuildMetricsReporterImpl              : loaded 2 times (x 79B)
Class org.jetbrains.kotlin.gradle.targets.js.npm.SemVer                               : loaded 2 times (x 71B)
Class org.jetbrains.kotlin.gradle.plugin.internal.ConfigurationTimePropertiesAccessorKt: loaded 2 times (x 67B)
Class [Lorg.jetbrains.kotlin.gradle.report.BuildReportType;                           : loaded 2 times (x 65B)
Class org.jetbrains.kotlin.gradle.tasks.AbstractKotlinCompileTool                     : loaded 2 times (x 353B)
Class com.google.common.collect.ImmutableBiMapFauxverideShim                          : loaded 2 times (x 116B)
Class org.gradle.internal.classloader.ClasspathUtil                                   : loaded 2 times (x 67B)
Class org.jetbrains.kotlin.gradle.dsl.KotlinCompile                                   : loaded 2 times (x 66B)
Class org.jetbrains.kotlin.gradle.utils.ProviderApiUtilsKt$sam$i$org_gradle_api_Transformer$0: loaded 2 times (x 71B)
Class org.jetbrains.kotlin.gradle.utils.StringUtilsKt$lowerCamelCaseName$1            : loaded 2 times (x 121B)
Class com.google.common.base.Charsets                                                 : loaded 2 times (x 67B)
Class com.google.common.util.concurrent.Uninterruptibles                              : loaded 2 times (x 67B)
Class org.jetbrains.kotlin.gradle.plugin.AbstractKotlinMultiplatformPluginWrapper     : loaded 2 times (x 83B)
Class org.jetbrains.kotlin.gradle.targets.js.npm.DevNpmDependencyExtension            : loaded 2 times (x 66B)
Class org.jetbrains.kotlin.gradle.internal.KotlinDependenciesManagementKt$customizeKotlinDependencies$$inlined$providerWithLazyConvention$1: loaded 2 times (x 74B)
Class org.jetbrains.kotlin.gradle.plugin.mpp.pm20.GradleKpmDefaultProjectModelContainer: loaded 2 times (x 73B)
Class org.jetbrains.kotlin.gradle.utils.GradleConfigurationUtilsKt$addGradlePluginMetadataAttributes$1: loaded 2 times (x 75B)
Class com.google.common.collect.Maps                                                  : loaded 2 times (x 67B)
Class com.google.common.base.CharMatcher$JavaUpperCase                                : loaded 2 times (x 107B)
Class org.gradle.api.specs.Spec                                                       : loaded 2 times (x 66B)
Class org.jetbrains.kotlin.gradle.plugin.internal.DefaultBasePluginConfiguration      : loaded 2 times (x 72B)
Class org.jetbrains.kotlin.gradle.tasks.KotlinCompile$disableMultiModuleIC$2          : loaded 2 times (x 75B)
Class org.jetbrains.kotlin.gradle.plugin.SubpluginEnvironment$Companion               : loaded 2 times (x 67B)
Class org.jetbrains.kotlin.gradle.tasks.configuration.BaseKotlinCompileConfig$Companion: loaded 2 times (x 67B)
Class org.jetbrains.kotlin.gradle.tooling.BuildKotlinToolingMetadataTask              : loaded 2 times (x 310B)
Class org.jetbrains.kotlin.gradle.plugin.sources.DefaultKotlinSourceSetFactory$sam$org_gradle_api_Action$0: loaded 2 times (x 71B)
Class org.jetbrains.kotlin.gradle.utils.GradleConfigurationUtilsKt$sam$org_gradle_api_Action$0: loaded 2 times (x 71B)
Class [Lcom.google.common.collect.ImmutableEntry;                                     : loaded 2 times (x 65B)
Class org.jetbrains.kotlin.gradle.tasks.KotlinCompile$kotlinOptions$1                 : loaded 2 times (x 75B)
Class org.jetbrains.kotlin.build.report.metrics.BuildPerformanceMetric                : loaded 2 times (x 75B)
Class org.jetbrains.kotlin.gradle.internal.AbstractKotlinCompileArgumentsContributor  : loaded 2 times (x 73B)
Class org.jetbrains.kotlin.gradle.tasks.configuration.AbstractKotlinCompileConfig$1$1 : loaded 2 times (x 75B)
Class org.jetbrains.kotlin.gradle.utils.StringUtilsKt                                 : loaded 2 times (x 67B)
Class [Lorg.jetbrains.kotlin.statistics.metrics.StringOverridePolicy;                 : loaded 2 times (x 65B)
Class com.google.common.cache.LocalCache$LoadingValueReference                        : loaded 2 times (x 92B)
Class build_91va3gjxz9vl4l07v1yo9u4g3                                                 : loaded 2 times (x 181B)
Class build_atwzwrzyyxgl2wqghgkrqmeod$_run_closure1                                   : loaded 2 times (x 132B)
Class build_ciivvgm18osae96soac0y0585$_run_closure1$_closure3                         : loaded 2 times (x 132B)
Class build_ciivvgm18osae96soac0y0585                                                 : loaded 2 times (x 177B)
Class [Lorg.jetbrains.kotlin.statistics.metrics.BooleanAnonymizationPolicy;           : loaded 2 times (x 65B)
Class [Lorg.jetbrains.kotlin.build.report.metrics.SizeMetricType;                     : loaded 2 times (x 65B)
Class org.jetbrains.kotlin.gradle.plugin.RunOnceAfterEvaluatedKt$runOnceAfterEvaluated$1: loaded 2 times (x 75B)
Class org.jetbrains.kotlin.gradle.plugin.KotlinTarget                                 : loaded 2 times (x 66B)
Class com.google.common.base.Platform                                                 : loaded 2 times (x 67B)
Class Build_gradle$1                                                                  : loaded 2 times (x 74B)
Class org.jetbrains.kotlin.gradle.internal.KotlinDependenciesManagementKt$allNonProjectDependencies$1: loaded 2 times (x 74B)
Class org.jetbrains.kotlin.compilerRunner.CompilerSystemPropertiesService$Parameters  : loaded 2 times (x 66B)
Class [Lorg.jetbrains.kotlin.build.report.metrics.BuildAttributeKind;                 : loaded 2 times (x 65B)
Class org.jetbrains.kotlin.gradle.plugin.mpp.DefaultCompilationDetails$friendArtifactsTask$2: loaded 2 times (x 75B)
Class org.jetbrains.kotlin.gradle.plugin.ProjectLocalConfigurations                   : loaded 2 times (x 67B)
Class org.jetbrains.kotlin.gradle.plugin.mpp.KotlinUsages$KotlinUsagesDisambiguation  : loaded 2 times (x 72B)
Class [Lorg.objectweb.asm.AnnotationWriter;                                           : loaded 2 times (x 65B)
Class com.google.common.primitives.Ints$IntConverter                                  : loaded 2 times (x 86B)
Class com.google.common.collect.Maps$8                                                : loaded 2 times (x 78B)
Class org.jetbrains.kotlin.gradle.plugin.mpp.CompilationDetails$DefaultImpls          : loaded 2 times (x 67B)
Class org.jetbrains.kotlin.gradle.plugin.mpp.AbstractCompilationDetails$source$1      : loaded 2 times (x 75B)
Class org.jetbrains.kotlin.gradle.dsl.KotlinJvmOptions                                : loaded 2 times (x 66B)
Class org.jetbrains.kotlin.gradle.plugin.sources.DefaultKotlinSourceSetKt             : loaded 2 times (x 67B)
Class org.jetbrains.kotlin.gradle.plugin.mpp.HierarchyAttributeContainer$1            : loaded 2 times (x 74B)
Class org.jetbrains.kotlin.gradle.dsl.ToolchainSupport                                : loaded 2 times (x 66B)
Class org.jetbrains.kotlin.statistics.metrics.StringMetrics                           : loaded 2 times (x 76B)
Class com.google.common.collect.Sets$SetView                                          : loaded 2 times (x 134B)
Class com.google.common.cache.LocalCache$StrongValueReference                         : loaded 2 times (x 86B)
Class com.google.common.util.concurrent.AbstractFuture$SynchronizedHelper             : loaded 2 times (x 74B)
Class com.google.common.base.CharMatcher$Invisible                                    : loaded 2 times (x 108B)
Class org.jetbrains.kotlin.build.report.metrics.BuildTime$Companion$children$2        : loaded 2 times (x 74B)
Class org.jetbrains.kotlin.gradle.plugin.stat.GradleBuildStartParameters              : loaded 2 times (x 68B)
Class org.jetbrains.kotlin.gradle.plugin.mpp.DefaultCompilationDetails$whenSourceSetAdded$1: loaded 2 times (x 75B)
Class org.jetbrains.kotlin.gradle.plugin.KotlinPluginKt$androidPluginVersion$2        : loaded 2 times (x 74B)
Class org.objectweb.asm.Type                                                          : loaded 2 times (x 68B)
Class org.gradle.internal.classloader.VisitableURLClassLoader$InstrumentingVisitableURLClassLoader: loaded 2 times (x 119B)
Class [Lorg.jetbrains.kotlin.gradle.tasks.KotlinCompilerExecutionStrategy;            : loaded 2 times (x 65B)
Class org.jetbrains.kotlin.gradle.plugin.sources.DefaultLanguageSettingsBuilderKt     : loaded 2 times (x 67B)
Class org.jetbrains.kotlin.gradle.tasks.FailedCompilationException                    : loaded 2 times (x 78B)
Class org.jetbrains.kotlin.build.report.metrics.BuildTime$Companion                   : loaded 2 times (x 67B)
Class org.jetbrains.kotlin.gradle.plugin.mpp.KotlinNativeTarget                       : loaded 2 times (x 125B)
Class org.jetbrains.kotlin.gradle.plugin.mpp.DefaultCompilationDetails$compilerOptions$2: loaded 2 times (x 75B)
Class org.jetbrains.kotlin.gradle.targets.js.npm.NpmDependencyExtensionKt$WhenMappings: loaded 2 times (x 67B)
Class org.jetbrains.kotlin.gradle.plugin.KotlinGradleBuildServices$Parameters         : loaded 2 times (x 66B)
Class org.objectweb.asm.ByteVector                                                    : loaded 2 times (x 74B)
Class [Lcom.google.common.cache.CacheBuilder$NullListener;                            : loaded 2 times (x 65B)
Class com.google.common.math.IntMath$1                                                : loaded 2 times (x 67B)
Class org.gradle.internal.classloader.VisitableURLClassLoader$Spec                    : loaded 2 times (x 70B)
Class org.gradle.internal.classpath.DefaultClassPath                                  : loaded 2 times (x 86B)
Class org.jetbrains.kotlin.gradle.dsl.KotlinCommonCompilerOptions                     : loaded 2 times (x 66B)
Class org.jetbrains.kotlin.gradle.utils.MutableObservableSetImpl                      : loaded 2 times (x 159B)
Class org.jetbrains.kotlin.gradle.plugin.KotlinJsCompilerTypeHolder                   : loaded 2 times (x 66B)
Class org.jetbrains.kotlin.gradle.tasks.KotlinTasksProvider                           : loaded 2 times (x 68B)
Class org.jetbrains.kotlin.gradle.dsl.DefaultToolchainSupport$wireToolchainToTasks$1  : loaded 2 times (x 75B)
Class org.objectweb.asm.Symbol                                                        : loaded 2 times (x 69B)
Class com.google.common.base.AbstractIterator                                         : loaded 2 times (x 76B)
Class build_8lsn40hhayisawjz10dd8epj$_run_closure1                                    : loaded 2 times (x 132B)
Class org.jetbrains.kotlin.statistics.metrics.BooleanOverridePolicy                   : loaded 2 times (x 81B)
Class org.jetbrains.kotlin.gradle.plugin.KotlinGradleBuildServices$Inject             : loaded 2 times (x 96B)
Class org.jetbrains.kotlin.gradle.tasks.GradleCompileTaskProvider$buildModulesInfo$1$1$invoke$$inlined$providerWithLazyConvention$1: loaded 2 times (x 74B)
Class org.jetbrains.kotlin.build.report.metrics.BuildAttributes                       : loaded 2 times (x 68B)
Class org.jetbrains.kotlin.gradle.plugin.KotlinSourceSet$DefaultImpls                 : loaded 2 times (x 67B)
Class org.jetbrains.kotlin.gradle.plugin.KotlinSourceSet$Companion                    : loaded 2 times (x 67B)
Class [Lorg.jetbrains.kotlin.gradle.report.BuildReportMode;                           : loaded 2 times (x 65B)
Class com.google.common.collect.RegularImmutableMap$Values                            : loaded 2 times (x 203B)
Class com.google.common.collect.ImmutableSet                                          : loaded 2 times (x 141B)
Class com.google.common.base.CharMatcher$BitSetMatcher                                : loaded 2 times (x 108B)
Class com.google.common.base.CharMatcher$Ascii                                        : loaded 2 times (x 108B)
Class org.gradle.internal.classloader.ClassLoaderSpec                                 : loaded 2 times (x 67B)
Class build_7vql3ahmmeo1s3skf835j0x9s                                                 : loaded 2 times (x 176B)
Class org.jetbrains.kotlin.gradle.tasks.DefaultKotlinJavaToolchain$DefaultJavaToolchainSetter: loaded 2 times (x 71B)
Class org.jetbrains.kotlin.build.report.metrics.BuildAttributeKind                    : loaded 2 times (x 75B)
Class org.jetbrains.kotlin.gradle.plugin.sources.KotlinDependencyScopeKt              : loaded 2 times (x 67B)
Class org.jetbrains.kotlin.gradle.plugin.mpp.KotlinCompilationsKt$addSourcesToKotlinCompileTask$1: loaded 2 times (x 75B)
Class org.jetbrains.kotlin.gradle.tasks.configuration.KotlinCompileConfigKt$sam$org_gradle_api_Action$0: loaded 2 times (x 71B)
Class org.jetbrains.kotlin.gradle.plugin.mpp.pm20.util.GradleKpmDependencyFilesHolderKt$newDependencyFilesHolder$1: loaded 2 times (x 75B)
Class org.jetbrains.kotlin.gradle.internal.KotlinDependenciesManagementKt$configureDefaultVersionsResolutionStrategy$1$1: loaded 2 times (x 75B)
Class org.jetbrains.kotlin.gradle.tooling.BuildKotlinToolingMetadataTaskKt$buildKotlinToolingMetadataTask$1: loaded 2 times (x 74B)
Class org.jetbrains.kotlin.gradle.internal.Kapt3GradleSubplugin$Companion             : loaded 2 times (x 67B)
Class org.jetbrains.kotlin.gradle.plugin.KotlinPluginKt                               : loaded 2 times (x 67B)
Class org.objectweb.asm.AnnotationWriter                                              : loaded 2 times (x 74B)
Class com.google.common.cache.CacheStats                                              : loaded 2 times (x 67B)
Class org.jetbrains.kotlin.gradle.utils.ParsedGradleVersionKt                         : loaded 2 times (x 67B)
Class org.jetbrains.kotlin.gradle.plugin.mpp.KotlinCompilationsKt$addSourcesToKotlinCompileTask$2: loaded 2 times (x 75B)
Class org.jetbrains.kotlin.gradle.tasks.configuration.TaskConfigAction$configureTask$1: loaded 2 times (x 75B)
Class org.jetbrains.kotlin.gradle.dsl.JvmTarget                                       : loaded 2 times (x 75B)
Class org.jetbrains.kotlin.gradle.plugin.mpp.pm20.KotlinCompilationData               : loaded 2 times (x 66B)
Class org.jetbrains.kotlin.gradle.plugin.VariantImplementationFactories$Inject        : loaded 2 times (x 92B)
Class org.objectweb.asm.RecordComponentWriter                                         : loaded 2 times (x 74B)
Class com.google.common.util.concurrent.AbstractFuture$Listener                       : loaded 2 times (x 68B)
Class com.google.common.base.CharMatcher$Or                                           : loaded 2 times (x 108B)
Class org.jetbrains.kotlin.gradle.tasks.KotlinCompile_Decorated                       : loaded 2 times (x 521B)
Class org.jetbrains.kotlin.gradle.targets.js.dsl.KotlinWasmSubTargetContainerDsl      : loaded 2 times (x 66B)
Class org.jetbrains.kotlin.gradle.plugin.mpp.AbstractKotlinTarget$buildAdhocComponentsFromKotlinVariants$1$1: loaded 2 times (x 75B)
Class org.jetbrains.kotlin.gradle.targets.js.KotlinJsCompilerAttribute                : loaded 2 times (x 78B)
Class org.jetbrains.kotlin.gradle.plugin.KotlinSourceSetContainer                     : loaded 2 times (x 66B)
Class org.objectweb.asm.Attribute                                                     : loaded 2 times (x 73B)
Class com.google.common.base.Supplier                                                 : loaded 2 times (x 66B)
Class org.gradle.internal.classloader.VisitableURLClassLoader                         : loaded 2 times (x 113B)
Class [Lorg.jetbrains.kotlin.gradle.plugin.sources.KotlinDependencyScope;             : loaded 2 times (x 65B)
Class org.jetbrains.kotlin.gradle.dsl.DefaultToolchainSupport$wireToolchainToTasks$1$1: loaded 2 times (x 75B)
Class org.jetbrains.kotlin.gradle.plugin.DefaultKotlinBasePlugin                      : loaded 2 times (x 78B)
Class com.google.common.util.concurrent.AbstractFuture$Waiter                         : loaded 2 times (x 68B)
Class Settings_gradle                                                                 : loaded 2 times (x 124B)
Class org.gradle.internal.Cast                                                        : loaded 2 times (x 67B)
Class org.gradle.api.Action                                                           : loaded 2 times (x 66B)
Class org.jetbrains.kotlin.gradle.dsl.KotlinTargetContainerWithWasmPresetFunctions    : loaded 2 times (x 66B)
Class com.google.common.collect.Sets                                                  : loaded 2 times (x 67B)
Class org.objectweb.asm.Handler                                                       : loaded 2 times (x 68B)
Class com.google.common.base.Strings                                                  : loaded 2 times (x 67B)
Class com.google.common.base.Ticker                                                   : loaded 2 times (x 68B)
Class com.google.common.base.CharMatcher$FastMatcher                                  : loaded 2 times (x 107B)
Class org.gradle.internal.agents.InstrumentingClassLoader                             : loaded 2 times (x 66B)
Class org.jetbrains.kotlin.gradle.tasks.KotlinCompile$javaSources$1                   : loaded 2 times (x 121B)
Class org.jetbrains.kotlin.build.report.metrics.BuildPerformanceMetric$Companion$children$2: loaded 2 times (x 74B)
Class org.jetbrains.kotlin.gradle.utils.FileUtilsKt                                   : loaded 2 times (x 67B)
Class org.jetbrains.kotlin.gradle.plugin.KotlinTarget$DefaultImpls                    : loaded 2 times (x 67B)
Class org.jetbrains.kotlin.gradle.dsl.DefaultToolchainSupport$sam$org_gradle_api_Action$0: loaded 2 times (x 71B)
Class [Lcom.google.common.cache.LocalCache$Segment;                                   : loaded 2 times (x 65B)
Class [Lcom.google.common.cache.LocalCache$Strength;                                  : loaded 2 times (x 65B)
Class com.google.common.cache.CacheBuilder$1                                          : loaded 2 times (x 81B)
Class com.google.common.collect.ImmutableMap                                          : loaded 2 times (x 116B)
Class com.google.common.base.Predicate                                                : loaded 2 times (x 66B)
Class org.gradle.internal.classpath.DefaultClassPath$ImmutableUniqueList$Builder      : loaded 2 times (x 71B)
Class org.jetbrains.kotlin.gradle.plugin.mpp.KotlinCompilationFactory$DefaultImpls    : loaded 2 times (x 67B)
Class org.jetbrains.kotlin.gradle.dsl.KotlinCommonCompilerToolOptions                 : loaded 2 times (x 66B)
Class org.jetbrains.kotlin.gradle.targets.metadata.KotlinMetadataTargetConfiguratorKt : loaded 2 times (x 67B)
Class org.jetbrains.kotlin.gradle.testing.internal.KotlinTestsRegistry$Companion      : loaded 2 times (x 67B)
Class com.google.common.cache.LocalCache                                              : loaded 2 times (x 183B)
Class com.google.common.cache.CacheBuilder$2                                          : loaded 2 times (x 75B)
Class com.google.common.base.CharMatcher$NegatedFastMatcher                           : loaded 2 times (x 109B)
Class build_85lhkj7kd2wguj3loombnqtf9$_run_closure1$_closure4                         : loaded 2 times (x 132B)
Class org.jetbrains.kotlin.gradle.tasks.AbstractKotlinCompile$kotlinLogger$2          : loaded 2 times (x 75B)
Class org.jetbrains.kotlin.build.report.metrics.BuildPerformanceMetrics$Companion     : loaded 2 times (x 67B)
Class org.jetbrains.kotlin.gradle.internal.CompilerPluginUtilsKt                      : loaded 2 times (x 67B)
Class org.jetbrains.kotlin.gradle.plugin.mpp.CompilationDetailsWithRuntime            : loaded 2 times (x 66B)
Class org.jetbrains.kotlin.gradle.internal.KotlinTestDependencyManagementKt           : loaded 2 times (x 67B)
Class org.jetbrains.kotlin.cli.common.arguments.K2JVMCompilerArguments                : loaded 2 times (x 73B)
Class [Lorg.jetbrains.kotlin.gradle.plugin.sources.ConsistencyCheck;                  : loaded 2 times (x 65B)
Class org.jetbrains.kotlin.gradle.report.BuildReportsService                          : loaded 2 times (x 80B)
Class org.jetbrains.kotlin.gradle.report.ReportingSettings                            : loaded 2 times (x 68B)
Class org.jetbrains.kotlin.gradle.plugin.internal.BasePluginConfiguration$BasePluginConfigurationVariantFactory: loaded 2 times (x 66B)
Class org.jetbrains.kotlin.gradle.plugin.KotlinBasePluginWrapper                      : loaded 2 times (x 83B)
Class com.google.common.cache.CacheBuilder$3                                          : loaded 2 times (x 68B)
Class [Lcom.google.common.collect.AbstractMapEntry;                                   : loaded 2 times (x 65B)
Class com.google.common.collect.ImmutableEntry                                        : loaded 2 times (x 78B)
Class com.google.common.collect.ArrayListMultimap                                     : loaded 2 times (x 168B)
Class com.google.common.base.AbstractIterator$1                                       : loaded 2 times (x 67B)
Class com.google.common.base.CharMatcher$Digit                                        : loaded 2 times (x 108B)
Class org.gradle.api.GradleException                                                  : loaded 2 times (x 78B)
Class build_85lhkj7kd2wguj3loombnqtf9$_run_closure1$_closure5                         : loaded 2 times (x 132B)
Class org.jetbrains.kotlin.gradle.plugin.AbstractKotlinTargetConfigurator$Companion   : loaded 2 times (x 67B)
Class org.jetbrains.kotlin.gradle.dsl.KotlinJvmCompilerOptions                        : loaded 2 times (x 66B)
Class org.jetbrains.kotlin.gradle.plugin.ProjectLocalConfigurations$ProjectLocalCompatibility: loaded 2 times (x 72B)
Class org.jetbrains.kotlin.gradle.plugin.KotlinGradleBuildServices$sam$org_gradle_api_Action$0: loaded 2 times (x 71B)
Class org.jetbrains.kotlin.statistics.metrics.StringAnonymizationPolicy$COMPONENT_VERSION: loaded 2 times (x 81B)
Class com.google.common.collect.CollectPreconditions                                  : loaded 2 times (x 67B)
Class com.google.common.base.CharMatcher$JavaIsoControl                               : loaded 2 times (x 108B)
Class build_6mmml0tal73wx9mjpb4cyi5k2                                                 : loaded 2 times (x 177B)
Class org.jetbrains.kotlin.build.report.metrics.SizeMetricType                        : loaded 2 times (x 75B)
Class org.jetbrains.kotlin.gradle.targets.native.internal.CInteropConfigurationsKt$sam$org_gradle_api_Action$0: loaded 2 times (x 71B)
Class org.jetbrains.kotlin.gradle.targets.native.internal.CInteropKlibLibraryElements$setupAttributesMatchingStrategy$1: loaded 2 times (x 74B)
Class org.jetbrains.kotlin.gradle.plugin.statistics.KotlinBuildStatHandler$Companion  : loaded 2 times (x 67B)
Class com.google.common.collect.SortedMapDifference                                   : loaded 2 times (x 66B)
Class com.google.common.base.CharMatcher$JavaLowerCase                                : loaded 2 times (x 107B)
Class org.jetbrains.kotlin.gradle.tasks.DefaultKotlinJavaToolchain$DefaultJdkSetter   : loaded 2 times (x 72B)
Class org.jetbrains.kotlin.gradle.tasks.TasksKt$sam$org_gradle_api_Action$0           : loaded 2 times (x 71B)
Class org.jetbrains.kotlin.gradle.plugin.mpp.KotlinMultiplatformPluginKt$sourcesJarTaskNamed$2: loaded 2 times (x 75B)
Class org.jetbrains.kotlin.gradle.plugin.mpp.KotlinTargetsKt                          : loaded 2 times (x 67B)
Class org.jetbrains.kotlin.gradle.plugin.mpp.KotlinOnlyTarget                         : loaded 2 times (x 123B)
Class org.jetbrains.kotlin.gradle.targets.js.npm.BaseNpmDependencyExtension           : loaded 2 times (x 66B)
Class org.jetbrains.kotlin.cli.common.arguments.CommonCompilerArguments               : loaded 2 times (x 73B)
Class org.jetbrains.kotlin.gradle.dsl.DefaultToolchainSupport                         : loaded 2 times (x 72B)
Class com.google.common.cache.LocalCache$EntryFactory                                 : loaded 2 times (x 79B)
Class build_85lhkj7kd2wguj3loombnqtf9$_run_closure1                                   : loaded 2 times (x 132B)
Class org.jetbrains.kotlin.gradle.tasks.TaskOutputsBackup                             : loaded 2 times (x 68B)
Class org.jetbrains.kotlin.gradle.utils.ParsedGradleVersion                           : loaded 2 times (x 70B)
Class org.jetbrains.kotlin.gradle.internal.StdlibDependencyManagementKt$configureStdlibVersionAlignment$1$1: loaded 2 times (x 75B)
Class org.jetbrains.kotlin.gradle.tasks.TasksProviderKt$sam$org_gradle_api_Action$0   : loaded 2 times (x 71B)
Class org.jetbrains.kotlin.gradle.tooling.BuildKotlinToolingMetadataTask$FromKotlinExtension: loaded 2 times (x 310B)
Class com.google.common.cache.LocalCache$AbstractReferenceEntry                       : loaded 2 times (x 103B)
Class com.google.common.base.Splitter$1$1                                             : loaded 2 times (x 82B)
Class com.google.common.base.CharMatcher$Whitespace                                   : loaded 2 times (x 108B)
Class org.gradle.internal.IoActions                                                   : loaded 2 times (x 67B)
Class org.jetbrains.kotlin.statistics.metrics.BooleanOverridePolicy$OR                : loaded 2 times (x 81B)
Class org.jetbrains.kotlin.gradle.tasks.KotlinCompile$compilerArgumentsContributor$2  : loaded 2 times (x 75B)
Class org.jetbrains.kotlin.gradle.dsl.KotlinJvmCompile                                : loaded 2 times (x 66B)
Class org.jetbrains.kotlin.gradle.internal.Kapt3GradleSubplugin                       : loaded 2 times (x 79B)
Class org.objectweb.asm.SymbolTable                                                   : loaded 2 times (x 68B)
Class com.google.common.cache.CacheLoader$InvalidCacheLoadException                   : loaded 2 times (x 78B)
Class com.google.common.collect.ImmutableSet$RegularSetBuilderImpl                    : loaded 2 times (x 73B)
Class com.google.common.base.CharMatcher$SingleWidth                                  : loaded 2 times (x 108B)
Class org.gradle.internal.classloader.SystemClassLoaderSpec                           : loaded 2 times (x 67B)
Class [Lorg.jetbrains.kotlin.statistics.metrics.BooleanOverridePolicy;                : loaded 2 times (x 65B)
Class org.jetbrains.kotlin.gradle.plugin.PropertiesProvider$JvmTargetValidationMode   : loaded 2 times (x 75B)
Class org.jetbrains.kotlin.gradle.tasks.configuration.BaseKotlinCompileConfig$1$1     : loaded 2 times (x 75B)
Class org.jetbrains.kotlin.gradle.plugin.mpp.AbstractKotlinTarget$kotlinComponents$2  : loaded 2 times (x 75B)
Class org.jetbrains.kotlin.gradle.plugin.KotlinPlatformType$CompatibilityRule         : loaded 2 times (x 72B)
Class com.google.common.cache.LocalCache$StrongEntry                                  : loaded 2 times (x 104B)
Class com.google.common.util.concurrent.AbstractFuture$TrustedFuture                  : loaded 2 times (x 110B)
Class com.google.common.cache.LoadingCache                                            : loaded 2 times (x 66B)
Class org.jetbrains.kotlin.gradle.tasks.GradleCompileTaskProvider                     : loaded 2 times (x 68B)
Class org.jetbrains.kotlin.gradle.plugin.mpp.DefaultCompilationDetailsWithRuntime     : loaded 2 times (x 131B)
Class org.jetbrains.kotlin.gradle.dsl.KotlinVersion                                   : loaded 2 times (x 75B)
Class org.jetbrains.kotlin.gradle.dsl.KotlinProjectExtension$kpmModelContainer$2      : loaded 2 times (x 75B)
Class org.objectweb.asm.MethodWriter                                                  : loaded 2 times (x 101B)
Class [Lcom.google.common.cache.Weigher;                                              : loaded 2 times (x 65B)
Class com.google.common.collect.RegularImmutableMap$BucketOverflowException           : loaded 2 times (x 78B)
Class org.jetbrains.kotlin.gradle.plugin.sources.KotlinDependencyScope$Companion      : loaded 2 times (x 67B)
Class org.jetbrains.kotlin.cli.common.CompilerSystemProperties$Companion              : loaded 2 times (x 67B)
Class org.jetbrains.kotlin.gradle.tasks.KotlinJvmCompile                              : loaded 2 times (x 66B)
Class org.jetbrains.kotlin.gradle.plugin.mpp.pm20.GradleKpmProjectModelContainer      : loaded 2 times (x 66B)
Class org.jetbrains.kotlin.gradle.report.BuildReportMode                              : loaded 2 times (x 75B)
Class org.jetbrains.kotlin.statistics.ValueAnonymizer                                 : loaded 2 times (x 66B)
Class org.jetbrains.kotlin.gradle.plugin.statistics.KotlinBuildStatsService           : loaded 2 times (x 87B)
Class org.jetbrains.kotlin.gradle.tasks.DefaultKotlinJavaToolchain$javaExecutable$1   : loaded 2 times (x 75B)
Class org.jetbrains.kotlin.build.report.metrics.BuildAttribute                        : loaded 2 times (x 75B)
Class [Lorg.jetbrains.kotlin.gradle.targets.js.npm.NpmDependency$Scope;               : loaded 2 times (x 65B)
Class org.jetbrains.kotlin.gradle.plugin.KotlinCompilerPluginSupportPlugin            : loaded 2 times (x 66B)
Class org.jetbrains.kotlin.gradle.plugin.mpp.AbstractKotlinTarget$components$2        : loaded 2 times (x 75B)
Class org.jetbrains.kotlin.gradle.utils.AndroidPluginIdsKt                            : loaded 2 times (x 67B)
Class org.jetbrains.kotlin.gradle.plugin.mpp.KotlinUsages$setupAttributesMatchingStrategy$1: loaded 2 times (x 74B)
Class org.jetbrains.kotlin.gradle.plugin.ExperimentalKotlinGradlePluginApi            : loaded 2 times (x 66B)
Class org.jetbrains.kotlin.gradle.plugin.KotlinBasePlugin                             : loaded 2 times (x 66B)
Class com.google.common.cache.LocalCache$ValueReference                               : loaded 2 times (x 66B)
Class com.google.common.base.CharMatcher$Negated                                      : loaded 2 times (x 109B)
Class com.google.common.base.CharMatcher$Is                                           : loaded 2 times (x 107B)
Class org.jetbrains.kotlin.gradle.tasks.internal.KotlinJvmOptionsCompat               : loaded 2 times (x 99B)
Class org.jetbrains.kotlin.gradle.plugin.mpp.AbstractCompilationDetails$allKotlinSourceSetsImpl$1$1: loaded 2 times (x 121B)
Class org.jetbrains.kotlin.cli.common.arguments.CommonToolArguments                   : loaded 2 times (x 68B)
Class org.jetbrains.kotlin.gradle.plugin.statistics.KotlinBuildStatHandler            : loaded 2 times (x 67B)
Class org.jetbrains.kotlin.gradle.logging.GradleLoggingUtilsKt                        : loaded 2 times (x 67B)
Class com.google.common.util.concurrent.AbstractFuture$Failure                        : loaded 2 times (x 68B)
Class com.google.common.base.PatternCompiler                                          : loaded 2 times (x 66B)
Class com.google.common.base.Equivalence$Equals                                       : loaded 2 times (x 78B)
Class com.google.common.collect.Hashing                                               : loaded 2 times (x 67B)
Class com.google.common.base.Preconditions                                            : loaded 2 times (x 67B)
Class org.jetbrains.kotlin.compilerRunner.GradleCompilerRunner$Companion              : loaded 2 times (x 67B)
Class org.jetbrains.kotlin.gradle.plugin.mpp.KotlinMultiplatformPluginKt$sam$org_gradle_api_Action$0: loaded 2 times (x 71B)
Class org.jetbrains.kotlin.gradle.dsl.KotlinTargetContainerWithNativeShortcuts        : loaded 2 times (x 66B)
Class com.google.common.base.Joiner$1                                                 : loaded 2 times (x 76B)
Class org.objectweb.asm.Label                                                         : loaded 2 times (x 69B)
Class org.objectweb.asm.CurrentFrame                                                  : loaded 2 times (x 69B)
Class org.objectweb.asm.ClassTooLargeException                                        : loaded 2 times (x 79B)
Class com.google.common.collect.PeekingIterator                                       : loaded 2 times (x 66B)
Class com.google.common.base.CharMatcher                                              : loaded 2 times (x 107B)
Class org.jetbrains.kotlin.compilerRunner.CompilerSystemPropertiesService$Companion   : loaded 2 times (x 67B)
Class org.jetbrains.kotlin.build.report.metrics.BuildAttributes$Companion             : loaded 2 times (x 67B)
Class org.jetbrains.kotlin.gradle.tasks.KotlinCompilationTask                         : loaded 2 times (x 66B)
Class org.jetbrains.kotlin.gradle.internal.KotlinDependenciesManagementKt             : loaded 2 times (x 67B)
Class com.google.common.base.Joiner$2                                                 : loaded 2 times (x 75B)
Class org.objectweb.asm.Frame                                                         : loaded 2 times (x 69B)
Class org.objectweb.asm.MethodVisitor                                                 : loaded 2 times (x 100B)
Class com.google.common.cache.LocalCache$EntryFactory$1                               : loaded 2 times (x 79B)
Class [Lcom.google.common.cache.RemovalListener;                                      : loaded 2 times (x 65B)
Class com.google.common.base.CharMatcher$1                                            : loaded 2 times (x 109B)
Class com.google.common.base.CharMatcher$NamedFastMatcher                             : loaded 2 times (x 108B)
Class [Lorg.jetbrains.kotlin.gradle.plugin.sources.android.AndroidVariantType;        : loaded 2 times (x 65B)
Class org.jetbrains.kotlin.gradle.plugin.sources.android.AndroidVariantType           : loaded 2 times (x 75B)
Class org.jetbrains.kotlin.gradle.plugin.mpp.KotlinVariant                            : loaded 2 times (x 100B)
Class org.jetbrains.kotlin.gradle.plugin.VariantImplementationFactories               : loaded 2 times (x 72B)
Class com.google.common.cache.LocalCache$EntryFactory$2                               : loaded 2 times (x 79B)
Class org.jetbrains.kotlin.gradle.internal.StdlibDependencyManagementKt$WhenMappings  : loaded 2 times (x 67B)
Class org.jetbrains.kotlin.gradle.plugin.RunOnceAfterEvaluatedKt                      : loaded 2 times (x 67B)
Class org.jetbrains.kotlin.gradle.internal.CompilerArgumentAware                      : loaded 2 times (x 66B)
Class org.objectweb.asm.ModuleWriter                                                  : loaded 2 times (x 77B)
Class com.google.common.cache.LocalCache$EntryFactory$3                               : loaded 2 times (x 79B)
Class com.google.common.base.Ticker$1                                                 : loaded 2 times (x 68B)
Class com.google.common.collect.ImmutableMapEntrySet$RegularEntrySet                  : loaded 2 times (x 147B)
Class com.google.common.collect.Maps$BiMapConverter                                   : loaded 2 times (x 86B)
Class org.jetbrains.kotlin.compilerRunner.GradleCompilerRunner                        : loaded 2 times (x 69B)
Class org.jetbrains.kotlin.cli.common.PropertiesKt                                    : loaded 2 times (x 67B)
Class org.jetbrains.kotlin.gradle.utils.ProviderApiUtilsKt                            : loaded 2 times (x 67B)
Class org.jetbrains.kotlin.gradle.plugin.sources.FragmentConsistencyChecks            : loaded 2 times (x 68B)
Class org.jetbrains.kotlin.gradle.targets.native.internal.CInteropLibraryElementsCompatibilityRule: loaded 2 times (x 72B)
Class org.jetbrains.kotlin.gradle.internal.tasks.TaskWithLocalState                   : loaded 2 times (x 66B)
Class org.jetbrains.kotlin.statistics.metrics.BooleanMetrics                          : loaded 2 times (x 76B)
Class com.google.common.cache.LocalCache$EntryFactory$4                               : loaded 2 times (x 79B)
Class com.google.common.collect.ImmutableSet$Builder                                  : loaded 2 times (x 81B)
Class com.google.common.base.CharMatcher$InRange                                      : loaded 2 times (x 107B)
Class org.jetbrains.kotlin.gradle.plugin.sources.KotlinDependencyScopeKt$WhenMappings : loaded 2 times (x 67B)
Class org.jetbrains.kotlin.gradle.dsl.KotlinTopLevelExtension$jvmToolchain$1          : loaded 2 times (x 70B)
Class org.jetbrains.kotlin.gradle.plugin.sources.FragmentConsistencyChecks$languageVersionCheck$1: loaded 2 times (x 75B)
Class [Lorg.jetbrains.kotlin.gradle.plugin.KotlinPlatformType;                        : loaded 2 times (x 65B)
Class com.google.common.cache.LocalCache$EntryFactory$5                               : loaded 2 times (x 79B)
Class org.jetbrains.kotlin.gradle.tasks.configuration.BaseKotlinCompileConfig$1       : loaded 2 times (x 75B)
Class org.jetbrains.kotlin.gradle.plugin.KotlinMultiplatformPluginKt                  : loaded 2 times (x 67B)
Class org.jetbrains.kotlin.gradle.plugin.sources.DefaultLanguageSettingsBuilder       : loaded 2 times (x 86B)
Class org.jetbrains.kotlin.gradle.plugin.sources.FragmentConsistencyChecks$languageVersionCheck$2: loaded 2 times (x 74B)
Class org.jetbrains.kotlin.gradle.dsl.KotlinTargetContainerWithPresetFunctions        : loaded 2 times (x 66B)
Class org.jetbrains.kotlin.gradle.utils.GradleConfigurationUtilsKt                    : loaded 2 times (x 67B)
Class com.google.common.cache.LocalCache$EntryFactory$6                               : loaded 2 times (x 79B)
Class Build_gradle                                                                    : loaded 2 times (x 126B)
Class org.gradle.internal.installation.CurrentGradleInstallationLocator               : loaded 2 times (x 67B)
Class org.jetbrains.kotlin.gradle.plugin.mpp.pm20.util.UtilsKt                        : loaded 2 times (x 67B)
Class org.jetbrains.kotlin.gradle.tasks.DefaultKotlinJavaToolchain$getToolsJarFromJvm$1: loaded 2 times (x 75B)
Class org.jetbrains.kotlin.gradle.plugin.mpp.KotlinMultiplatformPluginKt$applyUserDefinedAttributesWithLegacyModel$1$2: loaded 2 times (x 75B)
Class org.jetbrains.kotlin.gradle.tasks.configuration.BaseKotlinCompileConfig$2       : loaded 2 times (x 75B)
Class org.jetbrains.kotlin.gradle.plugin.mpp.pm20.util.SimpleDependencyFilesHolder    : loaded 2 times (x 73B)
Class com.google.common.collect.Maps$KeySet                                           : loaded 2 times (x 133B)
Class org.jetbrains.kotlin.gradle.plugin.mpp.InternalKotlinCompilation                : loaded 2 times (x 66B)
Class org.jetbrains.kotlin.gradle.plugin.KotlinPluginWrapperKt                        : loaded 2 times (x 67B)
Class com.google.common.cache.LocalCache$EntryFactory$7                               : loaded 2 times (x 79B)
Class com.google.common.collect.ImmutableSet$EmptySetBuilderImpl                      : loaded 2 times (x 72B)
Class com.google.common.collect.ImmutableList                                         : loaded 2 times (x 202B)
Class org.gradle.internal.service.DefaultServiceLocator                               : loaded 2 times (x 79B)
Class build_a06r6by70uinvg193v15vht61$_run_closure1                                   : loaded 2 times (x 132B)
Class org.jetbrains.kotlin.gradle.tasks.configuration.BaseKotlinCompileConfig$1$1$1   : loaded 2 times (x 71B)
Class org.jetbrains.kotlin.gradle.tasks.KotlinCompile$scriptExtensions$1              : loaded 2 times (x 75B)
Class org.jetbrains.kotlin.compilerRunner.CompilerSystemPropertiesService$Companion$registerIfAbsent$1: loaded 2 times (x 75B)
Class org.jetbrains.kotlin.incremental.ChangedFiles                                   : loaded 2 times (x 67B)
Class org.jetbrains.kotlin.gradle.plugin.mpp.internal.KotlinCompilationsModuleGroups$Companion: loaded 2 times (x 67B)
Class org.jetbrains.kotlin.gradle.plugin.mpp.KotlinUsages$sam$org_gradle_api_Action$0 : loaded 2 times (x 71B)
Class org.jetbrains.kotlin.gradle.testing.internal.KotlinTestsRegistry                : loaded 2 times (x 68B)
Class com.google.common.cache.LocalCache$EntryFactory$8                               : loaded 2 times (x 79B)
Class com.google.common.collect.ImmutableSet$SetBuilderImpl                           : loaded 2 times (x 72B)
Class org.gradle.internal.installation.CurrentGradleInstallation                      : loaded 2 times (x 69B)
Class org.jetbrains.kotlin.gradle.tasks.AbstractKotlinCompile$abstractKotlinCompileArgumentsContributor$2: loaded 2 times (x 75B)
Class org.jetbrains.kotlin.gradle.tasks.KotlinCompilerExecutionStrategy               : loaded 2 times (x 75B)
Class [Lorg.jetbrains.kotlin.gradle.plugin.mpp.pm20.KotlinCompilationData;            : loaded 2 times (x 65B)
Class org.jetbrains.kotlin.gradle.plugin.sources.DefaultKotlinSourceSet$special$$inlined$Iterable$1: loaded 2 times (x 75B)
Class org.jetbrains.kotlin.gradle.plugin.KotlinCompilation                            : loaded 2 times (x 66B)
Class org.jetbrains.kotlin.gradle.plugin.KotlinTargetConfiguratorKt                   : loaded 2 times (x 67B)
Class com.google.common.cache.CacheLoader$1                                           : loaded 2 times (x 71B)
Class com.google.common.collect.ImmutableList$SubList                                 : loaded 2 times (x 204B)
Class org.gradle.util.internal.GUtil                                                  : loaded 2 times (x 67B)
Class org.jetbrains.kotlin.gradle.plugin.mpp.KotlinCompilationFactory                 : loaded 2 times (x 66B)
Class org.jetbrains.kotlin.gradle.plugin.mpp.AbstractKotlinCompilation                : loaded 2 times (x 170B)
Class com.google.common.util.concurrent.AbstractFuture$SetFuture                      : loaded 2 times (x 71B)
Class com.google.common.cache.AbstractCache$StatsCounter                              : loaded 2 times (x 66B)
Class org.jetbrains.kotlin.gradle.targets.js.dsl.KotlinJsSubTargetContainerDsl        : loaded 2 times (x 66B)
Class org.jetbrains.kotlin.gradle.plugin.KotlinGradleBuildServices$Companion$registerIfAbsent$1: loaded 2 times (x 75B)
Class com.google.common.collect.Iterators$MergingIterator                             : loaded 2 times (x 77B)
Class com.google.common.collect.RegularImmutableSet                                   : loaded 2 times (x 144B)
Class org.gradle.internal.installation.GradleInstallation                             : loaded 2 times (x 71B)
Class org.jetbrains.kotlin.gradle.tasks.KotlinJavaToolchain                           : loaded 2 times (x 66B)
Class com.google.common.collect.ElementTypesAreNonnullByDefault                       : loaded 2 times (x 66B)
Class org.jetbrains.kotlin.compilerRunner.GradleCliCommonizerKt$sam$org_gradle_api_Action$0: loaded 2 times (x 71B)
Class com.google.common.collect.Iterables                                             : loaded 2 times (x 67B)
Class com.google.common.base.Splitter$Strategy                                        : loaded 2 times (x 66B)
Class org.jetbrains.kotlin.gradle.tasks.GradleCompileTaskProvider$buildModulesInfo$1$1: loaded 2 times (x 75B)
Class org.jetbrains.kotlin.gradle.utils.ParsedGradleVersion$Companion                 : loaded 2 times (x 67B)
Class org.jetbrains.kotlin.gradle.plugin.KotlinCompilation$Companion                  : loaded 2 times (x 67B)
Class org.jetbrains.kotlin.gradle.plugin.mpp.KotlinMultiplatformPluginKt$applyUserDefinedAttributesWithLegacyModel$1: loaded 2 times (x 75B)
Class org.jetbrains.kotlin.gradle.dsl.ToolchainSupport$Companion                      : loaded 2 times (x 67B)
Class org.jetbrains.kotlin.gradle.plugin.KotlinSourceSet                              : loaded 2 times (x 66B)

---------------  S Y S T E M  ---------------

OS:
 Windows 11 , 64 bit Build 26100 (10.0.26100.8246)
OS uptime: 2 days 2:10 hours
Hyper-V role detected

CPU: total 12 (initial active 12) (12 cores per cpu, 2 threads per core) family 25 model 80 stepping 0 microcode 0xa50000f, cx8, cmov, fxsr, ht, mmx, 3dnowpref, sse, sse2, sse3, ssse3, sse4a, sse4.1, sse4.2, popcnt, lzcnt, tsc, tscinvbit, avx, avx2, aes, erms, clmul, bmi1, bmi2, adx, sha, fma, vzeroupper, clflush, clflushopt, hv, rdtscp, rdpid, fsrm, f16c, cet_ss
Processor Information for processor 0
  Max Mhz: 2301, Current Mhz: 1904, Mhz Limit: 2301
Processor Information for processor 1
  Max Mhz: 2301, Current Mhz: 1904, Mhz Limit: 2301
Processor Information for processor 2
  Max Mhz: 2301, Current Mhz: 1904, Mhz Limit: 2301
Processor Information for processor 3
  Max Mhz: 2301, Current Mhz: 1904, Mhz Limit: 2301
Processor Information for processor 4
  Max Mhz: 2301, Current Mhz: 1904, Mhz Limit: 2301
Processor Information for processor 5
  Max Mhz: 2301, Current Mhz: 1904, Mhz Limit: 2301
Processor Information for processor 6
  Max Mhz: 2301, Current Mhz: 1904, Mhz Limit: 2301
Processor Information for processor 7
  Max Mhz: 2301, Current Mhz: 1798, Mhz Limit: 2301
Processor Information for processor 8
  Max Mhz: 2301, Current Mhz: 1904, Mhz Limit: 2301
Processor Information for processor 9
  Max Mhz: 2301, Current Mhz: 1904, Mhz Limit: 2301
Processor Information for processor 10
  Max Mhz: 2301, Current Mhz: 1904, Mhz Limit: 2301
Processor Information for processor 11
  Max Mhz: 2301, Current Mhz: 1798, Mhz Limit: 2301

Memory: 4k page, system-wide physical 7520M (543M free)
TotalPageFile size 31072M (AvailPageFile size 62M)
current process WorkingSet (physical memory assigned to process): 539M, peak: 548M
current process commit charge ("private bytes"): 700M, peak: 710M

vm_info: OpenJDK 64-Bit Server VM (21.0.5+-12932927-b750.29) for windows-amd64 JRE (21.0.5+-12932927-b750.29), built on 2025-01-17T02:01:10Z by "builder" with MS VC++ 16.10 / 16.11 (VS2019)

END.
