#
# There is insufficient memory for the Java Runtime Environment to continue.
# Native memory allocation (malloc) failed to allocate 1051696 bytes. Error detail: Chunk::new
# Possible reasons:
#   The system is out of physical RAM or swap space
#   This process is running with CompressedOops enabled, and the Java Heap may be blocking the growth of the native heap
# Possible solutions:
#   Reduce memory load on the system
#   Increase physical memory or swap space
#   Check if swap backing store is full
#   Decrease Java heap size (-Xmx/-Xms)
#   Decrease number of Java threads
#   Decrease Java thread stack sizes (-Xss)
#   Set larger code cache with -XX:ReservedCodeCacheSize=
#   JVM is running with Unscaled Compressed Oops mode in which the Java heap is
#     placed in the first 4GB address space. The Java Heap base address is the
#     maximum limit for the native heap growth. Please use -XX:HeapBaseMinAddress
#     to set the Java Heap base and to place the Java Heap above 4GB virtual address.
# This output file may be truncated or incomplete.
#
#  Out of Memory Error (arena.cpp:191), pid=7832, tid=31772
#
# JRE version: OpenJDK Runtime Environment Temurin-17.0.11+9 (17.0.11+9) (build 17.0.11+9)
# Java VM: OpenJDK 64-Bit Server VM Temurin-17.0.11+9 (17.0.11+9, mixed mode, sharing, tiered, compressed oops, compressed class ptrs, g1 gc, windows-amd64)
# No core dump will be written. Minidumps are not enabled by default on client versions of Windows
#

---------------  S U M M A R Y ------------

Command Line: -XX:MaxMetaspaceSize=512m --add-opens=java.base/java.util=ALL-UNNAMED --add-opens=java.base/java.lang=ALL-UNNAMED --add-opens=java.base/java.lang.invoke=ALL-UNNAMED --add-opens=java.prefs/java.util.prefs=ALL-UNNAMED --add-opens=java.base/java.nio.charset=ALL-UNNAMED --add-opens=java.base/java.net=ALL-UNNAMED --add-opens=java.base/java.util.concurrent.atomic=ALL-UNNAMED -Xmx1024m -Dfile.encoding=windows-1252 -Duser.country=IN -Duser.language=en -Duser.variant -javaagent:C:\gradle-cache\wrapper\dists\gradle-8.3-all\6en3ugtfdg5xnpx44z4qbwgas\gradle-8.3\lib\agents\gradle-instrumentation-agent-8.3.jar org.gradle.launcher.daemon.bootstrap.GradleDaemon 8.3

Host: AMD Ryzen 5 5625U with Radeon Graphics         , 12 cores, 7G,  Windows 11 , 64 bit Build 26100 (10.0.26100.8246)
Time: Sun Apr 26 15:29:15 2026 India Standard Time elapsed time: 2833.221011 seconds (0d 0h 47m 13s)

---------------  T H R E A D  ---------------

Current thread (0x0000017f7dd9e4c0):  JavaThread "C2 CompilerThread0" daemon [_thread_in_native, id=31772, stack(0x0000003c06500000,0x0000003c06600000)]


Current CompileTask:
C2:2833233 69877       4       org.gradle.internal.resources.DefaultResourceLockCoordinationService$DefaultResourceLockState::registerUnlocked (53 bytes)

Stack: [0x0000003c06500000,0x0000003c06600000]
Native frames: (J=compiled Java code, j=interpreted, Vv=VM code, C=native code)
V  [jvm.dll+0x67d429]
V  [jvm.dll+0x834b7a]
V  [jvm.dll+0x83663e]
V  [jvm.dll+0x836ca3]
V  [jvm.dll+0x247dbf]
V  [jvm.dll+0xac534]
V  [jvm.dll+0xacb7c]
V  [jvm.dll+0x3665f2]
V  [jvm.dll+0x330bba]
V  [jvm.dll+0x33005a]
V  [jvm.dll+0x21a471]
V  [jvm.dll+0x2198b1]
V  [jvm.dll+0x1a534d]
V  [jvm.dll+0x2295cd]
V  [jvm.dll+0x22779c]
V  [jvm.dll+0x7e9d07]
V  [jvm.dll+0x7e410a]
V  [jvm.dll+0x67c315]
C  [ucrtbase.dll+0x37b0]
C  [KERNEL32.DLL+0x2e8d7]
C  [ntdll.dll+0x8c3fc]


---------------  P R O C E S S  ---------------

Threads class SMR info:
_java_thread_list=0x0000017f55810e40, length=230, elements={
0x0000017f78540990, 0x0000017f7dd6b280, 0x0000017f7dd6ba50, 0x0000017f7dd89000,
0x0000017f7dd896e0, 0x0000017f7dd8dcd0, 0x0000017f7dd922b0, 0x0000017f7dd9e4c0,
0x0000017f7dda1a00, 0x0000017f7dda1f20, 0x0000017f7dd586a0, 0x0000017f16d3af10,
0x0000017f38019f00, 0x0000017f16f81660, 0x0000017f36e9eaf0, 0x0000017f37de53a0,
0x0000017f37de1bf0, 0x0000017f37de2610, 0x0000017f37de2100, 0x0000017f37de4980,
0x0000017f3a2a2440, 0x0000017f3a2a1a20, 0x0000017f3a2a2950, 0x0000017f3a2a3370,
0x0000017f3a2a47b0, 0x0000017f3a2a1000, 0x0000017f3a2a7a50, 0x0000017f3b08dc60,
0x0000017f3b08a4b0, 0x0000017f3b08aed0, 0x0000017f3b08fac0, 0x0000017f3b08f0a0,
0x0000017f3b08eb90, 0x0000017f3b08ffd0, 0x0000017f3b0904e0, 0x0000017f3b259d30,
0x0000017f4a1be880, 0x0000017f4c2678b0, 0x0000017f4c2687e0, 0x0000017f4c26ba80,
0x0000017f4c26bf90, 0x0000017f59047740, 0x0000017f4a1b8340, 0x0000017f5a451bf0,
0x0000017f52edc060, 0x0000017f532e05f0, 0x0000017f49c4d9b0, 0x0000017f52edc570,
0x0000017f52edca80, 0x0000017f52edcf90, 0x0000017f59048670, 0x0000017f59048b80,
0x0000017f59049090, 0x0000017f590495a0, 0x0000017f59047230, 0x0000017f59049ab0,
0x0000017f59048160, 0x0000017f59046d20, 0x0000017f5904a4d0, 0x0000017f5a4507b0,
0x0000017f5a452100, 0x0000017f5a452610, 0x0000017f5a4502a0, 0x0000017f5a44fd90,
0x0000017f5a450cc0, 0x0000017f5a452b20, 0x0000017f5a4511d0, 0x0000017f5a453030,
0x0000017f5a4516e0, 0x0000017f5a44f880, 0x0000017f4b9ae6d0, 0x0000017f4b9adcb0,
0x0000017f4a1b8850, 0x0000017f59049fc0, 0x0000017f554feef0, 0x0000017f56b1bd00,
0x0000017f4b9aebe0, 0x0000017f58bed070, 0x0000017f4a1b8d60, 0x0000017f4a1ba6b0,
0x0000017f4a1ba1a0, 0x0000017f4a1b6f00, 0x0000017f4a1bbaf0, 0x0000017f4a1bc000,
0x0000017f4a1bc510, 0x0000017f4a1bde60, 0x0000017f4a1bd440, 0x0000017f59047c50,
0x0000017f518f8cf0, 0x0000017f518f82d0, 0x0000017f48f8d540, 0x0000017f48f8da50,
0x0000017f54d9df80, 0x0000017f54d9f8d0, 0x0000017f54d9fde0, 0x0000017f54da02f0,
0x0000017f532e2e70, 0x0000017f532e0b00, 0x0000017f532e1a30, 0x0000017f532e3380,
0x0000017f532e3da0, 0x0000017f56b1c210, 0x0000017f56b1d140, 0x0000017f52ac46c0,
0x0000017f591c89f0, 0x0000017f591c8f00, 0x0000017f591c6b90, 0x0000017f591c70a0,
0x0000017f591c7ac0, 0x0000017f591c75b0, 0x0000017f591c9920, 0x0000017f591c84e0,
0x0000017f49c4e3d0, 0x0000017f58bee4b0, 0x0000017f58bef8f0, 0x0000017f58beda90,
0x0000017f58befe00, 0x0000017f58bef3e0, 0x0000017f58bf0310, 0x0000017f58bf0820,
0x0000017f58bee9c0, 0x0000017f58bed580, 0x0000017f58bedfa0, 0x0000017f58beeed0,
0x0000017f57436ef0, 0x0000017f57438840, 0x0000017f57435090, 0x0000017f57437400,
0x0000017f54da0800, 0x0000017f574355a0, 0x0000017f574369e0, 0x0000017f57437910,
0x0000017f57435fc0, 0x0000017f57435ab0, 0x0000017f574364d0, 0x0000017f54d9d050,
0x0000017f54d9d560, 0x0000017f54d9e490, 0x0000017f54d9e9a0, 0x0000017f48f8e470,
0x0000017f57437e20, 0x0000017f57438330, 0x0000017f3c18a330, 0x0000017f3c18c6a0,
0x0000017f3c18d5d0, 0x0000017f3c18a840, 0x0000017f49c4c570, 0x0000017f49c4e8e0,
0x0000017f49c4f810, 0x0000017f532e3890, 0x0000017f532e1010, 0x0000017f532e1f40,
0x0000017f51583320, 0x0000017f51583830, 0x0000017f51583d40, 0x0000017f51584250,
0x0000017f559a5580, 0x0000017f54d9da70, 0x0000017f530644b0, 0x0000017f530658f0,
0x0000017f53064ed0, 0x0000017f530653e0, 0x0000017f56d2a780, 0x0000017f56d2b6b0,
0x0000017f56d2bbc0, 0x0000017f56d2ac90, 0x0000017f56d2b1a0, 0x0000017f56d2c0d0,
0x0000017f48f8df60, 0x0000017f48f8ee90, 0x0000017f48f8fdc0, 0x0000017f48f8e980,
0x0000017f48f8f3a0, 0x0000017f48f8d030, 0x0000017f48f8f8b0, 0x0000017f48f902d0,
0x0000017f48f907e0, 0x0000017f4c081a70, 0x0000017f4c080b40, 0x0000017f56d2c5e0,
0x0000017f56d2caf0, 0x0000017f4c081050, 0x0000017f3c18ad50, 0x0000017f49c4cf90,
0x0000017f4a1bd950, 0x0000017f5709aec0, 0x0000017f5235c3a0, 0x0000017f49c4edf0,
0x0000017f49c4f300, 0x0000017f554ff910, 0x0000017f55501770, 0x0000017f49c4c060,
0x0000017f5a603400, 0x0000017f5a601ab0, 0x0000017f5a603910, 0x0000017f5a6029e0,
0x0000017f5a602ef0, 0x0000017f5a603e20, 0x0000017f51584760, 0x0000017f5235aa50,
0x0000017f3c18cbb0, 0x0000017f5a604840, 0x0000017f5a604330, 0x0000017f52edd4a0,
0x0000017f52edd9b0, 0x0000017f4c0838d0, 0x0000017f4c081560, 0x0000017f4c081f80,
0x0000017f4c082490, 0x0000017f4c0842f0, 0x0000017f4c0829a0, 0x0000017f4c082eb0,
0x0000017f5a601090, 0x0000017f5a6015a0, 0x0000017f5a601fc0, 0x0000017f5a6024d0,
0x0000017f5acb85f0, 0x0000017f5235d2d0, 0x0000017f5235c8b0, 0x0000017f5235a540,
0x0000017f532e2450, 0x0000017f592259b0, 0x0000017f5856abd0, 0x0000017f52ededf0,
0x0000017f5acb7bd0, 0x0000017f5856b5f0, 0x0000017f554ff400, 0x0000017f56d29d60,
0x0000017f56d2a270, 0x0000017f3c18b260
}

Java Threads: ( => current thread )
  0x0000017f78540990 JavaThread "main" [_thread_blocked, id=27580, stack(0x0000003c05800000,0x0000003c05900000)]
  0x0000017f7dd6b280 JavaThread "Reference Handler" daemon [_thread_blocked, id=14028, stack(0x0000003c05f00000,0x0000003c06000000)]
  0x0000017f7dd6ba50 JavaThread "Finalizer" daemon [_thread_blocked, id=31372, stack(0x0000003c06000000,0x0000003c06100000)]
  0x0000017f7dd89000 JavaThread "Signal Dispatcher" daemon [_thread_blocked, id=25172, stack(0x0000003c06100000,0x0000003c06200000)]
  0x0000017f7dd896e0 JavaThread "Attach Listener" daemon [_thread_blocked, id=32308, stack(0x0000003c06200000,0x0000003c06300000)]
  0x0000017f7dd8dcd0 JavaThread "Service Thread" daemon [_thread_blocked, id=13024, stack(0x0000003c06300000,0x0000003c06400000)]
  0x0000017f7dd922b0 JavaThread "Monitor Deflation Thread" daemon [_thread_blocked, id=15760, stack(0x0000003c06400000,0x0000003c06500000)]
=>0x0000017f7dd9e4c0 JavaThread "C2 CompilerThread0" daemon [_thread_in_native, id=31772, stack(0x0000003c06500000,0x0000003c06600000)]
  0x0000017f7dda1a00 JavaThread "C1 CompilerThread0" daemon [_thread_blocked, id=7644, stack(0x0000003c06600000,0x0000003c06700000)]
  0x0000017f7dda1f20 JavaThread "Sweeper thread" daemon [_thread_blocked, id=29832, stack(0x0000003c06700000,0x0000003c06800000)]
  0x0000017f7dd586a0 JavaThread "Common-Cleaner" daemon [_thread_blocked, id=22920, stack(0x0000003c06800000,0x0000003c06900000)]
  0x0000017f16d3af10 JavaThread "Notification Thread" daemon [_thread_blocked, id=29672, stack(0x0000003c06900000,0x0000003c06a00000)]
  0x0000017f38019f00 JavaThread "Daemon health stats" [_thread_blocked, id=8020, stack(0x0000003c07100000,0x0000003c07200000)]
  0x0000017f16f81660 JavaThread "Incoming local TCP Connector on port 54970" [_thread_in_native, id=22504, stack(0x0000003c06f00000,0x0000003c07000000)]
  0x0000017f36e9eaf0 JavaThread "Daemon periodic checks" [_thread_blocked, id=30184, stack(0x0000003c07000000,0x0000003c07100000)]
  0x0000017f37de53a0 JavaThread "Cache worker for journal cache (C:\gradle-cache\caches\journal-1)" [_thread_blocked, id=32784, stack(0x0000003c07a00000,0x0000003c07b00000)]
  0x0000017f37de1bf0 JavaThread "File lock request listener" [_thread_in_native, id=14068, stack(0x0000003c07b00000,0x0000003c07c00000)]
  0x0000017f37de2610 JavaThread "Cache worker for file hash cache (C:\gradle-cache\caches\8.3\fileHashes)" [_thread_blocked, id=26768, stack(0x0000003c07c00000,0x0000003c07d00000)]
  0x0000017f37de2100 JavaThread "File watcher server" daemon [_thread_in_native, id=27748, stack(0x0000003c08200000,0x0000003c08300000)]
  0x0000017f37de4980 JavaThread "File watcher consumer" daemon [_thread_blocked, id=28284, stack(0x0000003c08300000,0x0000003c08400000)]
  0x0000017f3a2a2440 JavaThread "Cache worker for file content cache (C:\gradle-cache\caches\8.3\fileContent)" [_thread_blocked, id=1700, stack(0x0000003c08700000,0x0000003c08800000)]
  0x0000017f3a2a1a20 JavaThread "Cache worker for execution history cache (C:\gradle-cache\caches\8.3\executionHistory)" [_thread_blocked, id=13360, stack(0x0000003c08b00000,0x0000003c08c00000)]
  0x0000017f3a2a2950 JavaThread "jar transforms" [_thread_blocked, id=10900, stack(0x0000003c08c00000,0x0000003c08d00000)]
  0x0000017f3a2a3370 JavaThread "jar transforms Thread 2" [_thread_blocked, id=23376, stack(0x0000003c08d00000,0x0000003c08e00000)]
  0x0000017f3a2a47b0 JavaThread "jar transforms Thread 3" [_thread_blocked, id=27196, stack(0x0000003c08e00000,0x0000003c08f00000)]
  0x0000017f3a2a1000 JavaThread "jar transforms Thread 4" [_thread_blocked, id=31452, stack(0x0000003c08f00000,0x0000003c09000000)]
  0x0000017f3a2a7a50 JavaThread "Cache worker for kotlin-dsl (C:\gradle-cache\caches\8.3\kotlin-dsl)" [_thread_blocked, id=12872, stack(0x0000003c09000000,0x0000003c09100000)]
  0x0000017f3b08dc60 JavaThread "jar transforms Thread 5" [_thread_blocked, id=19016, stack(0x0000003c05700000,0x0000003c05800000)]
  0x0000017f3b08a4b0 JavaThread "jar transforms Thread 6" [_thread_blocked, id=11908, stack(0x0000003c09b00000,0x0000003c09c00000)]
  0x0000017f3b08aed0 JavaThread "jar transforms Thread 7" [_thread_blocked, id=32124, stack(0x0000003c09f00000,0x0000003c0a000000)]
  0x0000017f3b08fac0 JavaThread "jar transforms Thread 8" [_thread_blocked, id=18916, stack(0x0000003c0a000000,0x0000003c0a100000)]
  0x0000017f3b08f0a0 JavaThread "jar transforms Thread 9" [_thread_blocked, id=28204, stack(0x0000003c0a100000,0x0000003c0a200000)]
  0x0000017f3b08eb90 JavaThread "jar transforms Thread 10" [_thread_blocked, id=5996, stack(0x0000003c0a200000,0x0000003c0a300000)]
  0x0000017f3b08ffd0 JavaThread "jar transforms Thread 11" [_thread_blocked, id=31900, stack(0x0000003c0a300000,0x0000003c0a400000)]
  0x0000017f3b0904e0 JavaThread "jar transforms Thread 12" [_thread_blocked, id=19648, stack(0x0000003c0a400000,0x0000003c0a500000)]
  0x0000017f3b259d30 JavaThread "Memory manager" [_thread_blocked, id=18652, stack(0x0000003c0b200000,0x0000003c0b300000)]
  0x0000017f4a1be880 JavaThread "Cache worker for Java compile cache (C:\gradle-cache\caches\8.3\javaCompile)" [_thread_blocked, id=32472, stack(0x0000003c13500000,0x0000003c13600000)]
  0x0000017f4c2678b0 JavaThread "RMI Scheduler(0)" daemon [_thread_blocked, id=3848, stack(0x0000003c0b400000,0x0000003c0b500000)]
  0x0000017f4c2687e0 JavaThread "RMI GC Daemon" daemon [_thread_blocked, id=34324, stack(0x0000003c14c00000,0x0000003c14d00000)]
  0x0000017f4c26ba80 JavaThread "RMI TCP Accept-0" daemon [_thread_in_native, id=15568, stack(0x0000003c14d00000,0x0000003c14e00000)]
  0x0000017f4c26bf90 JavaThread "RMI Reaper" [_thread_blocked, id=20352, stack(0x0000003c14e00000,0x0000003c14f00000)]
  0x0000017f59047740 JavaThread "RMI TCP Accept-0" daemon [_thread_in_native, id=3868, stack(0x0000003c14700000,0x0000003c14800000)]
  0x0000017f4a1b8340 JavaThread "ForkJoinPool.commonPool-worker-26" daemon [_thread_blocked, id=26316, stack(0x0000003c0b000000,0x0000003c0b100000)]
  0x0000017f5a451bf0 JavaThread "ForkJoinPool.commonPool-worker-28" daemon [_thread_blocked, id=31824, stack(0x0000003c0b300000,0x0000003c0b400000)]
  0x0000017f52edc060 JavaThread "ForkJoinPool.commonPool-worker-29" daemon [_thread_blocked, id=33756, stack(0x0000003c0b500000,0x0000003c0b600000)]
  0x0000017f532e05f0 JavaThread "ForkJoinPool.commonPool-worker-31" daemon [_thread_blocked, id=23432, stack(0x0000003c0b700000,0x0000003c0b800000)]
  0x0000017f49c4d9b0 JavaThread "Daemon Thread 4" [_thread_blocked, id=2656, stack(0x0000003c05500000,0x0000003c05600000)]
  0x0000017f52edc570 JavaThread "Handler for socket connection from /127.0.0.1:54970 to /127.0.0.1:49745" [_thread_in_native, id=4648, stack(0x0000003c05600000,0x0000003c05700000)]
  0x0000017f52edca80 JavaThread "Cancel handler" [_thread_blocked, id=17452, stack(0x0000003c07200000,0x0000003c07300000)]
  0x0000017f52edcf90 JavaThread "Daemon worker Thread 4" [_thread_blocked, id=18892, stack(0x0000003c07300000,0x0000003c07400000)]
  0x0000017f59048670 JavaThread "Asynchronous log dispatcher for DefaultDaemonConnection: socket connection from /127.0.0.1:54970 to /127.0.0.1:49745" [_thread_blocked, id=28372, stack(0x0000003c07400000,0x0000003c07500000)]
  0x0000017f59048b80 JavaThread "Stdin handler" [_thread_blocked, id=33384, stack(0x0000003c07500000,0x0000003c07600000)]
  0x0000017f59049090 JavaThread "Daemon client event forwarder" [_thread_blocked, id=22460, stack(0x0000003c07600000,0x0000003c07700000)]
  0x0000017f590495a0 JavaThread "Cache worker for checksums cache (C:\Users\Aman Singh\Desktop\Alemono\AlemanoMarkerScanner\android\.gradle\8.3\checksums)" [_thread_blocked, id=13064, stack(0x0000003c07700000,0x0000003c07800000)]
  0x0000017f59047230 JavaThread "Cache worker for file hash cache (C:\Users\Aman Singh\Desktop\Alemono\AlemanoMarkerScanner\android\.gradle\8.3\fileHashes)" [_thread_blocked, id=19944, stack(0x0000003c07800000,0x0000003c07900000)]
  0x0000017f59049ab0 JavaThread "Cache worker for cache directory md-supplier (C:\gradle-cache\caches\8.3\md-supplier)" [_thread_blocked, id=14792, stack(0x0000003c07900000,0x0000003c07a00000)]
  0x0000017f59048160 JavaThread "Cache worker for cache directory md-rule (C:\gradle-cache\caches\8.3\md-rule)" [_thread_blocked, id=34044, stack(0x0000003c08400000,0x0000003c08500000)]
  0x0000017f59046d20 JavaThread "Unconstrained build operations" [_thread_blocked, id=16216, stack(0x0000003c08600000,0x0000003c08700000)]
  0x0000017f5904a4d0 JavaThread "Unconstrained build operations Thread 2" [_thread_blocked, id=14816, stack(0x0000003c08a00000,0x0000003c08b00000)]
  0x0000017f5a4507b0 JavaThread "Cache worker for dependencies-accessors (C:\Users\Aman Singh\Desktop\Alemono\AlemanoMarkerScanner\android\.gradle\8.3\dependencies-accessors)" [_thread_blocked, id=7468, stack(0x0000003c08500000,0x0000003c08600000)]
  0x0000017f5a452100 JavaThread "Cache worker for Build Output Cleanup Cache (C:\Users\Aman Singh\Desktop\Alemono\AlemanoMarkerScanner\node_modules\@react-native\gradle-plugin\.gradle\buildOutputCleanup)" [_thread_blocked, id=8544, stack(0x0000003c09a00000,0x0000003c09b00000)]
  0x0000017f5a452610 JavaThread "Unconstrained build operations Thread 3" [_thread_blocked, id=13444, stack(0x0000003c09c00000,0x0000003c09d00000)]
  0x0000017f5a4502a0 JavaThread "Unconstrained build operations Thread 4" [_thread_blocked, id=3680, stack(0x0000003c09d00000,0x0000003c09e00000)]
  0x0000017f5a44fd90 JavaThread "Unconstrained build operations Thread 5" [_thread_blocked, id=27004, stack(0x0000003c09e00000,0x0000003c09f00000)]
  0x0000017f5a450cc0 JavaThread "Unconstrained build operations Thread 6" [_thread_blocked, id=2804, stack(0x0000003c0a500000,0x0000003c0a600000)]
  0x0000017f5a452b20 JavaThread "Unconstrained build operations Thread 7" [_thread_blocked, id=21368, stack(0x0000003c0a600000,0x0000003c0a700000)]
  0x0000017f5a4511d0 JavaThread "Unconstrained build operations Thread 8" [_thread_blocked, id=22676, stack(0x0000003c0a700000,0x0000003c0a800000)]
  0x0000017f5a453030 JavaThread "Unconstrained build operations Thread 9" [_thread_blocked, id=28464, stack(0x0000003c0a800000,0x0000003c0a900000)]
  0x0000017f5a4516e0 JavaThread "Unconstrained build operations Thread 10" [_thread_blocked, id=33120, stack(0x0000003c0a900000,0x0000003c0aa00000)]
  0x0000017f5a44f880 JavaThread "Unconstrained build operations Thread 11" [_thread_blocked, id=2264, stack(0x0000003c0aa00000,0x0000003c0ab00000)]
  0x0000017f4b9ae6d0 JavaThread "Unconstrained build operations Thread 12" [_thread_blocked, id=32528, stack(0x0000003c0ab00000,0x0000003c0ac00000)]
  0x0000017f4b9adcb0 JavaThread "Unconstrained build operations Thread 13" [_thread_blocked, id=16600, stack(0x0000003c0ac00000,0x0000003c0ad00000)]
  0x0000017f4a1b8850 JavaThread "Cache worker for Build Output Cleanup Cache (C:\Users\Aman Singh\Desktop\Alemono\AlemanoMarkerScanner\android\.gradle\buildOutputCleanup)" [_thread_blocked, id=33608, stack(0x0000003c0ad00000,0x0000003c0ae00000)]
  0x0000017f59049fc0 JavaThread "ForkJoinPool.commonPool-worker-34" daemon [_thread_blocked, id=9704, stack(0x0000003c0b100000,0x0000003c0b200000)]
  0x0000017f554feef0 JavaThread "ForkJoinPool.commonPool-worker-35" daemon [_thread_blocked, id=33028, stack(0x0000003c0b900000,0x0000003c0ba00000)]
  0x0000017f56b1bd00 JavaThread "included builds" [_thread_blocked, id=1360, stack(0x0000003c0ba00000,0x0000003c0bb00000)]
  0x0000017f4b9aebe0 JavaThread "Execution worker" [_thread_blocked, id=9308, stack(0x0000003c0bb00000,0x0000003c0bc00000)]
  0x0000017f58bed070 JavaThread "Execution worker Thread 2" [_thread_blocked, id=32344, stack(0x0000003c0bc00000,0x0000003c0bd00000)]
  0x0000017f4a1b8d60 JavaThread "Execution worker Thread 3" [_thread_blocked, id=15128, stack(0x0000003c0bd00000,0x0000003c0be00000)]
  0x0000017f4a1ba6b0 JavaThread "Execution worker Thread 4" [_thread_blocked, id=13692, stack(0x0000003c0be00000,0x0000003c0bf00000)]
  0x0000017f4a1ba1a0 JavaThread "Execution worker Thread 5" [_thread_blocked, id=640, stack(0x0000003c0bf00000,0x0000003c0c000000)]
  0x0000017f4a1b6f00 JavaThread "Execution worker Thread 6" [_thread_blocked, id=27736, stack(0x0000003c0c000000,0x0000003c0c100000)]
  0x0000017f4a1bbaf0 JavaThread "Execution worker Thread 7" [_thread_blocked, id=6688, stack(0x0000003c0c100000,0x0000003c0c200000)]
  0x0000017f4a1bc000 JavaThread "Execution worker Thread 8" [_thread_blocked, id=31716, stack(0x0000003c0c200000,0x0000003c0c300000)]
  0x0000017f4a1bc510 JavaThread "Execution worker Thread 9" [_thread_blocked, id=31244, stack(0x0000003c0c300000,0x0000003c0c400000)]
  0x0000017f4a1bde60 JavaThread "Execution worker Thread 10" [_thread_blocked, id=22408, stack(0x0000003c0c400000,0x0000003c0c500000)]
  0x0000017f4a1bd440 JavaThread "Execution worker Thread 11" [_thread_blocked, id=20308, stack(0x0000003c0c500000,0x0000003c0c600000)]
  0x0000017f59047c50 JavaThread "Cache worker for execution history cache (C:\Users\Aman Singh\Desktop\Alemono\AlemanoMarkerScanner\node_modules\@react-native\gradle-plugin\.gradle\8.3\executionHistory)" [_thread_blocked, id=3288, stack(0x0000003c0c600000,0x0000003c0c700000)]
  0x0000017f518f8cf0 JavaThread "Unconstrained build operations Thread 14" [_thread_blocked, id=26660, stack(0x0000003c0c700000,0x0000003c0c800000)]
  0x0000017f518f82d0 JavaThread "Unconstrained build operations Thread 15" [_thread_blocked, id=33132, stack(0x0000003c0c800000,0x0000003c0c900000)]
  0x0000017f48f8d540 JavaThread "Unconstrained build operations Thread 16" [_thread_blocked, id=14760, stack(0x0000003c0c900000,0x0000003c0ca00000)]
  0x0000017f48f8da50 JavaThread "Unconstrained build operations Thread 17" [_thread_blocked, id=19248, stack(0x0000003c0ca00000,0x0000003c0cb00000)]
  0x0000017f54d9df80 JavaThread "Unconstrained build operations Thread 18" [_thread_blocked, id=4600, stack(0x0000003c0cb00000,0x0000003c0cc00000)]
  0x0000017f54d9f8d0 JavaThread "Unconstrained build operations Thread 19" [_thread_blocked, id=10920, stack(0x0000003c0cc00000,0x0000003c0cd00000)]
  0x0000017f54d9fde0 JavaThread "Unconstrained build operations Thread 20" [_thread_blocked, id=1792, stack(0x0000003c0cd00000,0x0000003c0ce00000)]
  0x0000017f54da02f0 JavaThread "Unconstrained build operations Thread 21" [_thread_blocked, id=29160, stack(0x0000003c0ce00000,0x0000003c0cf00000)]
  0x0000017f532e2e70 JavaThread "Unconstrained build operations Thread 22" [_thread_blocked, id=29180, stack(0x0000003c0cf00000,0x0000003c0d000000)]
  0x0000017f532e0b00 JavaThread "Unconstrained build operations Thread 23" [_thread_blocked, id=20240, stack(0x0000003c0d000000,0x0000003c0d100000)]
  0x0000017f532e1a30 JavaThread "Unconstrained build operations Thread 24" [_thread_blocked, id=16220, stack(0x0000003c0d100000,0x0000003c0d200000)]
  0x0000017f532e3380 JavaThread "Unconstrained build operations Thread 25" [_thread_blocked, id=20020, stack(0x0000003c0d200000,0x0000003c0d300000)]
  0x0000017f532e3da0 JavaThread "Unconstrained build operations Thread 26" [_thread_blocked, id=18512, stack(0x0000003c0d300000,0x0000003c0d400000)]
  0x0000017f56b1c210 JavaThread "Unconstrained build operations Thread 27" [_thread_blocked, id=11004, stack(0x0000003c0d400000,0x0000003c0d500000)]
  0x0000017f56b1d140 JavaThread "Unconstrained build operations Thread 28" [_thread_blocked, id=33472, stack(0x0000003c0d500000,0x0000003c0d600000)]
  0x0000017f52ac46c0 JavaThread "Unconstrained build operations Thread 29" [_thread_blocked, id=26108, stack(0x0000003c0d600000,0x0000003c0d700000)]
  0x0000017f591c89f0 JavaThread "Unconstrained build operations Thread 30" [_thread_blocked, id=4696, stack(0x0000003c0d700000,0x0000003c0d800000)]
  0x0000017f591c8f00 JavaThread "Unconstrained build operations Thread 31" [_thread_blocked, id=8144, stack(0x0000003c0d800000,0x0000003c0d900000)]
  0x0000017f591c6b90 JavaThread "Unconstrained build operations Thread 32" [_thread_blocked, id=10164, stack(0x0000003c0d900000,0x0000003c0da00000)]
  0x0000017f591c70a0 JavaThread "Unconstrained build operations Thread 33" [_thread_blocked, id=29060, stack(0x0000003c0da00000,0x0000003c0db00000)]
  0x0000017f591c7ac0 JavaThread "Unconstrained build operations Thread 34" [_thread_blocked, id=33720, stack(0x0000003c0db00000,0x0000003c0dc00000)]
  0x0000017f591c75b0 JavaThread "Unconstrained build operations Thread 35" [_thread_blocked, id=23020, stack(0x0000003c0dc00000,0x0000003c0dd00000)]
  0x0000017f591c9920 JavaThread "Unconstrained build operations Thread 36" [_thread_blocked, id=32892, stack(0x0000003c0dd00000,0x0000003c0de00000)]
  0x0000017f591c84e0 JavaThread "Unconstrained build operations Thread 37" [_thread_blocked, id=31864, stack(0x0000003c0de00000,0x0000003c0df00000)]
  0x0000017f49c4e3d0 JavaThread "Unconstrained build operations Thread 38" [_thread_blocked, id=7776, stack(0x0000003c0e000000,0x0000003c0e100000)]
  0x0000017f58bee4b0 JavaThread "Unconstrained build operations Thread 39" [_thread_blocked, id=25704, stack(0x0000003c0e100000,0x0000003c0e200000)]
  0x0000017f58bef8f0 JavaThread "Unconstrained build operations Thread 40" [_thread_blocked, id=25368, stack(0x0000003c0e200000,0x0000003c0e300000)]
  0x0000017f58beda90 JavaThread "Unconstrained build operations Thread 41" [_thread_blocked, id=20828, stack(0x0000003c0e300000,0x0000003c0e400000)]
  0x0000017f58befe00 JavaThread "Unconstrained build operations Thread 42" [_thread_blocked, id=34276, stack(0x0000003c0e400000,0x0000003c0e500000)]
  0x0000017f58bef3e0 JavaThread "Unconstrained build operations Thread 43" [_thread_blocked, id=19968, stack(0x0000003c0e500000,0x0000003c0e600000)]
  0x0000017f58bf0310 JavaThread "Unconstrained build operations Thread 44" [_thread_blocked, id=10972, stack(0x0000003c0e600000,0x0000003c0e700000)]
  0x0000017f58bf0820 JavaThread "Unconstrained build operations Thread 45" [_thread_blocked, id=23940, stack(0x0000003c0e700000,0x0000003c0e800000)]
  0x0000017f58bee9c0 JavaThread "Unconstrained build operations Thread 46" [_thread_blocked, id=976, stack(0x0000003c0e800000,0x0000003c0e900000)]
  0x0000017f58bed580 JavaThread "Unconstrained build operations Thread 47" [_thread_blocked, id=4144, stack(0x0000003c0e900000,0x0000003c0ea00000)]
  0x0000017f58bedfa0 JavaThread "Unconstrained build operations Thread 48" [_thread_blocked, id=25780, stack(0x0000003c0ea00000,0x0000003c0eb00000)]
  0x0000017f58beeed0 JavaThread "Unconstrained build operations Thread 49" [_thread_blocked, id=9208, stack(0x0000003c0eb00000,0x0000003c0ec00000)]
  0x0000017f57436ef0 JavaThread "Unconstrained build operations Thread 50" [_thread_blocked, id=15980, stack(0x0000003c0df00000,0x0000003c0e000000)]
  0x0000017f57438840 JavaThread "Unconstrained build operations Thread 51" [_thread_blocked, id=16860, stack(0x0000003c0ec00000,0x0000003c0ed00000)]
  0x0000017f57435090 JavaThread "Unconstrained build operations Thread 52" [_thread_blocked, id=31204, stack(0x0000003c0ed00000,0x0000003c0ee00000)]
  0x0000017f57437400 JavaThread "Unconstrained build operations Thread 53" [_thread_blocked, id=14788, stack(0x0000003c0ee00000,0x0000003c0ef00000)]
  0x0000017f54da0800 JavaThread "Unconstrained build operations Thread 54" [_thread_blocked, id=28544, stack(0x0000003c0ef00000,0x0000003c0f000000)]
  0x0000017f574355a0 JavaThread "Unconstrained build operations Thread 55" [_thread_blocked, id=27796, stack(0x0000003c0f000000,0x0000003c0f100000)]
  0x0000017f574369e0 JavaThread "Unconstrained build operations Thread 56" [_thread_blocked, id=2552, stack(0x0000003c0f100000,0x0000003c0f200000)]
  0x0000017f57437910 JavaThread "Unconstrained build operations Thread 57" [_thread_blocked, id=25296, stack(0x0000003c0f200000,0x0000003c0f300000)]
  0x0000017f57435fc0 JavaThread "Unconstrained build operations Thread 58" [_thread_blocked, id=19188, stack(0x0000003c0f300000,0x0000003c0f400000)]
  0x0000017f57435ab0 JavaThread "Unconstrained build operations Thread 59" [_thread_blocked, id=24916, stack(0x0000003c0f400000,0x0000003c0f500000)]
  0x0000017f574364d0 JavaThread "Unconstrained build operations Thread 60" [_thread_blocked, id=16448, stack(0x0000003c0f500000,0x0000003c0f600000)]
  0x0000017f54d9d050 JavaThread "Unconstrained build operations Thread 61" [_thread_blocked, id=27776, stack(0x0000003c0f600000,0x0000003c0f700000)]
  0x0000017f54d9d560 JavaThread "Unconstrained build operations Thread 62" [_thread_blocked, id=24732, stack(0x0000003c0f700000,0x0000003c0f800000)]
  0x0000017f54d9e490 JavaThread "Unconstrained build operations Thread 63" [_thread_blocked, id=11936, stack(0x0000003c0f800000,0x0000003c0f900000)]
  0x0000017f54d9e9a0 JavaThread "Unconstrained build operations Thread 64" [_thread_blocked, id=10716, stack(0x0000003c0f900000,0x0000003c0fa00000)]
  0x0000017f48f8e470 JavaThread "Unconstrained build operations Thread 65" [_thread_blocked, id=16024, stack(0x0000003c0fa00000,0x0000003c0fb00000)]
  0x0000017f57437e20 JavaThread "Unconstrained build operations Thread 66" [_thread_blocked, id=34704, stack(0x0000003c0fb00000,0x0000003c0fc00000)]
  0x0000017f57438330 JavaThread "Unconstrained build operations Thread 67" [_thread_blocked, id=24820, stack(0x0000003c0fc00000,0x0000003c0fd00000)]
  0x0000017f3c18a330 JavaThread "Unconstrained build operations Thread 68" [_thread_blocked, id=10188, stack(0x0000003c0fd00000,0x0000003c0fe00000)]
  0x0000017f3c18c6a0 JavaThread "Unconstrained build operations Thread 69" [_thread_blocked, id=16156, stack(0x0000003c0fe00000,0x0000003c0ff00000)]
  0x0000017f3c18d5d0 JavaThread "Unconstrained build operations Thread 70" [_thread_blocked, id=19540, stack(0x0000003c0ff00000,0x0000003c10000000)]
  0x0000017f3c18a840 JavaThread "Unconstrained build operations Thread 71" [_thread_blocked, id=18828, stack(0x0000003c10000000,0x0000003c10100000)]
  0x0000017f49c4c570 JavaThread "Unconstrained build operations Thread 72" [_thread_blocked, id=28028, stack(0x0000003c10100000,0x0000003c10200000)]
  0x0000017f49c4e8e0 JavaThread "Unconstrained build operations Thread 73" [_thread_blocked, id=29200, stack(0x0000003c10200000,0x0000003c10300000)]
  0x0000017f49c4f810 JavaThread "Unconstrained build operations Thread 74" [_thread_blocked, id=18872, stack(0x0000003c10300000,0x0000003c10400000)]
  0x0000017f532e3890 JavaThread "Unconstrained build operations Thread 75" [_thread_blocked, id=3616, stack(0x0000003c10400000,0x0000003c10500000)]
  0x0000017f532e1010 JavaThread "Unconstrained build operations Thread 76" [_thread_blocked, id=23892, stack(0x0000003c10500000,0x0000003c10600000)]
  0x0000017f532e1f40 JavaThread "Unconstrained build operations Thread 77" [_thread_blocked, id=4548, stack(0x0000003c10600000,0x0000003c10700000)]
  0x0000017f51583320 JavaThread "Unconstrained build operations Thread 78" [_thread_blocked, id=17216, stack(0x0000003c10700000,0x0000003c10800000)]
  0x0000017f51583830 JavaThread "Unconstrained build operations Thread 79" [_thread_blocked, id=31836, stack(0x0000003c10800000,0x0000003c10900000)]
  0x0000017f51583d40 JavaThread "Unconstrained build operations Thread 80" [_thread_blocked, id=1380, stack(0x0000003c10900000,0x0000003c10a00000)]
  0x0000017f51584250 JavaThread "Unconstrained build operations Thread 81" [_thread_blocked, id=12520, stack(0x0000003c10a00000,0x0000003c10b00000)]
  0x0000017f559a5580 JavaThread "Unconstrained build operations Thread 82" [_thread_blocked, id=8128, stack(0x0000003c10b00000,0x0000003c10c00000)]
  0x0000017f54d9da70 JavaThread "Unconstrained build operations Thread 83" [_thread_blocked, id=16420, stack(0x0000003c10d00000,0x0000003c10e00000)]
  0x0000017f530644b0 JavaThread "Unconstrained build operations Thread 84" [_thread_blocked, id=9636, stack(0x0000003c10e00000,0x0000003c10f00000)]
  0x0000017f530658f0 JavaThread "Unconstrained build operations Thread 85" [_thread_blocked, id=24360, stack(0x0000003c10f00000,0x0000003c11000000)]
  0x0000017f53064ed0 JavaThread "Unconstrained build operations Thread 86" [_thread_blocked, id=10448, stack(0x0000003c11000000,0x0000003c11100000)]
  0x0000017f530653e0 JavaThread "Unconstrained build operations Thread 87" [_thread_blocked, id=14712, stack(0x0000003c11100000,0x0000003c11200000)]
  0x0000017f56d2a780 JavaThread "Unconstrained build operations Thread 88" [_thread_blocked, id=30940, stack(0x0000003c11200000,0x0000003c11300000)]
  0x0000017f56d2b6b0 JavaThread "Unconstrained build operations Thread 89" [_thread_blocked, id=19332, stack(0x0000003c11300000,0x0000003c11400000)]
  0x0000017f56d2bbc0 JavaThread "Unconstrained build operations Thread 90" [_thread_blocked, id=7656, stack(0x0000003c11400000,0x0000003c11500000)]
  0x0000017f56d2ac90 JavaThread "Unconstrained build operations Thread 91" [_thread_blocked, id=33988, stack(0x0000003c11500000,0x0000003c11600000)]
  0x0000017f56d2b1a0 JavaThread "Unconstrained build operations Thread 92" [_thread_blocked, id=29560, stack(0x0000003c11600000,0x0000003c11700000)]
  0x0000017f56d2c0d0 JavaThread "Unconstrained build operations Thread 93" [_thread_blocked, id=19120, stack(0x0000003c11700000,0x0000003c11800000)]
  0x0000017f48f8df60 JavaThread "Unconstrained build operations Thread 94" [_thread_blocked, id=25224, stack(0x0000003c11800000,0x0000003c11900000)]
  0x0000017f48f8ee90 JavaThread "Unconstrained build operations Thread 95" [_thread_blocked, id=18412, stack(0x0000003c11900000,0x0000003c11a00000)]
  0x0000017f48f8fdc0 JavaThread "Unconstrained build operations Thread 96" [_thread_blocked, id=25520, stack(0x0000003c11a00000,0x0000003c11b00000)]
  0x0000017f48f8e980 JavaThread "Unconstrained build operations Thread 97" [_thread_blocked, id=34780, stack(0x0000003c11b00000,0x0000003c11c00000)]
  0x0000017f48f8f3a0 JavaThread "Unconstrained build operations Thread 98" [_thread_blocked, id=27496, stack(0x0000003c11c00000,0x0000003c11d00000)]
  0x0000017f48f8d030 JavaThread "Unconstrained build operations Thread 99" [_thread_blocked, id=17136, stack(0x0000003c11d00000,0x0000003c11e00000)]
  0x0000017f48f8f8b0 JavaThread "Unconstrained build operations Thread 100" [_thread_blocked, id=16152, stack(0x0000003c11e00000,0x0000003c11f00000)]
  0x0000017f48f902d0 JavaThread "Unconstrained build operations Thread 101" [_thread_blocked, id=4332, stack(0x0000003c11f00000,0x0000003c12000000)]
  0x0000017f48f907e0 JavaThread "Unconstrained build operations Thread 102" [_thread_blocked, id=19912, stack(0x0000003c12000000,0x0000003c12100000)]
  0x0000017f4c081a70 JavaThread "Unconstrained build operations Thread 103" [_thread_blocked, id=14720, stack(0x0000003c12100000,0x0000003c12200000)]
  0x0000017f4c080b40 JavaThread "Unconstrained build operations Thread 104" [_thread_blocked, id=12028, stack(0x0000003c12200000,0x0000003c12300000)]
  0x0000017f56d2c5e0 JavaThread "Cache worker for execution history cache (C:\Users\Aman Singh\Desktop\Alemono\AlemanoMarkerScanner\android\.gradle\8.3\executionHistory)" [_thread_blocked, id=19724, stack(0x0000003c12300000,0x0000003c12400000)]
  0x0000017f56d2caf0 JavaThread "WorkerExecutor Queue" [_thread_blocked, id=17024, stack(0x0000003c10c00000,0x0000003c10d00000)]
  0x0000017f4c081050 JavaThread "WorkerExecutor Queue Thread 3" [_thread_blocked, id=22664, stack(0x0000003c12500000,0x0000003c12600000)]
  0x0000017f3c18ad50 JavaThread "WorkerExecutor Queue Thread 4" [_thread_blocked, id=20524, stack(0x0000003c12600000,0x0000003c12700000)]
  0x0000017f49c4cf90 JavaThread "WorkerExecutor Queue Thread 5" [_thread_blocked, id=28044, stack(0x0000003c12700000,0x0000003c12800000)]
  0x0000017f4a1bd950 JavaThread "WorkerExecutor Queue Thread 8" [_thread_blocked, id=22712, stack(0x0000003c12a00000,0x0000003c12b00000)]
  0x0000017f5709aec0 JavaThread "WorkerExecutor Queue Thread 9" [_thread_in_native, id=30948, stack(0x0000003c12b00000,0x0000003c12c00000)]
  0x0000017f5235c3a0 JavaThread "WorkerExecutor Queue Thread 10" [_thread_blocked, id=6904, stack(0x0000003c12c00000,0x0000003c12d00000)]
  0x0000017f49c4edf0 JavaThread "Unconstrained build operations Thread 105" [_thread_blocked, id=29456, stack(0x0000003c12e00000,0x0000003c12f00000)]
  0x0000017f49c4f300 JavaThread "Unconstrained build operations Thread 106" [_thread_blocked, id=12492, stack(0x0000003c12f00000,0x0000003c13000000)]
  0x0000017f554ff910 JavaThread "Unconstrained build operations Thread 107" [_thread_blocked, id=7308, stack(0x0000003c13000000,0x0000003c13100000)]
  0x0000017f55501770 JavaThread "Unconstrained build operations Thread 108" [_thread_blocked, id=27740, stack(0x0000003c13100000,0x0000003c13200000)]
  0x0000017f49c4c060 JavaThread "Unconstrained build operations Thread 109" [_thread_blocked, id=11472, stack(0x0000003c13200000,0x0000003c13300000)]
  0x0000017f5a603400 JavaThread "Unconstrained build operations Thread 110" [_thread_blocked, id=17488, stack(0x0000003c13300000,0x0000003c13400000)]
  0x0000017f5a601ab0 JavaThread "Unconstrained build operations Thread 111" [_thread_blocked, id=4128, stack(0x0000003c13400000,0x0000003c13500000)]
  0x0000017f5a603910 JavaThread "Unconstrained build operations Thread 112" [_thread_blocked, id=34204, stack(0x0000003c13600000,0x0000003c13700000)]
  0x0000017f5a6029e0 JavaThread "Unconstrained build operations Thread 113" [_thread_blocked, id=34168, stack(0x0000003c13700000,0x0000003c13800000)]
  0x0000017f5a602ef0 JavaThread "Unconstrained build operations Thread 114" [_thread_blocked, id=3656, stack(0x0000003c13800000,0x0000003c13900000)]
  0x0000017f5a603e20 JavaThread "Unconstrained build operations Thread 115" [_thread_blocked, id=11248, stack(0x0000003c13900000,0x0000003c13a00000)]
  0x0000017f51584760 JavaThread "Unconstrained build operations Thread 116" [_thread_blocked, id=33724, stack(0x0000003c13c00000,0x0000003c13d00000)]
  0x0000017f5235aa50 JavaThread "WorkerExecutor Queue Thread 13" [_thread_blocked, id=33184, stack(0x0000003c12800000,0x0000003c12900000)]
  0x0000017f3c18cbb0 JavaThread "WorkerExecutor Queue Thread 14" [_thread_blocked, id=11020, stack(0x0000003c13b00000,0x0000003c13c00000)]
  0x0000017f5a604840 JavaThread "Unconstrained build operations Thread 117" [_thread_blocked, id=21552, stack(0x0000003c13d00000,0x0000003c13e00000)]
  0x0000017f5a604330 JavaThread "Unconstrained build operations Thread 118" [_thread_blocked, id=24340, stack(0x0000003c13e00000,0x0000003c13f00000)]
  0x0000017f52edd4a0 JavaThread "Unconstrained build operations Thread 119" [_thread_blocked, id=3184, stack(0x0000003c13f00000,0x0000003c14000000)]
  0x0000017f52edd9b0 JavaThread "Unconstrained build operations Thread 120" [_thread_blocked, id=31580, stack(0x0000003c14000000,0x0000003c14100000)]
  0x0000017f4c0838d0 JavaThread "Build operations" [_thread_blocked, id=33592, stack(0x0000003c13a00000,0x0000003c13b00000)]
  0x0000017f4c081560 JavaThread "Build operations Thread 2" [_thread_blocked, id=13932, stack(0x0000003c14100000,0x0000003c14200000)]
  0x0000017f4c081f80 JavaThread "Build operations Thread 3" [_thread_blocked, id=27220, stack(0x0000003c14200000,0x0000003c14300000)]
  0x0000017f4c082490 JavaThread "Build operations Thread 4" [_thread_blocked, id=20728, stack(0x0000003c14300000,0x0000003c14400000)]
  0x0000017f4c0842f0 JavaThread "Build operations Thread 5" [_thread_blocked, id=28472, stack(0x0000003c14400000,0x0000003c14500000)]
  0x0000017f4c0829a0 JavaThread "Build operations Thread 6" [_thread_blocked, id=8032, stack(0x0000003c14500000,0x0000003c14600000)]
  0x0000017f4c082eb0 JavaThread "Build operations Thread 7" [_thread_blocked, id=25164, stack(0x0000003c14600000,0x0000003c14700000)]
  0x0000017f5a601090 JavaThread "Build operations Thread 8" [_thread_blocked, id=24680, stack(0x0000003c14800000,0x0000003c14900000)]
  0x0000017f5a6015a0 JavaThread "Build operations Thread 9" [_thread_blocked, id=19980, stack(0x0000003c14900000,0x0000003c14a00000)]
  0x0000017f5a601fc0 JavaThread "Build operations Thread 10" [_thread_blocked, id=28348, stack(0x0000003c14a00000,0x0000003c14b00000)]
  0x0000017f5a6024d0 JavaThread "Build operations Thread 11" [_thread_blocked, id=7960, stack(0x0000003c14b00000,0x0000003c14c00000)]
  0x0000017f5acb85f0 JavaThread "Build operations Thread 12" [_thread_blocked, id=28812, stack(0x0000003c14f00000,0x0000003c15000000)]
  0x0000017f5235d2d0 JavaThread "pool-10-thread-1" [_thread_blocked, id=11896, stack(0x0000003c0af00000,0x0000003c0b000000)]
  0x0000017f5235c8b0 JavaThread "stderr" [_thread_in_native, id=11416, stack(0x0000003c15000000,0x0000003c15100000)]
  0x0000017f5235a540 JavaThread "stdout" [_thread_in_native, id=13212, stack(0x0000003c15100000,0x0000003c15200000)]
  0x0000017f532e2450 JavaThread "stderr" [_thread_in_native, id=9516, stack(0x0000003c15800000,0x0000003c15900000)]
  0x0000017f592259b0 JavaThread "stdout" [_thread_in_native, id=24376, stack(0x0000003c15900000,0x0000003c15a00000)]
  0x0000017f5856abd0 JavaThread "RMI TCP Connection(idle)" daemon [_thread_blocked, id=29768, stack(0x0000003c15b00000,0x0000003c15c00000)]
  0x0000017f52ededf0 JavaThread "WorkerExecutor Queue Thread 16" [_thread_blocked, id=6624, stack(0x0000003c16000000,0x0000003c16100000)]
  0x0000017f5acb7bd0 JavaThread "WorkerExecutor Queue Thread 18" [_thread_blocked, id=31672, stack(0x0000003c12900000,0x0000003c12a00000)]
  0x0000017f5856b5f0 JavaThread "WorkerExecutor Queue Thread 19" [_thread_blocked, id=6532, stack(0x0000003c12d00000,0x0000003c12e00000)]
  0x0000017f554ff400 JavaThread "Exec process Thread 13" [_thread_blocked, id=28988, stack(0x0000003c15f00000,0x0000003c16000000)]
  0x0000017f56d29d60 JavaThread "Exec process Thread 14" [_thread_in_native, id=30800, stack(0x0000003c16300000,0x0000003c16400000)]
  0x0000017f56d2a270 JavaThread "Exec process Thread 15" [_thread_in_native, id=21652, stack(0x0000003c16400000,0x0000003c16500000)]
  0x0000017f3c18b260 JavaThread "RMI RenewClean-[127.0.0.1:17658,org.jetbrains.kotlin.daemon.common.LoopbackNetworkInterface$ClientLoopbackSocketFactory@1acc69d2]" daemon [_thread_blocked, id=692, stack(0x0000003c0b800000,0x0000003c0b900000)]

Other Threads:
  0x0000017f7dd66c20 VMThread "VM Thread" [stack: 0x0000003c05e00000,0x0000003c05f00000] [id=21144]
  0x0000017f78541810 WatcherThread [stack: 0x0000003c06a00000,0x0000003c06b00000] [id=28644]
  0x0000017f7857fb30 GCTaskThread "GC Thread#0" [stack: 0x0000003c05900000,0x0000003c05a00000] [id=27112]
  0x0000017f16f08820 GCTaskThread "GC Thread#1" [stack: 0x0000003c06b00000,0x0000003c06c00000] [id=12356]
  0x0000017f36cad880 GCTaskThread "GC Thread#2" [stack: 0x0000003c06c00000,0x0000003c06d00000] [id=4808]
  0x0000017f36cadb40 GCTaskThread "GC Thread#3" [stack: 0x0000003c06d00000,0x0000003c06e00000] [id=27152]
  0x0000017f36c366a0 GCTaskThread "GC Thread#4" [stack: 0x0000003c06e00000,0x0000003c06f00000] [id=14776]
  0x0000017f37827bd0 GCTaskThread "GC Thread#5" [stack: 0x0000003c07d00000,0x0000003c07e00000] [id=12580]
  0x0000017f37827e90 GCTaskThread "GC Thread#6" [stack: 0x0000003c07e00000,0x0000003c07f00000] [id=29764]
  0x0000017f37828150 GCTaskThread "GC Thread#7" [stack: 0x0000003c07f00000,0x0000003c08000000] [id=28248]
  0x0000017f37932c90 GCTaskThread "GC Thread#8" [stack: 0x0000003c08000000,0x0000003c08100000] [id=32064]
  0x0000017f37932f50 GCTaskThread "GC Thread#9" [stack: 0x0000003c08100000,0x0000003c08200000] [id=34264]
  0x0000017f78588be0 ConcurrentGCThread "G1 Main Marker" [stack: 0x0000003c05a00000,0x0000003c05b00000] [id=27816]
  0x0000017f7858a170 ConcurrentGCThread "G1 Conc#0" [stack: 0x0000003c05b00000,0x0000003c05c00000] [id=1796]
  0x0000017f39e23670 ConcurrentGCThread "G1 Conc#1" [stack: 0x0000003c08800000,0x0000003c08900000] [id=33504]
  0x0000017f39e22e30 ConcurrentGCThread "G1 Conc#2" [stack: 0x0000003c08900000,0x0000003c08a00000] [id=252]
  0x0000017f7dc28140 ConcurrentGCThread "G1 Refine#0" [stack: 0x0000003c05c00000,0x0000003c05d00000] [id=16856]
  0x0000017f3a3487f0 ConcurrentGCThread "G1 Refine#1" [stack: 0x0000003c09100000,0x0000003c09200000] [id=31392]
  0x0000017f38346ee0 ConcurrentGCThread "G1 Refine#2" [stack: 0x0000003c09200000,0x0000003c09300000] [id=26388]
  0x0000017f38347d90 ConcurrentGCThread "G1 Refine#3" [stack: 0x0000003c09300000,0x0000003c09400000] [id=28328]
  0x0000017f38348f30 ConcurrentGCThread "G1 Refine#4" [stack: 0x0000003c09400000,0x0000003c09500000] [id=22788]
  0x0000017f38348950 ConcurrentGCThread "G1 Refine#5" [stack: 0x0000003c09500000,0x0000003c09600000] [id=12592]
  0x0000017f38349220 ConcurrentGCThread "G1 Refine#6" [stack: 0x0000003c09600000,0x0000003c09700000] [id=10356]
  0x0000017f38348c40 ConcurrentGCThread "G1 Refine#7" [stack: 0x0000003c09700000,0x0000003c09800000] [id=33316]
  0x0000017f38349510 ConcurrentGCThread "G1 Refine#8" [stack: 0x0000003c09800000,0x0000003c09900000] [id=22300]
  0x0000017f38349800 ConcurrentGCThread "G1 Refine#9" [stack: 0x0000003c09900000,0x0000003c09a00000] [id=6312]
  0x0000017f785ee820 ConcurrentGCThread "G1 Service" [stack: 0x0000003c05d00000,0x0000003c05e00000] [id=17104]

Threads with active compile tasks:
C2 CompilerThread0  2833922 69877       4       org.gradle.internal.resources.DefaultResourceLockCoordinationService$DefaultResourceLockState::registerUnlocked (53 bytes)

VM state: not at safepoint (normal execution)

VM Mutex/Monitor currently owned by a thread: None

Heap address: 0x00000000c0000000, size: 1024 MB, Compressed Oops mode: 32-bit

CDS archive(s) mapped at: [0x0000017f17000000-0x0000017f17bb0000-0x0000017f17bb0000), size 12255232, SharedBaseAddress: 0x0000017f17000000, ArchiveRelocationMode: 1.
Compressed class space mapped at: 0x0000017f18000000-0x0000017f32000000, reserved size: 436207616
Narrow klass base: 0x0000017f17000000, Narrow klass shift: 0, Narrow klass range: 0x100000000

GC Precious Log:
 CPUs: 12 total, 12 available
 Memory: 7520M
 Large Page Support: Disabled
 NUMA Support: Disabled
 Compressed Oops: Enabled (32-bit)
 Heap Region Size: 1M
 Heap Min Capacity: 8M
 Heap Initial Capacity: 118M
 Heap Max Capacity: 1G
 Pre-touch: Disabled
 Parallel Workers: 10
 Concurrent Workers: 3
 Concurrent Refinement Workers: 10
 Periodic GC: Disabled

Heap:
 garbage-first heap   total 1048576K, used 404952K [0x00000000c0000000, 0x0000000100000000)
  region size 1024K, 18 young (18432K), 6 survivors (6144K)
 Metaspace       used 291037K, committed 294016K, reserved 688128K
  class space    used 38279K, committed 39552K, reserved 425984K

Heap Regions: E=young(eden), S=young(survivor), O=old, HS=humongous(starts), HC=humongous(continues), CS=collection set, F=free, OA=open archive, CA=closed archive, TAMS=top-at-mark-start (previous, next)
|   0|0x00000000c0000000, 0x00000000c0100000, 0x00000000c0100000|100%|HS|  |TAMS 0x00000000c0100000, 0x00000000c0000000| Complete 
|   1|0x00000000c0100000, 0x00000000c0200000, 0x00000000c0200000|100%|HC|  |TAMS 0x00000000c0200000, 0x00000000c0100000| Complete 
|   2|0x00000000c0200000, 0x00000000c0300000, 0x00000000c0300000|100%|HC|  |TAMS 0x00000000c0300000, 0x00000000c0200000| Complete 
|   3|0x00000000c0300000, 0x00000000c0400000, 0x00000000c0400000|100%|HC|  |TAMS 0x00000000c0400000, 0x00000000c0300000| Complete 
|   4|0x00000000c0400000, 0x00000000c0500000, 0x00000000c0500000|100%| O|  |TAMS 0x00000000c0500000, 0x00000000c0400000| Untracked 
|   5|0x00000000c0500000, 0x00000000c0600000, 0x00000000c0600000|100%|HS|  |TAMS 0x00000000c0600000, 0x00000000c0500000| Complete 
|   6|0x00000000c0600000, 0x00000000c0700000, 0x00000000c0700000|100%| O|  |TAMS 0x00000000c0700000, 0x00000000c0600000| Untracked 
|   7|0x00000000c0700000, 0x00000000c0800000, 0x00000000c0800000|100%| O|  |TAMS 0x00000000c0800000, 0x00000000c0700000| Untracked 
|   8|0x00000000c0800000, 0x00000000c0900000, 0x00000000c0900000|100%| O|  |TAMS 0x00000000c0900000, 0x00000000c0800000| Untracked 
|   9|0x00000000c0900000, 0x00000000c0a00000, 0x00000000c0a00000|100%| O|  |TAMS 0x00000000c0a00000, 0x00000000c0900000| Untracked 
|  10|0x00000000c0a00000, 0x00000000c0b00000, 0x00000000c0b00000|100%| O|  |TAMS 0x00000000c0b00000, 0x00000000c0a00000| Untracked 
|  11|0x00000000c0b00000, 0x00000000c0c00000, 0x00000000c0c00000|100%| O|  |TAMS 0x00000000c0c00000, 0x00000000c0b00000| Untracked 
|  12|0x00000000c0c00000, 0x00000000c0d00000, 0x00000000c0d00000|100%| O|  |TAMS 0x00000000c0d00000, 0x00000000c0c00000| Untracked 
|  13|0x00000000c0d00000, 0x00000000c0e00000, 0x00000000c0e00000|100%| O|  |TAMS 0x00000000c0e00000, 0x00000000c0d00000| Untracked 
|  14|0x00000000c0e00000, 0x00000000c0f00000, 0x00000000c0f00000|100%| O|  |TAMS 0x00000000c0f00000, 0x00000000c0e00000| Untracked 
|  15|0x00000000c0f00000, 0x00000000c1000000, 0x00000000c1000000|100%| O|  |TAMS 0x00000000c1000000, 0x00000000c0f00000| Untracked 
|  16|0x00000000c1000000, 0x00000000c1100000, 0x00000000c1100000|100%| O|  |TAMS 0x00000000c1100000, 0x00000000c1000000| Untracked 
|  17|0x00000000c1100000, 0x00000000c1200000, 0x00000000c1200000|100%| O|  |TAMS 0x00000000c1200000, 0x00000000c1100000| Untracked 
|  18|0x00000000c1200000, 0x00000000c1300000, 0x00000000c1300000|100%| O|  |TAMS 0x00000000c1300000, 0x00000000c1200000| Untracked 
|  19|0x00000000c1300000, 0x00000000c1400000, 0x00000000c1400000|100%| O|  |TAMS 0x00000000c1400000, 0x00000000c1300000| Untracked 
|  20|0x00000000c1400000, 0x00000000c1500000, 0x00000000c1500000|100%| O|  |TAMS 0x00000000c1500000, 0x00000000c1400000| Untracked 
|  21|0x00000000c1500000, 0x00000000c1600000, 0x00000000c1600000|100%| O|  |TAMS 0x00000000c1600000, 0x00000000c1500000| Untracked 
|  22|0x00000000c1600000, 0x00000000c1700000, 0x00000000c1700000|100%| O|  |TAMS 0x00000000c1700000, 0x00000000c1600000| Untracked 
|  23|0x00000000c1700000, 0x00000000c1800000, 0x00000000c1800000|100%| O|  |TAMS 0x00000000c1800000, 0x00000000c1700000| Untracked 
|  24|0x00000000c1800000, 0x00000000c1900000, 0x00000000c1900000|100%| O|  |TAMS 0x00000000c1900000, 0x00000000c1800000| Untracked 
|  25|0x00000000c1900000, 0x00000000c1a00000, 0x00000000c1a00000|100%| O|  |TAMS 0x00000000c1a00000, 0x00000000c1900000| Untracked 
|  26|0x00000000c1a00000, 0x00000000c1b00000, 0x00000000c1b00000|100%|HS|  |TAMS 0x00000000c1a00000, 0x00000000c1a00000| Complete 
|  27|0x00000000c1b00000, 0x00000000c1c00000, 0x00000000c1c00000|100%| O|  |TAMS 0x00000000c1c00000, 0x00000000c1b00000| Untracked 
|  28|0x00000000c1c00000, 0x00000000c1d00000, 0x00000000c1d00000|100%| O|  |TAMS 0x00000000c1d00000, 0x00000000c1c00000| Untracked 
|  29|0x00000000c1d00000, 0x00000000c1e00000, 0x00000000c1e00000|100%| O|  |TAMS 0x00000000c1e00000, 0x00000000c1d00000| Untracked 
|  30|0x00000000c1e00000, 0x00000000c1f00000, 0x00000000c1f00000|100%| O|  |TAMS 0x00000000c1f00000, 0x00000000c1e00000| Untracked 
|  31|0x00000000c1f00000, 0x00000000c2000000, 0x00000000c2000000|100%| O|  |TAMS 0x00000000c2000000, 0x00000000c1f00000| Untracked 
|  32|0x00000000c2000000, 0x00000000c2100000, 0x00000000c2100000|100%| O|  |TAMS 0x00000000c2100000, 0x00000000c2000000| Untracked 
|  33|0x00000000c2100000, 0x00000000c2200000, 0x00000000c2200000|100%| O|  |TAMS 0x00000000c2200000, 0x00000000c2100000| Untracked 
|  34|0x00000000c2200000, 0x00000000c2300000, 0x00000000c2300000|100%| O|  |TAMS 0x00000000c2300000, 0x00000000c2200000| Untracked 
|  35|0x00000000c2300000, 0x00000000c2400000, 0x00000000c2400000|100%| O|  |TAMS 0x00000000c2400000, 0x00000000c2300000| Untracked 
|  36|0x00000000c2400000, 0x00000000c2500000, 0x00000000c2500000|100%| O|  |TAMS 0x00000000c2500000, 0x00000000c2400000| Untracked 
|  37|0x00000000c2500000, 0x00000000c2600000, 0x00000000c2600000|100%| O|  |TAMS 0x00000000c2600000, 0x00000000c2500000| Untracked 
|  38|0x00000000c2600000, 0x00000000c2700000, 0x00000000c2700000|100%| O|  |TAMS 0x00000000c2700000, 0x00000000c2600000| Untracked 
|  39|0x00000000c2700000, 0x00000000c2800000, 0x00000000c2800000|100%| O|  |TAMS 0x00000000c2800000, 0x00000000c2700000| Untracked 
|  40|0x00000000c2800000, 0x00000000c2900000, 0x00000000c2900000|100%| O|  |TAMS 0x00000000c2900000, 0x00000000c2800000| Untracked 
|  41|0x00000000c2900000, 0x00000000c2a00000, 0x00000000c2a00000|100%| O|  |TAMS 0x00000000c2a00000, 0x00000000c2900000| Untracked 
|  42|0x00000000c2a00000, 0x00000000c2b00000, 0x00000000c2b00000|100%| O|  |TAMS 0x00000000c2b00000, 0x00000000c2a00000| Untracked 
|  43|0x00000000c2b00000, 0x00000000c2c00000, 0x00000000c2c00000|100%| O|  |TAMS 0x00000000c2c00000, 0x00000000c2b00000| Untracked 
|  44|0x00000000c2c00000, 0x00000000c2d00000, 0x00000000c2d00000|100%| O|  |TAMS 0x00000000c2d00000, 0x00000000c2c00000| Untracked 
|  45|0x00000000c2d00000, 0x00000000c2e00000, 0x00000000c2e00000|100%| O|  |TAMS 0x00000000c2e00000, 0x00000000c2d00000| Untracked 
|  46|0x00000000c2e00000, 0x00000000c2f00000, 0x00000000c2f00000|100%| O|  |TAMS 0x00000000c2f00000, 0x00000000c2e00000| Untracked 
|  47|0x00000000c2f00000, 0x00000000c3000000, 0x00000000c3000000|100%| O|  |TAMS 0x00000000c3000000, 0x00000000c2f00000| Untracked 
|  48|0x00000000c3000000, 0x00000000c3100000, 0x00000000c3100000|100%| O|  |TAMS 0x00000000c3100000, 0x00000000c3000000| Untracked 
|  49|0x00000000c3100000, 0x00000000c3200000, 0x00000000c3200000|100%|HS|  |TAMS 0x00000000c3200000, 0x00000000c3100000| Complete 
|  50|0x00000000c3200000, 0x00000000c3300000, 0x00000000c3300000|100%|HS|  |TAMS 0x00000000c3300000, 0x00000000c3200000| Complete 
|  51|0x00000000c3300000, 0x00000000c3400000, 0x00000000c3400000|100%| O|  |TAMS 0x00000000c3400000, 0x00000000c3300000| Untracked 
|  52|0x00000000c3400000, 0x00000000c3500000, 0x00000000c3500000|100%| O|  |TAMS 0x00000000c3500000, 0x00000000c3400000| Untracked 
|  53|0x00000000c3500000, 0x00000000c3600000, 0x00000000c3600000|100%| O|  |TAMS 0x00000000c3600000, 0x00000000c3500000| Untracked 
|  54|0x00000000c3600000, 0x00000000c3700000, 0x00000000c3700000|100%| O|  |TAMS 0x00000000c3700000, 0x00000000c3600000| Untracked 
|  55|0x00000000c3700000, 0x00000000c3800000, 0x00000000c3800000|100%|HS|  |TAMS 0x00000000c3800000, 0x00000000c3700000| Complete 
|  56|0x00000000c3800000, 0x00000000c3900000, 0x00000000c3900000|100%| O|  |TAMS 0x00000000c3900000, 0x00000000c3800000| Complete 
|  57|0x00000000c3900000, 0x00000000c3a00000, 0x00000000c3a00000|100%|HS|  |TAMS 0x00000000c3a00000, 0x00000000c3900000| Complete 
|  58|0x00000000c3a00000, 0x00000000c3b00000, 0x00000000c3b00000|100%| O|  |TAMS 0x00000000c3b00000, 0x00000000c3a00000| Untracked 
|  59|0x00000000c3b00000, 0x00000000c3c00000, 0x00000000c3c00000|100%| O|  |TAMS 0x00000000c3c00000, 0x00000000c3b00000| Untracked 
|  60|0x00000000c3c00000, 0x00000000c3d00000, 0x00000000c3d00000|100%| O|  |TAMS 0x00000000c3d00000, 0x00000000c3c00000| Untracked 
|  61|0x00000000c3d00000, 0x00000000c3e00000, 0x00000000c3e00000|100%| O|  |TAMS 0x00000000c3e00000, 0x00000000c3d00000| Untracked 
|  62|0x00000000c3e00000, 0x00000000c3f00000, 0x00000000c3f00000|100%| O|  |TAMS 0x00000000c3f00000, 0x00000000c3e00000| Untracked 
|  63|0x00000000c3f00000, 0x00000000c4000000, 0x00000000c4000000|100%| O|  |TAMS 0x00000000c4000000, 0x00000000c3f00000| Untracked 
|  64|0x00000000c4000000, 0x00000000c4100000, 0x00000000c4100000|100%| O|  |TAMS 0x00000000c4100000, 0x00000000c4000000| Untracked 
|  65|0x00000000c4100000, 0x00000000c4200000, 0x00000000c4200000|100%| O|  |TAMS 0x00000000c4200000, 0x00000000c4100000| Untracked 
|  66|0x00000000c4200000, 0x00000000c4300000, 0x00000000c4300000|100%| O|  |TAMS 0x00000000c4300000, 0x00000000c4200000| Untracked 
|  67|0x00000000c4300000, 0x00000000c4400000, 0x00000000c4400000|100%| O|  |TAMS 0x00000000c4400000, 0x00000000c4300000| Untracked 
|  68|0x00000000c4400000, 0x00000000c4500000, 0x00000000c4500000|100%| O|  |TAMS 0x00000000c4500000, 0x00000000c4400000| Untracked 
|  69|0x00000000c4500000, 0x00000000c4600000, 0x00000000c4600000|100%| O|  |TAMS 0x00000000c4600000, 0x00000000c4500000| Untracked 
|  70|0x00000000c4600000, 0x00000000c4700000, 0x00000000c4700000|100%| O|  |TAMS 0x00000000c4700000, 0x00000000c4600000| Untracked 
|  71|0x00000000c4700000, 0x00000000c4800000, 0x00000000c4800000|100%| O|  |TAMS 0x00000000c4800000, 0x00000000c4700000| Untracked 
|  72|0x00000000c4800000, 0x00000000c4900000, 0x00000000c4900000|100%| O|  |TAMS 0x00000000c4900000, 0x00000000c4800000| Untracked 
|  73|0x00000000c4900000, 0x00000000c4a00000, 0x00000000c4a00000|100%| O|  |TAMS 0x00000000c4a00000, 0x00000000c4900000| Untracked 
|  74|0x00000000c4a00000, 0x00000000c4b00000, 0x00000000c4b00000|100%| O|  |TAMS 0x00000000c4b00000, 0x00000000c4a00000| Untracked 
|  75|0x00000000c4b00000, 0x00000000c4c00000, 0x00000000c4c00000|100%| O|  |TAMS 0x00000000c4c00000, 0x00000000c4b00000| Untracked 
|  76|0x00000000c4c00000, 0x00000000c4d00000, 0x00000000c4d00000|100%| O|  |TAMS 0x00000000c4d00000, 0x00000000c4c00000| Untracked 
|  77|0x00000000c4d00000, 0x00000000c4e00000, 0x00000000c4e00000|100%| O|  |TAMS 0x00000000c4e00000, 0x00000000c4d00000| Untracked 
|  78|0x00000000c4e00000, 0x00000000c4f00000, 0x00000000c4f00000|100%| O|  |TAMS 0x00000000c4f00000, 0x00000000c4e00000| Untracked 
|  79|0x00000000c4f00000, 0x00000000c5000000, 0x00000000c5000000|100%| O|  |TAMS 0x00000000c5000000, 0x00000000c4f00000| Untracked 
|  80|0x00000000c5000000, 0x00000000c5100000, 0x00000000c5100000|100%| O|  |TAMS 0x00000000c5100000, 0x00000000c5000000| Untracked 
|  81|0x00000000c5100000, 0x00000000c5200000, 0x00000000c5200000|100%| O|  |TAMS 0x00000000c5200000, 0x00000000c5100000| Untracked 
|  82|0x00000000c5200000, 0x00000000c5300000, 0x00000000c5300000|100%|HS|  |TAMS 0x00000000c5300000, 0x00000000c5200000| Complete 
|  83|0x00000000c5300000, 0x00000000c5400000, 0x00000000c5400000|100%|HC|  |TAMS 0x00000000c5400000, 0x00000000c5300000| Complete 
|  84|0x00000000c5400000, 0x00000000c5500000, 0x00000000c5500000|100%|HS|  |TAMS 0x00000000c5500000, 0x00000000c5400000| Complete 
|  85|0x00000000c5500000, 0x00000000c5600000, 0x00000000c5600000|100%|HC|  |TAMS 0x00000000c5600000, 0x00000000c5500000| Complete 
|  86|0x00000000c5600000, 0x00000000c5700000, 0x00000000c5700000|100%|HS|  |TAMS 0x00000000c5700000, 0x00000000c5600000| Complete 
|  87|0x00000000c5700000, 0x00000000c5800000, 0x00000000c5800000|100%|HC|  |TAMS 0x00000000c5800000, 0x00000000c5700000| Complete 
|  88|0x00000000c5800000, 0x00000000c5900000, 0x00000000c5900000|100%|HC|  |TAMS 0x00000000c5900000, 0x00000000c5800000| Complete 
|  89|0x00000000c5900000, 0x00000000c5a00000, 0x00000000c5a00000|100%|HC|  |TAMS 0x00000000c5a00000, 0x00000000c5900000| Complete 
|  90|0x00000000c5a00000, 0x00000000c5b00000, 0x00000000c5b00000|100%| O|  |TAMS 0x00000000c5b00000, 0x00000000c5a00000| Untracked 
|  91|0x00000000c5b00000, 0x00000000c5c00000, 0x00000000c5c00000|100%| O|  |TAMS 0x00000000c5c00000, 0x00000000c5b00000| Complete 
|  92|0x00000000c5c00000, 0x00000000c5d00000, 0x00000000c5d00000|100%| O|  |TAMS 0x00000000c5d00000, 0x00000000c5c00000| Untracked 
|  93|0x00000000c5d00000, 0x00000000c5e00000, 0x00000000c5e00000|100%| O|  |TAMS 0x00000000c5e00000, 0x00000000c5d00000| Untracked 
|  94|0x00000000c5e00000, 0x00000000c5f00000, 0x00000000c5f00000|100%| O|  |TAMS 0x00000000c5f00000, 0x00000000c5e00000| Untracked 
|  95|0x00000000c5f00000, 0x00000000c6000000, 0x00000000c6000000|100%| O|  |TAMS 0x00000000c6000000, 0x00000000c5f00000| Untracked 
|  96|0x00000000c6000000, 0x00000000c6100000, 0x00000000c6100000|100%|HS|  |TAMS 0x00000000c6100000, 0x00000000c6000000| Complete 
|  97|0x00000000c6100000, 0x00000000c6200000, 0x00000000c6200000|100%|HC|  |TAMS 0x00000000c6200000, 0x00000000c6100000| Complete 
|  98|0x00000000c6200000, 0x00000000c6300000, 0x00000000c6300000|100%|HC|  |TAMS 0x00000000c6300000, 0x00000000c6200000| Complete 
|  99|0x00000000c6300000, 0x00000000c6400000, 0x00000000c6400000|100%|HC|  |TAMS 0x00000000c6400000, 0x00000000c6300000| Complete 
| 100|0x00000000c6400000, 0x00000000c6500000, 0x00000000c6500000|100%|HS|  |TAMS 0x00000000c6400000, 0x00000000c6400000| Complete 
| 101|0x00000000c6500000, 0x00000000c6600000, 0x00000000c6600000|100%| O|  |TAMS 0x00000000c6600000, 0x00000000c6500000| Untracked 
| 102|0x00000000c6600000, 0x00000000c6700000, 0x00000000c6700000|100%| O|  |TAMS 0x00000000c6700000, 0x00000000c6600000| Untracked 
| 103|0x00000000c6700000, 0x00000000c6800000, 0x00000000c6800000|100%| O|  |TAMS 0x00000000c6800000, 0x00000000c6700000| Untracked 
| 104|0x00000000c6800000, 0x00000000c6900000, 0x00000000c6900000|100%| O|  |TAMS 0x00000000c6900000, 0x00000000c6800000| Untracked 
| 105|0x00000000c6900000, 0x00000000c6a00000, 0x00000000c6a00000|100%| O|  |TAMS 0x00000000c6a00000, 0x00000000c6900000| Untracked 
| 106|0x00000000c6a00000, 0x00000000c6b00000, 0x00000000c6b00000|100%| O|  |TAMS 0x00000000c6b00000, 0x00000000c6a00000| Complete 
| 107|0x00000000c6b00000, 0x00000000c6c00000, 0x00000000c6c00000|100%| O|  |TAMS 0x00000000c6c00000, 0x00000000c6b00000| Untracked 
| 108|0x00000000c6c00000, 0x00000000c6d00000, 0x00000000c6d00000|100%|HS|  |TAMS 0x00000000c6c00000, 0x00000000c6c00000| Complete 
| 109|0x00000000c6d00000, 0x00000000c6e00000, 0x00000000c6e00000|100%| O|  |TAMS 0x00000000c6e00000, 0x00000000c6d00000| Untracked 
| 110|0x00000000c6e00000, 0x00000000c6f00000, 0x00000000c6f00000|100%| O|  |TAMS 0x00000000c6f00000, 0x00000000c6e00000| Untracked 
| 111|0x00000000c6f00000, 0x00000000c7000000, 0x00000000c7000000|100%|HS|  |TAMS 0x00000000c7000000, 0x00000000c6f00000| Complete 
| 112|0x00000000c7000000, 0x00000000c7100000, 0x00000000c7100000|100%| O|  |TAMS 0x00000000c7100000, 0x00000000c7000000| Untracked 
| 113|0x00000000c7100000, 0x00000000c7200000, 0x00000000c7200000|100%| O|  |TAMS 0x00000000c7200000, 0x00000000c7100000| Untracked 
| 114|0x00000000c7200000, 0x00000000c7300000, 0x00000000c7300000|100%|HS|  |TAMS 0x00000000c7200000, 0x00000000c7200000| Complete 
| 115|0x00000000c7300000, 0x00000000c7400000, 0x00000000c7400000|100%| O|  |TAMS 0x00000000c7400000, 0x00000000c7300000| Untracked 
| 116|0x00000000c7400000, 0x00000000c7500000, 0x00000000c7500000|100%|HS|  |TAMS 0x00000000c7500000, 0x00000000c7400000| Complete 
| 117|0x00000000c7500000, 0x00000000c7600000, 0x00000000c7600000|100%|HC|  |TAMS 0x00000000c7600000, 0x00000000c7500000| Complete 
| 118|0x00000000c7600000, 0x00000000c7700000, 0x00000000c7700000|100%| O|  |TAMS 0x00000000c7700000, 0x00000000c7600000| Untracked 
| 119|0x00000000c7700000, 0x00000000c7800000, 0x00000000c7800000|100%| O|  |TAMS 0x00000000c7800000, 0x00000000c7700000| Untracked 
| 120|0x00000000c7800000, 0x00000000c7900000, 0x00000000c7900000|100%| O|  |TAMS 0x00000000c7900000, 0x00000000c7800000| Untracked 
| 121|0x00000000c7900000, 0x00000000c7a00000, 0x00000000c7a00000|100%| O|  |TAMS 0x00000000c7a00000, 0x00000000c7900000| Untracked 
| 122|0x00000000c7a00000, 0x00000000c7b00000, 0x00000000c7b00000|100%| O|  |TAMS 0x00000000c7b00000, 0x00000000c7a00000| Untracked 
| 123|0x00000000c7b00000, 0x00000000c7c00000, 0x00000000c7c00000|100%| O|  |TAMS 0x00000000c7c00000, 0x00000000c7b00000| Complete 
| 124|0x00000000c7c00000, 0x00000000c7d00000, 0x00000000c7d00000|100%| O|  |TAMS 0x00000000c7d00000, 0x00000000c7c00000| Untracked 
| 125|0x00000000c7d00000, 0x00000000c7e00000, 0x00000000c7e00000|100%| O|  |TAMS 0x00000000c7e00000, 0x00000000c7d00000| Untracked 
| 126|0x00000000c7e00000, 0x00000000c7f00000, 0x00000000c7f00000|100%| O|  |TAMS 0x00000000c7f00000, 0x00000000c7e00000| Untracked 
| 127|0x00000000c7f00000, 0x00000000c8000000, 0x00000000c8000000|100%| O|  |TAMS 0x00000000c8000000, 0x00000000c7f00000| Untracked 
| 128|0x00000000c8000000, 0x00000000c8100000, 0x00000000c8100000|100%| O|  |TAMS 0x00000000c8100000, 0x00000000c8000000| Untracked 
| 129|0x00000000c8100000, 0x00000000c8200000, 0x00000000c8200000|100%| O|  |TAMS 0x00000000c8200000, 0x00000000c8100000| Untracked 
| 130|0x00000000c8200000, 0x00000000c8300000, 0x00000000c8300000|100%| O|  |TAMS 0x00000000c8300000, 0x00000000c8200000| Untracked 
| 131|0x00000000c8300000, 0x00000000c8400000, 0x00000000c8400000|100%| O|  |TAMS 0x00000000c8400000, 0x00000000c8300000| Untracked 
| 132|0x00000000c8400000, 0x00000000c8500000, 0x00000000c8500000|100%| O|  |TAMS 0x00000000c8500000, 0x00000000c8400000| Complete 
| 133|0x00000000c8500000, 0x00000000c8600000, 0x00000000c8600000|100%| O|  |TAMS 0x00000000c8600000, 0x00000000c8500000| Untracked 
| 134|0x00000000c8600000, 0x00000000c8700000, 0x00000000c8700000|100%| O|  |TAMS 0x00000000c8700000, 0x00000000c8600000| Untracked 
| 135|0x00000000c8700000, 0x00000000c8800000, 0x00000000c8800000|100%| O|  |TAMS 0x00000000c8800000, 0x00000000c8700000| Untracked 
| 136|0x00000000c8800000, 0x00000000c8800000, 0x00000000c8900000|  0%| F|  |TAMS 0x00000000c8800000, 0x00000000c8800000| Untracked 
| 137|0x00000000c8900000, 0x00000000c8a00000, 0x00000000c8a00000|100%| O|  |TAMS 0x00000000c8a00000, 0x00000000c8900000| Untracked 
| 138|0x00000000c8a00000, 0x00000000c8b00000, 0x00000000c8b00000|100%| O|  |TAMS 0x00000000c8b00000, 0x00000000c8a00000| Complete 
| 139|0x00000000c8b00000, 0x00000000c8c00000, 0x00000000c8c00000|100%| O|  |TAMS 0x00000000c8c00000, 0x00000000c8b00000| Untracked 
| 140|0x00000000c8c00000, 0x00000000c8d00000, 0x00000000c8d00000|100%| O|  |TAMS 0x00000000c8d00000, 0x00000000c8c00000| Untracked 
| 141|0x00000000c8d00000, 0x00000000c8e00000, 0x00000000c8e00000|100%| O|  |TAMS 0x00000000c8e00000, 0x00000000c8d00000| Untracked 
| 142|0x00000000c8e00000, 0x00000000c8f00000, 0x00000000c8f00000|100%| O|  |TAMS 0x00000000c8f00000, 0x00000000c8e00000| Untracked 
| 143|0x00000000c8f00000, 0x00000000c8f00000, 0x00000000c9000000|  0%| F|  |TAMS 0x00000000c8f00000, 0x00000000c8f00000| Untracked 
| 144|0x00000000c9000000, 0x00000000c9100000, 0x00000000c9100000|100%| O|  |TAMS 0x00000000c9100000, 0x00000000c9000000| Untracked 
| 145|0x00000000c9100000, 0x00000000c9200000, 0x00000000c9200000|100%| O|  |TAMS 0x00000000c9200000, 0x00000000c9100000| Complete 
| 146|0x00000000c9200000, 0x00000000c9300000, 0x00000000c9300000|100%| O|  |TAMS 0x00000000c9300000, 0x00000000c9200000| Untracked 
| 147|0x00000000c9300000, 0x00000000c9400000, 0x00000000c9400000|100%| O|  |TAMS 0x00000000c9400000, 0x00000000c9300000| Untracked 
| 148|0x00000000c9400000, 0x00000000c9500000, 0x00000000c9500000|100%| O|  |TAMS 0x00000000c9500000, 0x00000000c9400000| Untracked 
| 149|0x00000000c9500000, 0x00000000c9600000, 0x00000000c9600000|100%| O|  |TAMS 0x00000000c9600000, 0x00000000c9500000| Untracked 
| 150|0x00000000c9600000, 0x00000000c9700000, 0x00000000c9700000|100%| O|  |TAMS 0x00000000c9700000, 0x00000000c9600000| Untracked 
| 151|0x00000000c9700000, 0x00000000c9800000, 0x00000000c9800000|100%|HS|  |TAMS 0x00000000c9800000, 0x00000000c9700000| Complete 
| 152|0x00000000c9800000, 0x00000000c9900000, 0x00000000c9900000|100%|HS|  |TAMS 0x00000000c9900000, 0x00000000c9800000| Complete 
| 153|0x00000000c9900000, 0x00000000c9a00000, 0x00000000c9a00000|100%|HS|  |TAMS 0x00000000c9a00000, 0x00000000c9900000| Complete 
| 154|0x00000000c9a00000, 0x00000000c9b00000, 0x00000000c9b00000|100%| O|  |TAMS 0x00000000c9b00000, 0x00000000c9a00000| Untracked 
| 155|0x00000000c9b00000, 0x00000000c9c00000, 0x00000000c9c00000|100%| O|  |TAMS 0x00000000c9c00000, 0x00000000c9b00000| Complete 
| 156|0x00000000c9c00000, 0x00000000c9d00000, 0x00000000c9d00000|100%| O|  |TAMS 0x00000000c9d00000, 0x00000000c9c00000| Untracked 
| 157|0x00000000c9d00000, 0x00000000c9e00000, 0x00000000c9e00000|100%| O|  |TAMS 0x00000000c9e00000, 0x00000000c9d00000| Untracked 
| 158|0x00000000c9e00000, 0x00000000c9f00000, 0x00000000c9f00000|100%| O|  |TAMS 0x00000000c9f00000, 0x00000000c9e00000| Untracked 
| 159|0x00000000c9f00000, 0x00000000ca000000, 0x00000000ca000000|100%| O|  |TAMS 0x00000000ca000000, 0x00000000c9f00000| Untracked 
| 160|0x00000000ca000000, 0x00000000ca100000, 0x00000000ca100000|100%| O|  |TAMS 0x00000000ca100000, 0x00000000ca000000| Untracked 
| 161|0x00000000ca100000, 0x00000000ca200000, 0x00000000ca200000|100%| O|  |TAMS 0x00000000ca200000, 0x00000000ca100000| Untracked 
| 162|0x00000000ca200000, 0x00000000ca300000, 0x00000000ca300000|100%|HS|  |TAMS 0x00000000ca300000, 0x00000000ca200000| Complete 
| 163|0x00000000ca300000, 0x00000000ca400000, 0x00000000ca400000|100%|HS|  |TAMS 0x00000000ca400000, 0x00000000ca300000| Complete 
| 164|0x00000000ca400000, 0x00000000ca500000, 0x00000000ca500000|100%| O|  |TAMS 0x00000000ca500000, 0x00000000ca400000| Untracked 
| 165|0x00000000ca500000, 0x00000000ca600000, 0x00000000ca600000|100%|HS|  |TAMS 0x00000000ca600000, 0x00000000ca500000| Complete 
| 166|0x00000000ca600000, 0x00000000ca700000, 0x00000000ca700000|100%| O|  |TAMS 0x00000000ca700000, 0x00000000ca600000| Untracked 
| 167|0x00000000ca700000, 0x00000000ca800000, 0x00000000ca800000|100%| O|  |TAMS 0x00000000ca800000, 0x00000000ca700000| Untracked 
| 168|0x00000000ca800000, 0x00000000ca900000, 0x00000000ca900000|100%| O|  |TAMS 0x00000000ca900000, 0x00000000ca800000| Untracked 
| 169|0x00000000ca900000, 0x00000000caa00000, 0x00000000caa00000|100%| O|  |TAMS 0x00000000caa00000, 0x00000000ca900000| Untracked 
| 170|0x00000000caa00000, 0x00000000cab00000, 0x00000000cab00000|100%|HS|  |TAMS 0x00000000cab00000, 0x00000000caa00000| Complete 
| 171|0x00000000cab00000, 0x00000000cac00000, 0x00000000cac00000|100%| O|  |TAMS 0x00000000cac00000, 0x00000000cab00000| Untracked 
| 172|0x00000000cac00000, 0x00000000cad00000, 0x00000000cad00000|100%| O|  |TAMS 0x00000000cad00000, 0x00000000cac00000| Untracked 
| 173|0x00000000cad00000, 0x00000000cae00000, 0x00000000cae00000|100%| O|  |TAMS 0x00000000cae00000, 0x00000000cad00000| Untracked 
| 174|0x00000000cae00000, 0x00000000caf00000, 0x00000000caf00000|100%| O|  |TAMS 0x00000000caf00000, 0x00000000cae00000| Untracked 
| 175|0x00000000caf00000, 0x00000000cb000000, 0x00000000cb000000|100%| O|  |TAMS 0x00000000cb000000, 0x00000000caf00000| Untracked 
| 176|0x00000000cb000000, 0x00000000cb100000, 0x00000000cb100000|100%| O|  |TAMS 0x00000000cb100000, 0x00000000cb000000| Untracked 
| 177|0x00000000cb100000, 0x00000000cb200000, 0x00000000cb200000|100%| O|  |TAMS 0x00000000cb200000, 0x00000000cb100000| Untracked 
| 178|0x00000000cb200000, 0x00000000cb300000, 0x00000000cb300000|100%| O|  |TAMS 0x00000000cb300000, 0x00000000cb200000| Untracked 
| 179|0x00000000cb300000, 0x00000000cb400000, 0x00000000cb400000|100%| O|  |TAMS 0x00000000cb400000, 0x00000000cb300000| Complete 
| 180|0x00000000cb400000, 0x00000000cb500000, 0x00000000cb500000|100%| O|  |TAMS 0x00000000cb500000, 0x00000000cb400000| Untracked 
| 181|0x00000000cb500000, 0x00000000cb600000, 0x00000000cb600000|100%| O|  |TAMS 0x00000000cb600000, 0x00000000cb500000| Untracked 
| 182|0x00000000cb600000, 0x00000000cb700000, 0x00000000cb700000|100%| O|  |TAMS 0x00000000cb700000, 0x00000000cb600000| Untracked 
| 183|0x00000000cb700000, 0x00000000cb800000, 0x00000000cb800000|100%| O|  |TAMS 0x00000000cb800000, 0x00000000cb700000| Untracked 
| 184|0x00000000cb800000, 0x00000000cb900000, 0x00000000cb900000|100%| O|  |TAMS 0x00000000cb900000, 0x00000000cb800000| Untracked 
| 185|0x00000000cb900000, 0x00000000cba00000, 0x00000000cba00000|100%| O|  |TAMS 0x00000000cba00000, 0x00000000cb900000| Untracked 
| 186|0x00000000cba00000, 0x00000000cba00000, 0x00000000cbb00000|  0%| F|  |TAMS 0x00000000cba00000, 0x00000000cba00000| Untracked 
| 187|0x00000000cbb00000, 0x00000000cbc00000, 0x00000000cbc00000|100%| O|  |TAMS 0x00000000cbc00000, 0x00000000cbb00000| Untracked 
| 188|0x00000000cbc00000, 0x00000000cbd00000, 0x00000000cbd00000|100%| O|  |TAMS 0x00000000cbd00000, 0x00000000cbc00000| Untracked 
| 189|0x00000000cbd00000, 0x00000000cbe00000, 0x00000000cbe00000|100%| O|  |TAMS 0x00000000cbe00000, 0x00000000cbd00000| Untracked 
| 190|0x00000000cbe00000, 0x00000000cbf00000, 0x00000000cbf00000|100%| O|  |TAMS 0x00000000cbf00000, 0x00000000cbe00000| Untracked 
| 191|0x00000000cbf00000, 0x00000000cc000000, 0x00000000cc000000|100%| O|  |TAMS 0x00000000cc000000, 0x00000000cbf00000| Untracked 
| 192|0x00000000cc000000, 0x00000000cc100000, 0x00000000cc100000|100%| O|  |TAMS 0x00000000cc100000, 0x00000000cc000000| Untracked 
| 193|0x00000000cc100000, 0x00000000cc100000, 0x00000000cc200000|  0%| F|  |TAMS 0x00000000cc100000, 0x00000000cc100000| Untracked 
| 194|0x00000000cc200000, 0x00000000cc300000, 0x00000000cc300000|100%| O|  |TAMS 0x00000000cc300000, 0x00000000cc200000| Complete 
| 195|0x00000000cc300000, 0x00000000cc400000, 0x00000000cc400000|100%| O|  |TAMS 0x00000000cc400000, 0x00000000cc300000| Complete 
| 196|0x00000000cc400000, 0x00000000cc500000, 0x00000000cc500000|100%|HS|  |TAMS 0x00000000cc500000, 0x00000000cc400000| Complete 
| 197|0x00000000cc500000, 0x00000000cc600000, 0x00000000cc600000|100%|HS|  |TAMS 0x00000000cc600000, 0x00000000cc500000| Complete 
| 198|0x00000000cc600000, 0x00000000cc700000, 0x00000000cc700000|100%| O|  |TAMS 0x00000000cc700000, 0x00000000cc600000| Untracked 
| 199|0x00000000cc700000, 0x00000000cc800000, 0x00000000cc800000|100%| O|  |TAMS 0x00000000cc800000, 0x00000000cc700000| Untracked 
| 200|0x00000000cc800000, 0x00000000cc900000, 0x00000000cc900000|100%| O|  |TAMS 0x00000000cc900000, 0x00000000cc800000| Untracked 
| 201|0x00000000cc900000, 0x00000000cca00000, 0x00000000cca00000|100%|HS|  |TAMS 0x00000000cca00000, 0x00000000cc900000| Complete 
| 202|0x00000000cca00000, 0x00000000ccb00000, 0x00000000ccb00000|100%| O|  |TAMS 0x00000000ccb00000, 0x00000000cca00000| Untracked 
| 203|0x00000000ccb00000, 0x00000000ccc00000, 0x00000000ccc00000|100%| O|  |TAMS 0x00000000ccc00000, 0x00000000ccb00000| Untracked 
| 204|0x00000000ccc00000, 0x00000000ccd00000, 0x00000000ccd00000|100%| O|  |TAMS 0x00000000ccd00000, 0x00000000ccc00000| Untracked 
| 205|0x00000000ccd00000, 0x00000000cce00000, 0x00000000cce00000|100%| O|  |TAMS 0x00000000cce00000, 0x00000000ccd00000| Untracked 
| 206|0x00000000cce00000, 0x00000000ccf00000, 0x00000000ccf00000|100%| O|  |TAMS 0x00000000ccf00000, 0x00000000cce00000| Untracked 
| 207|0x00000000ccf00000, 0x00000000cd000000, 0x00000000cd000000|100%| O|  |TAMS 0x00000000cd000000, 0x00000000ccf00000| Untracked 
| 208|0x00000000cd000000, 0x00000000cd100000, 0x00000000cd100000|100%| O|  |TAMS 0x00000000cd100000, 0x00000000cd000000| Untracked 
| 209|0x00000000cd100000, 0x00000000cd200000, 0x00000000cd200000|100%| O|  |TAMS 0x00000000cd200000, 0x00000000cd100000| Untracked 
| 210|0x00000000cd200000, 0x00000000cd300000, 0x00000000cd300000|100%| O|  |TAMS 0x00000000cd300000, 0x00000000cd200000| Untracked 
| 211|0x00000000cd300000, 0x00000000cd400000, 0x00000000cd400000|100%| O|  |TAMS 0x00000000cd400000, 0x00000000cd300000| Untracked 
| 212|0x00000000cd400000, 0x00000000cd500000, 0x00000000cd500000|100%| O|  |TAMS 0x00000000cd500000, 0x00000000cd400000| Untracked 
| 213|0x00000000cd500000, 0x00000000cd500000, 0x00000000cd600000|  0%| F|  |TAMS 0x00000000cd500000, 0x00000000cd500000| Untracked 
| 214|0x00000000cd600000, 0x00000000cd700000, 0x00000000cd700000|100%| O|  |TAMS 0x00000000cd700000, 0x00000000cd600000| Untracked 
| 215|0x00000000cd700000, 0x00000000cd800000, 0x00000000cd800000|100%| O|  |TAMS 0x00000000cd800000, 0x00000000cd700000| Untracked 
| 216|0x00000000cd800000, 0x00000000cd900000, 0x00000000cd900000|100%| O|  |TAMS 0x00000000cd900000, 0x00000000cd800000| Complete 
| 217|0x00000000cd900000, 0x00000000cda00000, 0x00000000cda00000|100%| O|  |TAMS 0x00000000cda00000, 0x00000000cd900000| Untracked 
| 218|0x00000000cda00000, 0x00000000cdb00000, 0x00000000cdb00000|100%| O|  |TAMS 0x00000000cdb00000, 0x00000000cda00000| Untracked 
| 219|0x00000000cdb00000, 0x00000000cdc00000, 0x00000000cdc00000|100%| O|  |TAMS 0x00000000cdc00000, 0x00000000cdb00000| Untracked 
| 220|0x00000000cdc00000, 0x00000000cdd00000, 0x00000000cdd00000|100%|HS|  |TAMS 0x00000000cdd00000, 0x00000000cdc00000| Complete 
| 221|0x00000000cdd00000, 0x00000000cde00000, 0x00000000cde00000|100%|HS|  |TAMS 0x00000000cde00000, 0x00000000cdd00000| Complete 
| 222|0x00000000cde00000, 0x00000000cdf00000, 0x00000000cdf00000|100%| O|  |TAMS 0x00000000cdf00000, 0x00000000cde00000| Untracked 
| 223|0x00000000cdf00000, 0x00000000ce000000, 0x00000000ce000000|100%| O|  |TAMS 0x00000000ce000000, 0x00000000cdf00000| Untracked 
| 224|0x00000000ce000000, 0x00000000ce100000, 0x00000000ce100000|100%| O|  |TAMS 0x00000000ce100000, 0x00000000ce000000| Untracked 
| 225|0x00000000ce100000, 0x00000000ce200000, 0x00000000ce200000|100%| O|  |TAMS 0x00000000ce200000, 0x00000000ce100000| Untracked 
| 226|0x00000000ce200000, 0x00000000ce300000, 0x00000000ce300000|100%| O|  |TAMS 0x00000000ce300000, 0x00000000ce200000| Untracked 
| 227|0x00000000ce300000, 0x00000000ce400000, 0x00000000ce400000|100%| O|  |TAMS 0x00000000ce400000, 0x00000000ce300000| Untracked 
| 228|0x00000000ce400000, 0x00000000ce500000, 0x00000000ce500000|100%| O|  |TAMS 0x00000000ce500000, 0x00000000ce400000| Untracked 
| 229|0x00000000ce500000, 0x00000000ce600000, 0x00000000ce600000|100%| O|  |TAMS 0x00000000ce600000, 0x00000000ce500000| Untracked 
| 230|0x00000000ce600000, 0x00000000ce700000, 0x00000000ce700000|100%| O|  |TAMS 0x00000000ce700000, 0x00000000ce600000| Untracked 
| 231|0x00000000ce700000, 0x00000000ce800000, 0x00000000ce800000|100%| O|  |TAMS 0x00000000ce800000, 0x00000000ce700000| Untracked 
| 232|0x00000000ce800000, 0x00000000ce800000, 0x00000000ce900000|  0%| F|  |TAMS 0x00000000ce800000, 0x00000000ce800000| Untracked 
| 233|0x00000000ce900000, 0x00000000cea00000, 0x00000000cea00000|100%| O|  |TAMS 0x00000000cea00000, 0x00000000ce900000| Untracked 
| 234|0x00000000cea00000, 0x00000000ceb00000, 0x00000000ceb00000|100%| O|  |TAMS 0x00000000ceb00000, 0x00000000cea00000| Untracked 
| 235|0x00000000ceb00000, 0x00000000cec00000, 0x00000000cec00000|100%| O|  |TAMS 0x00000000cec00000, 0x00000000ceb00000| Untracked 
| 236|0x00000000cec00000, 0x00000000ced00000, 0x00000000ced00000|100%| O|  |TAMS 0x00000000ced00000, 0x00000000cec00000| Untracked 
| 237|0x00000000ced00000, 0x00000000cee00000, 0x00000000cee00000|100%| O|  |TAMS 0x00000000cee00000, 0x00000000ced00000| Untracked 
| 238|0x00000000cee00000, 0x00000000cef00000, 0x00000000cef00000|100%| O|  |TAMS 0x00000000cef00000, 0x00000000cee00000| Untracked 
| 239|0x00000000cef00000, 0x00000000cf000000, 0x00000000cf000000|100%| O|  |TAMS 0x00000000cf000000, 0x00000000cef00000| Untracked 
| 240|0x00000000cf000000, 0x00000000cf100000, 0x00000000cf100000|100%| O|  |TAMS 0x00000000cf100000, 0x00000000cf000000| Untracked 
| 241|0x00000000cf100000, 0x00000000cf200000, 0x00000000cf200000|100%|HS|  |TAMS 0x00000000cf200000, 0x00000000cf100000| Complete 
| 242|0x00000000cf200000, 0x00000000cf300000, 0x00000000cf300000|100%|HC|  |TAMS 0x00000000cf300000, 0x00000000cf200000| Complete 
| 243|0x00000000cf300000, 0x00000000cf300000, 0x00000000cf400000|  0%| F|  |TAMS 0x00000000cf300000, 0x00000000cf300000| Untracked 
| 244|0x00000000cf400000, 0x00000000cf500000, 0x00000000cf500000|100%| O|  |TAMS 0x00000000cf500000, 0x00000000cf400000| Untracked 
| 245|0x00000000cf500000, 0x00000000cf600000, 0x00000000cf600000|100%| O|  |TAMS 0x00000000cf600000, 0x00000000cf500000| Untracked 
| 246|0x00000000cf600000, 0x00000000cf700000, 0x00000000cf700000|100%| O|  |TAMS 0x00000000cf700000, 0x00000000cf600000| Untracked 
| 247|0x00000000cf700000, 0x00000000cf800000, 0x00000000cf800000|100%| O|  |TAMS 0x00000000cf800000, 0x00000000cf700000| Untracked 
| 248|0x00000000cf800000, 0x00000000cf800000, 0x00000000cf900000|  0%| F|  |TAMS 0x00000000cf800000, 0x00000000cf800000| Untracked 
| 249|0x00000000cf900000, 0x00000000cfa00000, 0x00000000cfa00000|100%| O|  |TAMS 0x00000000cfa00000, 0x00000000cf900000| Untracked 
| 250|0x00000000cfa00000, 0x00000000cfb00000, 0x00000000cfb00000|100%| O|  |TAMS 0x00000000cfb00000, 0x00000000cfa00000| Untracked 
| 251|0x00000000cfb00000, 0x00000000cfc00000, 0x00000000cfc00000|100%| O|  |TAMS 0x00000000cfc00000, 0x00000000cfb00000| Untracked 
| 252|0x00000000cfc00000, 0x00000000cfd00000, 0x00000000cfd00000|100%| O|  |TAMS 0x00000000cfd00000, 0x00000000cfc00000| Untracked 
| 253|0x00000000cfd00000, 0x00000000cfe00000, 0x00000000cfe00000|100%| O|  |TAMS 0x00000000cfe00000, 0x00000000cfd00000| Untracked 
| 254|0x00000000cfe00000, 0x00000000cff00000, 0x00000000cff00000|100%| O|  |TAMS 0x00000000cff00000, 0x00000000cfe00000| Untracked 
| 255|0x00000000cff00000, 0x00000000d0000000, 0x00000000d0000000|100%| O|  |TAMS 0x00000000d0000000, 0x00000000cff00000| Complete 
| 256|0x00000000d0000000, 0x00000000d0100000, 0x00000000d0100000|100%| O|  |TAMS 0x00000000d0100000, 0x00000000d0000000| Untracked 
| 257|0x00000000d0100000, 0x00000000d0200000, 0x00000000d0200000|100%| O|  |TAMS 0x00000000d0200000, 0x00000000d0100000| Untracked 
| 258|0x00000000d0200000, 0x00000000d0300000, 0x00000000d0300000|100%| O|  |TAMS 0x00000000d0300000, 0x00000000d0200000| Untracked 
| 259|0x00000000d0300000, 0x00000000d0400000, 0x00000000d0400000|100%| O|  |TAMS 0x00000000d0400000, 0x00000000d0300000| Untracked 
| 260|0x00000000d0400000, 0x00000000d0500000, 0x00000000d0500000|100%| O|  |TAMS 0x00000000d0500000, 0x00000000d0400000| Untracked 
| 261|0x00000000d0500000, 0x00000000d0600000, 0x00000000d0600000|100%| O|  |TAMS 0x00000000d0600000, 0x00000000d0500000| Untracked 
| 262|0x00000000d0600000, 0x00000000d0700000, 0x00000000d0700000|100%| O|  |TAMS 0x00000000d0700000, 0x00000000d0600000| Untracked 
| 263|0x00000000d0700000, 0x00000000d0800000, 0x00000000d0800000|100%| O|  |TAMS 0x00000000d0800000, 0x00000000d0700000| Complete 
| 264|0x00000000d0800000, 0x00000000d0900000, 0x00000000d0900000|100%| O|  |TAMS 0x00000000d0900000, 0x00000000d0800000| Untracked 
| 265|0x00000000d0900000, 0x00000000d0a00000, 0x00000000d0a00000|100%| O|  |TAMS 0x00000000d0a00000, 0x00000000d0900000| Untracked 
| 266|0x00000000d0a00000, 0x00000000d0b00000, 0x00000000d0b00000|100%| O|  |TAMS 0x00000000d0b00000, 0x00000000d0a00000| Untracked 
| 267|0x00000000d0b00000, 0x00000000d0c00000, 0x00000000d0c00000|100%| O|  |TAMS 0x00000000d0c00000, 0x00000000d0b00000| Untracked 
| 268|0x00000000d0c00000, 0x00000000d0d00000, 0x00000000d0d00000|100%| O|  |TAMS 0x00000000d0d00000, 0x00000000d0c00000| Complete 
| 269|0x00000000d0d00000, 0x00000000d0e00000, 0x00000000d0e00000|100%| O|  |TAMS 0x00000000d0e00000, 0x00000000d0d00000| Untracked 
| 270|0x00000000d0e00000, 0x00000000d0f00000, 0x00000000d0f00000|100%| O|  |TAMS 0x00000000d0f00000, 0x00000000d0e00000| Untracked 
| 271|0x00000000d0f00000, 0x00000000d1000000, 0x00000000d1000000|100%| O|  |TAMS 0x00000000d1000000, 0x00000000d0f00000| Untracked 
| 272|0x00000000d1000000, 0x00000000d1100000, 0x00000000d1100000|100%| O|  |TAMS 0x00000000d1100000, 0x00000000d1000000| Untracked 
| 273|0x00000000d1100000, 0x00000000d1200000, 0x00000000d1200000|100%| O|  |TAMS 0x00000000d1200000, 0x00000000d1100000| Untracked 
| 274|0x00000000d1200000, 0x00000000d1300000, 0x00000000d1300000|100%| O|  |TAMS 0x00000000d1300000, 0x00000000d1200000| Untracked 
| 275|0x00000000d1300000, 0x00000000d1400000, 0x00000000d1400000|100%| O|  |TAMS 0x00000000d1400000, 0x00000000d1300000| Untracked 
| 276|0x00000000d1400000, 0x00000000d1500000, 0x00000000d1500000|100%| O|  |TAMS 0x00000000d1500000, 0x00000000d1400000| Complete 
| 277|0x00000000d1500000, 0x00000000d1600000, 0x00000000d1600000|100%| O|  |TAMS 0x00000000d1600000, 0x00000000d1500000| Untracked 
| 278|0x00000000d1600000, 0x00000000d1600000, 0x00000000d1700000|  0%| F|  |TAMS 0x00000000d1600000, 0x00000000d1600000| Untracked 
| 279|0x00000000d1700000, 0x00000000d1800000, 0x00000000d1800000|100%| O|  |TAMS 0x00000000d1800000, 0x00000000d1700000| Untracked 
| 280|0x00000000d1800000, 0x00000000d1900000, 0x00000000d1900000|100%| O|  |TAMS 0x00000000d1900000, 0x00000000d1800000| Untracked 
| 281|0x00000000d1900000, 0x00000000d1a00000, 0x00000000d1a00000|100%| O|  |TAMS 0x00000000d1a00000, 0x00000000d1900000| Untracked 
| 282|0x00000000d1a00000, 0x00000000d1b00000, 0x00000000d1b00000|100%| O|  |TAMS 0x00000000d1b00000, 0x00000000d1a00000| Untracked 
| 283|0x00000000d1b00000, 0x00000000d1c00000, 0x00000000d1c00000|100%| O|  |TAMS 0x00000000d1c00000, 0x00000000d1b00000| Untracked 
| 284|0x00000000d1c00000, 0x00000000d1d00000, 0x00000000d1d00000|100%| O|  |TAMS 0x00000000d1d00000, 0x00000000d1c00000| Untracked 
| 285|0x00000000d1d00000, 0x00000000d1e00000, 0x00000000d1e00000|100%| O|  |TAMS 0x00000000d1e00000, 0x00000000d1d00000| Untracked 
| 286|0x00000000d1e00000, 0x00000000d1e00000, 0x00000000d1f00000|  0%| F|  |TAMS 0x00000000d1e00000, 0x00000000d1e00000| Untracked 
| 287|0x00000000d1f00000, 0x00000000d2000000, 0x00000000d2000000|100%| O|  |TAMS 0x00000000d2000000, 0x00000000d1f00000| Complete 
| 288|0x00000000d2000000, 0x00000000d2100000, 0x00000000d2100000|100%| O|  |TAMS 0x00000000d2100000, 0x00000000d2000000| Untracked 
| 289|0x00000000d2100000, 0x00000000d2200000, 0x00000000d2200000|100%| O|  |TAMS 0x00000000d2200000, 0x00000000d2100000| Untracked 
| 290|0x00000000d2200000, 0x00000000d2300000, 0x00000000d2300000|100%| O|  |TAMS 0x00000000d2300000, 0x00000000d2200000| Untracked 
| 291|0x00000000d2300000, 0x00000000d2400000, 0x00000000d2400000|100%| O|  |TAMS 0x00000000d2400000, 0x00000000d2300000| Untracked 
| 292|0x00000000d2400000, 0x00000000d2500000, 0x00000000d2500000|100%| O|  |TAMS 0x00000000d2500000, 0x00000000d2400000| Untracked 
| 293|0x00000000d2500000, 0x00000000d2600000, 0x00000000d2600000|100%| O|  |TAMS 0x00000000d2600000, 0x00000000d2500000| Untracked 
| 294|0x00000000d2600000, 0x00000000d2600000, 0x00000000d2700000|  0%| F|  |TAMS 0x00000000d2600000, 0x00000000d2600000| Untracked 
| 295|0x00000000d2700000, 0x00000000d2800000, 0x00000000d2800000|100%| O|  |TAMS 0x00000000d2800000, 0x00000000d2700000| Untracked 
| 296|0x00000000d2800000, 0x00000000d2900000, 0x00000000d2900000|100%| O|  |TAMS 0x00000000d2900000, 0x00000000d2800000| Untracked 
| 297|0x00000000d2900000, 0x00000000d2a00000, 0x00000000d2a00000|100%| O|  |TAMS 0x00000000d2a00000, 0x00000000d2900000| Untracked 
| 298|0x00000000d2a00000, 0x00000000d2b00000, 0x00000000d2b00000|100%| O|  |TAMS 0x00000000d2b00000, 0x00000000d2a00000| Untracked 
| 299|0x00000000d2b00000, 0x00000000d2c00000, 0x00000000d2c00000|100%| O|  |TAMS 0x00000000d2c00000, 0x00000000d2b00000| Untracked 
| 300|0x00000000d2c00000, 0x00000000d2d00000, 0x00000000d2d00000|100%| O|  |TAMS 0x00000000d2d00000, 0x00000000d2c00000| Untracked 
| 301|0x00000000d2d00000, 0x00000000d2e00000, 0x00000000d2e00000|100%| O|  |TAMS 0x00000000d2e00000, 0x00000000d2d00000| Untracked 
| 302|0x00000000d2e00000, 0x00000000d2f00000, 0x00000000d2f00000|100%| O|  |TAMS 0x00000000d2f00000, 0x00000000d2e00000| Untracked 
| 303|0x00000000d2f00000, 0x00000000d3000000, 0x00000000d3000000|100%| O|  |TAMS 0x00000000d3000000, 0x00000000d2f00000| Untracked 
| 304|0x00000000d3000000, 0x00000000d3100000, 0x00000000d3100000|100%| O|  |TAMS 0x00000000d3100000, 0x00000000d3000000| Untracked 
| 305|0x00000000d3100000, 0x00000000d3200000, 0x00000000d3200000|100%| O|  |TAMS 0x00000000d3200000, 0x00000000d3100000| Untracked 
| 306|0x00000000d3200000, 0x00000000d3300000, 0x00000000d3300000|100%| O|  |TAMS 0x00000000d3300000, 0x00000000d3200000| Untracked 
| 307|0x00000000d3300000, 0x00000000d3400000, 0x00000000d3400000|100%| O|  |TAMS 0x00000000d3400000, 0x00000000d3300000| Untracked 
| 308|0x00000000d3400000, 0x00000000d3500000, 0x00000000d3500000|100%|HS|  |TAMS 0x00000000d3400000, 0x00000000d3400000| Complete 
| 309|0x00000000d3500000, 0x00000000d3600000, 0x00000000d3600000|100%|HC|  |TAMS 0x00000000d3500000, 0x00000000d3500000| Complete 
| 310|0x00000000d3600000, 0x00000000d3700000, 0x00000000d3700000|100%| O|  |TAMS 0x00000000d3700000, 0x00000000d3600000| Untracked 
| 311|0x00000000d3700000, 0x00000000d3800000, 0x00000000d3800000|100%| O|  |TAMS 0x00000000d3800000, 0x00000000d3700000| Untracked 
| 312|0x00000000d3800000, 0x00000000d3900000, 0x00000000d3900000|100%| O|  |TAMS 0x00000000d3900000, 0x00000000d3800000| Untracked 
| 313|0x00000000d3900000, 0x00000000d3a00000, 0x00000000d3a00000|100%| O|  |TAMS 0x00000000d3a00000, 0x00000000d3900000| Complete 
| 314|0x00000000d3a00000, 0x00000000d3a00000, 0x00000000d3b00000|  0%| F|  |TAMS 0x00000000d3a00000, 0x00000000d3a00000| Untracked 
| 315|0x00000000d3b00000, 0x00000000d3c00000, 0x00000000d3c00000|100%| O|  |TAMS 0x00000000d3c00000, 0x00000000d3b00000| Untracked 
| 316|0x00000000d3c00000, 0x00000000d3d00000, 0x00000000d3d00000|100%| O|  |TAMS 0x00000000d3d00000, 0x00000000d3c00000| Complete 
| 317|0x00000000d3d00000, 0x00000000d3e00000, 0x00000000d3e00000|100%| O|  |TAMS 0x00000000d3e00000, 0x00000000d3d00000| Untracked 
| 318|0x00000000d3e00000, 0x00000000d3f00000, 0x00000000d3f00000|100%| O|  |TAMS 0x00000000d3f00000, 0x00000000d3e00000| Untracked 
| 319|0x00000000d3f00000, 0x00000000d4000000, 0x00000000d4000000|100%| O|  |TAMS 0x00000000d4000000, 0x00000000d3f00000| Untracked 
| 320|0x00000000d4000000, 0x00000000d4100000, 0x00000000d4100000|100%| O|  |TAMS 0x00000000d4100000, 0x00000000d4000000| Untracked 
| 321|0x00000000d4100000, 0x00000000d4200000, 0x00000000d4200000|100%| O|  |TAMS 0x00000000d4200000, 0x00000000d4100000| Untracked 
| 322|0x00000000d4200000, 0x00000000d4300000, 0x00000000d4300000|100%| O|  |TAMS 0x00000000d4300000, 0x00000000d4200000| Untracked 
| 323|0x00000000d4300000, 0x00000000d4400000, 0x00000000d4400000|100%|HS|  |TAMS 0x00000000d4300000, 0x00000000d4300000| Complete 
| 324|0x00000000d4400000, 0x00000000d4500000, 0x00000000d4500000|100%|HC|  |TAMS 0x00000000d4400000, 0x00000000d4400000| Complete 
| 325|0x00000000d4500000, 0x00000000d4600000, 0x00000000d4600000|100%| O|  |TAMS 0x00000000d4600000, 0x00000000d4500000| Untracked 
| 326|0x00000000d4600000, 0x00000000d4700000, 0x00000000d4700000|100%| O|  |TAMS 0x00000000d4700000, 0x00000000d4600000| Untracked 
| 327|0x00000000d4700000, 0x00000000d4700000, 0x00000000d4800000|  0%| F|  |TAMS 0x00000000d4700000, 0x00000000d4700000| Untracked 
| 328|0x00000000d4800000, 0x00000000d4900000, 0x00000000d4900000|100%| O|  |TAMS 0x00000000d4900000, 0x00000000d4800000| Untracked 
| 329|0x00000000d4900000, 0x00000000d4a00000, 0x00000000d4a00000|100%| O|  |TAMS 0x00000000d4a00000, 0x00000000d4900000| Untracked 
| 330|0x00000000d4a00000, 0x00000000d4b00000, 0x00000000d4b00000|100%| O|  |TAMS 0x00000000d4b00000, 0x00000000d4a00000| Untracked 
| 331|0x00000000d4b00000, 0x00000000d4c00000, 0x00000000d4c00000|100%| O|  |TAMS 0x00000000d4c00000, 0x00000000d4b00000| Untracked 
| 332|0x00000000d4c00000, 0x00000000d4d00000, 0x00000000d4d00000|100%| O|  |TAMS 0x00000000d4d00000, 0x00000000d4c00000| Untracked 
| 333|0x00000000d4d00000, 0x00000000d4e00000, 0x00000000d4e00000|100%| O|  |TAMS 0x00000000d4e00000, 0x00000000d4d00000| Untracked 
| 334|0x00000000d4e00000, 0x00000000d4e00000, 0x00000000d4f00000|  0%| F|  |TAMS 0x00000000d4e00000, 0x00000000d4e00000| Untracked 
| 335|0x00000000d4f00000, 0x00000000d5000000, 0x00000000d5000000|100%| O|  |TAMS 0x00000000d5000000, 0x00000000d4f00000| Untracked 
| 336|0x00000000d5000000, 0x00000000d5100000, 0x00000000d5100000|100%| O|  |TAMS 0x00000000d5100000, 0x00000000d5000000| Untracked 
| 337|0x00000000d5100000, 0x00000000d5200000, 0x00000000d5200000|100%| O|  |TAMS 0x00000000d5200000, 0x00000000d5100000| Untracked 
| 338|0x00000000d5200000, 0x00000000d5300000, 0x00000000d5300000|100%| O|  |TAMS 0x00000000d5300000, 0x00000000d5200000| Untracked 
| 339|0x00000000d5300000, 0x00000000d5400000, 0x00000000d5400000|100%| O|  |TAMS 0x00000000d5400000, 0x00000000d5300000| Untracked 
| 340|0x00000000d5400000, 0x00000000d5500000, 0x00000000d5500000|100%| O|  |TAMS 0x00000000d5500000, 0x00000000d5400000| Untracked 
| 341|0x00000000d5500000, 0x00000000d5600000, 0x00000000d5600000|100%| O|  |TAMS 0x00000000d5600000, 0x00000000d5500000| Untracked 
| 342|0x00000000d5600000, 0x00000000d5700000, 0x00000000d5700000|100%| O|  |TAMS 0x00000000d5700000, 0x00000000d5600000| Untracked 
| 343|0x00000000d5700000, 0x00000000d5800000, 0x00000000d5800000|100%|HS|  |TAMS 0x00000000d5800000, 0x00000000d5700000| Complete 
| 344|0x00000000d5800000, 0x00000000d5900000, 0x00000000d5900000|100%|HC|  |TAMS 0x00000000d5900000, 0x00000000d5800000| Complete 
| 345|0x00000000d5900000, 0x00000000d5a00000, 0x00000000d5a00000|100%| O|  |TAMS 0x00000000d5a00000, 0x00000000d5900000| Complete 
| 346|0x00000000d5a00000, 0x00000000d5b00000, 0x00000000d5b00000|100%| O|  |TAMS 0x00000000d5b00000, 0x00000000d5a00000| Untracked 
| 347|0x00000000d5b00000, 0x00000000d5c00000, 0x00000000d5c00000|100%| O|  |TAMS 0x00000000d5c00000, 0x00000000d5b00000| Untracked 
| 348|0x00000000d5c00000, 0x00000000d5d00000, 0x00000000d5d00000|100%| O|  |TAMS 0x00000000d5d00000, 0x00000000d5c00000| Untracked 
| 349|0x00000000d5d00000, 0x00000000d5e00000, 0x00000000d5e00000|100%| O|  |TAMS 0x00000000d5e00000, 0x00000000d5d00000| Untracked 
| 350|0x00000000d5e00000, 0x00000000d5f00000, 0x00000000d5f00000|100%| O|  |TAMS 0x00000000d5f00000, 0x00000000d5e00000| Untracked 
| 351|0x00000000d5f00000, 0x00000000d6000000, 0x00000000d6000000|100%| O|  |TAMS 0x00000000d6000000, 0x00000000d5f00000| Untracked 
| 352|0x00000000d6000000, 0x00000000d6100000, 0x00000000d6100000|100%| O|  |TAMS 0x00000000d6100000, 0x00000000d6000000| Untracked 
| 353|0x00000000d6100000, 0x00000000d6200000, 0x00000000d6200000|100%| O|  |TAMS 0x00000000d6200000, 0x00000000d6100000| Untracked 
| 354|0x00000000d6200000, 0x00000000d6300000, 0x00000000d6300000|100%| O|  |TAMS 0x00000000d6300000, 0x00000000d6200000| Untracked 
| 355|0x00000000d6300000, 0x00000000d6400000, 0x00000000d6400000|100%| O|  |TAMS 0x00000000d6400000, 0x00000000d6300000| Untracked 
| 356|0x00000000d6400000, 0x00000000d6500000, 0x00000000d6500000|100%| O|  |TAMS 0x00000000d6500000, 0x00000000d6400000| Untracked 
| 357|0x00000000d6500000, 0x00000000d6600000, 0x00000000d6600000|100%| O|  |TAMS 0x00000000d6600000, 0x00000000d6500000| Untracked 
| 358|0x00000000d6600000, 0x00000000d6700000, 0x00000000d6700000|100%| O|  |TAMS 0x00000000d6700000, 0x00000000d6600000| Untracked 
| 359|0x00000000d6700000, 0x00000000d6800000, 0x00000000d6800000|100%| O|  |TAMS 0x00000000d6800000, 0x00000000d6700000| Untracked 
| 360|0x00000000d6800000, 0x00000000d6900000, 0x00000000d6900000|100%| O|  |TAMS 0x00000000d6900000, 0x00000000d6800000| Untracked 
| 361|0x00000000d6900000, 0x00000000d6a00000, 0x00000000d6a00000|100%| O|  |TAMS 0x00000000d6a00000, 0x00000000d6900000| Untracked 
| 362|0x00000000d6a00000, 0x00000000d6b00000, 0x00000000d6b00000|100%| O|  |TAMS 0x00000000d6b00000, 0x00000000d6a00000| Untracked 
| 363|0x00000000d6b00000, 0x00000000d6c00000, 0x00000000d6c00000|100%| O|  |TAMS 0x00000000d6c00000, 0x00000000d6b00000| Untracked 
| 364|0x00000000d6c00000, 0x00000000d6d00000, 0x00000000d6d00000|100%| O|  |TAMS 0x00000000d6d00000, 0x00000000d6c00000| Untracked 
| 365|0x00000000d6d00000, 0x00000000d6e00000, 0x00000000d6e00000|100%| O|  |TAMS 0x00000000d6e00000, 0x00000000d6d00000| Untracked 
| 366|0x00000000d6e00000, 0x00000000d6f00000, 0x00000000d6f00000|100%| O|  |TAMS 0x00000000d6f00000, 0x00000000d6e00000| Untracked 
| 367|0x00000000d6f00000, 0x00000000d7000000, 0x00000000d7000000|100%| O|  |TAMS 0x00000000d7000000, 0x00000000d6f00000| Untracked 
| 368|0x00000000d7000000, 0x00000000d7100000, 0x00000000d7100000|100%| O|  |TAMS 0x00000000d7100000, 0x00000000d7000000| Untracked 
| 369|0x00000000d7100000, 0x00000000d71dae00, 0x00000000d7200000| 85%| O|  |TAMS 0x00000000d71dae00, 0x00000000d7100000| Untracked 
| 370|0x00000000d7200000, 0x00000000d7200000, 0x00000000d7300000|  0%| F|  |TAMS 0x00000000d7200000, 0x00000000d7200000| Untracked 
| 371|0x00000000d7300000, 0x00000000d7300000, 0x00000000d7400000|  0%| F|  |TAMS 0x00000000d7300000, 0x00000000d7300000| Untracked 
| 372|0x00000000d7400000, 0x00000000d7400000, 0x00000000d7500000|  0%| F|  |TAMS 0x00000000d7400000, 0x00000000d7400000| Untracked 
| 373|0x00000000d7500000, 0x00000000d7600000, 0x00000000d7600000|100%| O|  |TAMS 0x00000000d7600000, 0x00000000d7500000| Untracked 
| 374|0x00000000d7600000, 0x00000000d7600000, 0x00000000d7700000|  0%| F|  |TAMS 0x00000000d7600000, 0x00000000d7600000| Untracked 
| 375|0x00000000d7700000, 0x00000000d7800000, 0x00000000d7800000|100%| O|  |TAMS 0x00000000d7800000, 0x00000000d7700000| Untracked 
| 376|0x00000000d7800000, 0x00000000d7800000, 0x00000000d7900000|  0%| F|  |TAMS 0x00000000d7800000, 0x00000000d7800000| Untracked 
| 377|0x00000000d7900000, 0x00000000d7900000, 0x00000000d7a00000|  0%| F|  |TAMS 0x00000000d7900000, 0x00000000d7900000| Untracked 
| 378|0x00000000d7a00000, 0x00000000d7a00000, 0x00000000d7b00000|  0%| F|  |TAMS 0x00000000d7a00000, 0x00000000d7a00000| Untracked 
| 379|0x00000000d7b00000, 0x00000000d7b00000, 0x00000000d7c00000|  0%| F|  |TAMS 0x00000000d7b00000, 0x00000000d7b00000| Untracked 
| 380|0x00000000d7c00000, 0x00000000d7c00000, 0x00000000d7d00000|  0%| F|  |TAMS 0x00000000d7c00000, 0x00000000d7c00000| Untracked 
| 381|0x00000000d7d00000, 0x00000000d7d00000, 0x00000000d7e00000|  0%| F|  |TAMS 0x00000000d7d00000, 0x00000000d7d00000| Untracked 
| 382|0x00000000d7e00000, 0x00000000d7e00000, 0x00000000d7f00000|  0%| F|  |TAMS 0x00000000d7e00000, 0x00000000d7e00000| Untracked 
| 383|0x00000000d7f00000, 0x00000000d7f00000, 0x00000000d8000000|  0%| F|  |TAMS 0x00000000d7f00000, 0x00000000d7f00000| Untracked 
| 384|0x00000000d8000000, 0x00000000d8000000, 0x00000000d8100000|  0%| F|  |TAMS 0x00000000d8000000, 0x00000000d8000000| Untracked 
| 385|0x00000000d8100000, 0x00000000d8100000, 0x00000000d8200000|  0%| F|  |TAMS 0x00000000d8100000, 0x00000000d8100000| Untracked 
| 386|0x00000000d8200000, 0x00000000d8200000, 0x00000000d8300000|  0%| F|  |TAMS 0x00000000d8200000, 0x00000000d8200000| Untracked 
| 387|0x00000000d8300000, 0x00000000d8400000, 0x00000000d8400000|100%| O|  |TAMS 0x00000000d8400000, 0x00000000d8300000| Untracked 
| 388|0x00000000d8400000, 0x00000000d8500000, 0x00000000d8500000|100%| O|  |TAMS 0x00000000d8500000, 0x00000000d8400000| Untracked 
| 389|0x00000000d8500000, 0x00000000d8600000, 0x00000000d8600000|100%| O|  |TAMS 0x00000000d8600000, 0x00000000d8500000| Untracked 
| 390|0x00000000d8600000, 0x00000000d8700000, 0x00000000d8700000|100%| O|  |TAMS 0x00000000d8700000, 0x00000000d8600000| Untracked 
| 391|0x00000000d8700000, 0x00000000d8800000, 0x00000000d8800000|100%| O|  |TAMS 0x00000000d8800000, 0x00000000d8700000| Untracked 
| 392|0x00000000d8800000, 0x00000000d8800000, 0x00000000d8900000|  0%| F|  |TAMS 0x00000000d8800000, 0x00000000d8800000| Untracked 
| 393|0x00000000d8900000, 0x00000000d8a00000, 0x00000000d8a00000|100%| O|  |TAMS 0x00000000d8a00000, 0x00000000d8900000| Untracked 
| 394|0x00000000d8a00000, 0x00000000d8a00000, 0x00000000d8b00000|  0%| F|  |TAMS 0x00000000d8a00000, 0x00000000d8a00000| Untracked 
| 395|0x00000000d8b00000, 0x00000000d8b00000, 0x00000000d8c00000|  0%| F|  |TAMS 0x00000000d8b00000, 0x00000000d8b00000| Untracked 
| 396|0x00000000d8c00000, 0x00000000d8c00000, 0x00000000d8d00000|  0%| F|  |TAMS 0x00000000d8c00000, 0x00000000d8c00000| Untracked 
| 397|0x00000000d8d00000, 0x00000000d8d00000, 0x00000000d8e00000|  0%| F|  |TAMS 0x00000000d8d00000, 0x00000000d8d00000| Untracked 
| 398|0x00000000d8e00000, 0x00000000d8e00000, 0x00000000d8f00000|  0%| F|  |TAMS 0x00000000d8e00000, 0x00000000d8e00000| Untracked 
| 399|0x00000000d8f00000, 0x00000000d8f00000, 0x00000000d9000000|  0%| F|  |TAMS 0x00000000d8f00000, 0x00000000d8f00000| Untracked 
| 400|0x00000000d9000000, 0x00000000d9100000, 0x00000000d9100000|100%| O|  |TAMS 0x00000000d9100000, 0x00000000d9000000| Untracked 
| 401|0x00000000d9100000, 0x00000000d9200000, 0x00000000d9200000|100%| O|  |TAMS 0x00000000d9200000, 0x00000000d9100000| Untracked 
| 402|0x00000000d9200000, 0x00000000d9300000, 0x00000000d9300000|100%| O|  |TAMS 0x00000000d9300000, 0x00000000d9200000| Untracked 
| 403|0x00000000d9300000, 0x00000000d9400000, 0x00000000d9400000|100%| O|  |TAMS 0x00000000d9400000, 0x00000000d9300000| Untracked 
| 404|0x00000000d9400000, 0x00000000d9500000, 0x00000000d9500000|100%| O|  |TAMS 0x00000000d9500000, 0x00000000d9400000| Untracked 
| 405|0x00000000d9500000, 0x00000000d9600000, 0x00000000d9600000|100%| O|  |TAMS 0x00000000d9600000, 0x00000000d9500000| Untracked 
| 406|0x00000000d9600000, 0x00000000d9700000, 0x00000000d9700000|100%| O|  |TAMS 0x00000000d9700000, 0x00000000d9600000| Untracked 
| 407|0x00000000d9700000, 0x00000000d9800000, 0x00000000d9800000|100%| O|  |TAMS 0x00000000d9800000, 0x00000000d9700000| Untracked 
| 408|0x00000000d9800000, 0x00000000d9900000, 0x00000000d9900000|100%| O|  |TAMS 0x00000000d9900000, 0x00000000d9800000| Untracked 
| 409|0x00000000d9900000, 0x00000000d9a00000, 0x00000000d9a00000|100%| O|  |TAMS 0x00000000d9a00000, 0x00000000d9900000| Untracked 
| 410|0x00000000d9a00000, 0x00000000d9b00000, 0x00000000d9b00000|100%| O|  |TAMS 0x00000000d9b00000, 0x00000000d9a00000| Untracked 
| 411|0x00000000d9b00000, 0x00000000d9c00000, 0x00000000d9c00000|100%| O|  |TAMS 0x00000000d9c00000, 0x00000000d9b00000| Untracked 
| 412|0x00000000d9c00000, 0x00000000d9c00000, 0x00000000d9d00000|  0%| F|  |TAMS 0x00000000d9c00000, 0x00000000d9c00000| Untracked 
| 413|0x00000000d9d00000, 0x00000000d9d00000, 0x00000000d9e00000|  0%| F|  |TAMS 0x00000000d9d00000, 0x00000000d9d00000| Untracked 
| 414|0x00000000d9e00000, 0x00000000d9e00000, 0x00000000d9f00000|  0%| F|  |TAMS 0x00000000d9e00000, 0x00000000d9e00000| Untracked 
| 415|0x00000000d9f00000, 0x00000000d9f00000, 0x00000000da000000|  0%| F|  |TAMS 0x00000000d9f00000, 0x00000000d9f00000| Untracked 
| 416|0x00000000da000000, 0x00000000da000000, 0x00000000da100000|  0%| F|  |TAMS 0x00000000da000000, 0x00000000da000000| Untracked 
| 417|0x00000000da100000, 0x00000000da100000, 0x00000000da200000|  0%| F|  |TAMS 0x00000000da100000, 0x00000000da100000| Untracked 
| 418|0x00000000da200000, 0x00000000da200000, 0x00000000da300000|  0%| F|  |TAMS 0x00000000da200000, 0x00000000da200000| Untracked 
| 419|0x00000000da300000, 0x00000000da300000, 0x00000000da400000|  0%| F|  |TAMS 0x00000000da300000, 0x00000000da300000| Untracked 
| 420|0x00000000da400000, 0x00000000da400000, 0x00000000da500000|  0%| F|  |TAMS 0x00000000da400000, 0x00000000da400000| Untracked 
| 421|0x00000000da500000, 0x00000000da500000, 0x00000000da600000|  0%| F|  |TAMS 0x00000000da500000, 0x00000000da500000| Untracked 
| 422|0x00000000da600000, 0x00000000da600000, 0x00000000da700000|  0%| F|  |TAMS 0x00000000da600000, 0x00000000da600000| Untracked 
| 423|0x00000000da700000, 0x00000000da700000, 0x00000000da800000|  0%| F|  |TAMS 0x00000000da700000, 0x00000000da700000| Untracked 
| 424|0x00000000da800000, 0x00000000da800000, 0x00000000da900000|  0%| F|  |TAMS 0x00000000da800000, 0x00000000da800000| Untracked 
| 425|0x00000000da900000, 0x00000000da900000, 0x00000000daa00000|  0%| F|  |TAMS 0x00000000da900000, 0x00000000da900000| Untracked 
| 426|0x00000000daa00000, 0x00000000daa00000, 0x00000000dab00000|  0%| F|  |TAMS 0x00000000daa00000, 0x00000000daa00000| Untracked 
| 427|0x00000000dab00000, 0x00000000dab00000, 0x00000000dac00000|  0%| F|  |TAMS 0x00000000dab00000, 0x00000000dab00000| Untracked 
| 428|0x00000000dac00000, 0x00000000dac00000, 0x00000000dad00000|  0%| F|  |TAMS 0x00000000dac00000, 0x00000000dac00000| Untracked 
| 429|0x00000000dad00000, 0x00000000dad00000, 0x00000000dae00000|  0%| F|  |TAMS 0x00000000dad00000, 0x00000000dad00000| Untracked 
| 430|0x00000000dae00000, 0x00000000dae00000, 0x00000000daf00000|  0%| F|  |TAMS 0x00000000dae00000, 0x00000000dae00000| Untracked 
| 431|0x00000000daf00000, 0x00000000daf00000, 0x00000000db000000|  0%| F|  |TAMS 0x00000000daf00000, 0x00000000daf00000| Untracked 
| 432|0x00000000db000000, 0x00000000db000000, 0x00000000db100000|  0%| F|  |TAMS 0x00000000db000000, 0x00000000db000000| Untracked 
| 433|0x00000000db100000, 0x00000000db100000, 0x00000000db200000|  0%| F|  |TAMS 0x00000000db100000, 0x00000000db100000| Untracked 
| 434|0x00000000db200000, 0x00000000db200000, 0x00000000db300000|  0%| F|  |TAMS 0x00000000db200000, 0x00000000db200000| Untracked 
| 435|0x00000000db300000, 0x00000000db300000, 0x00000000db400000|  0%| F|  |TAMS 0x00000000db300000, 0x00000000db300000| Untracked 
| 436|0x00000000db400000, 0x00000000db400000, 0x00000000db500000|  0%| F|  |TAMS 0x00000000db400000, 0x00000000db400000| Untracked 
| 437|0x00000000db500000, 0x00000000db500000, 0x00000000db600000|  0%| F|  |TAMS 0x00000000db500000, 0x00000000db500000| Untracked 
| 438|0x00000000db600000, 0x00000000db700000, 0x00000000db700000|100%| O|  |TAMS 0x00000000db700000, 0x00000000db600000| Untracked 
| 439|0x00000000db700000, 0x00000000db800000, 0x00000000db800000|100%| O|  |TAMS 0x00000000db800000, 0x00000000db700000| Untracked 
| 440|0x00000000db800000, 0x00000000db900000, 0x00000000db900000|100%| O|  |TAMS 0x00000000db900000, 0x00000000db800000| Untracked 
| 441|0x00000000db900000, 0x00000000db900000, 0x00000000dba00000|  0%| F|  |TAMS 0x00000000db900000, 0x00000000db900000| Untracked 
| 442|0x00000000dba00000, 0x00000000dba00000, 0x00000000dbb00000|  0%| F|  |TAMS 0x00000000dba00000, 0x00000000dba00000| Untracked 
| 443|0x00000000dbb00000, 0x00000000dbb00000, 0x00000000dbc00000|  0%| F|  |TAMS 0x00000000dbb00000, 0x00000000dbb00000| Untracked 
| 444|0x00000000dbc00000, 0x00000000dbc00000, 0x00000000dbd00000|  0%| F|  |TAMS 0x00000000dbc00000, 0x00000000dbc00000| Untracked 
| 445|0x00000000dbd00000, 0x00000000dbd00000, 0x00000000dbe00000|  0%| F|  |TAMS 0x00000000dbd00000, 0x00000000dbd00000| Untracked 
| 446|0x00000000dbe00000, 0x00000000dbe00000, 0x00000000dbf00000|  0%| F|  |TAMS 0x00000000dbe00000, 0x00000000dbe00000| Untracked 
| 447|0x00000000dbf00000, 0x00000000dbf00000, 0x00000000dc000000|  0%| F|  |TAMS 0x00000000dbf00000, 0x00000000dbf00000| Untracked 
| 448|0x00000000dc000000, 0x00000000dc000000, 0x00000000dc100000|  0%| F|  |TAMS 0x00000000dc000000, 0x00000000dc000000| Untracked 
| 449|0x00000000dc100000, 0x00000000dc100000, 0x00000000dc200000|  0%| F|  |TAMS 0x00000000dc100000, 0x00000000dc100000| Untracked 
| 450|0x00000000dc200000, 0x00000000dc200000, 0x00000000dc300000|  0%| F|  |TAMS 0x00000000dc200000, 0x00000000dc200000| Untracked 
| 451|0x00000000dc300000, 0x00000000dc300000, 0x00000000dc400000|  0%| F|  |TAMS 0x00000000dc300000, 0x00000000dc300000| Untracked 
| 452|0x00000000dc400000, 0x00000000dc400000, 0x00000000dc500000|  0%| F|  |TAMS 0x00000000dc400000, 0x00000000dc400000| Untracked 
| 453|0x00000000dc500000, 0x00000000dc500000, 0x00000000dc600000|  0%| F|  |TAMS 0x00000000dc500000, 0x00000000dc500000| Untracked 
| 454|0x00000000dc600000, 0x00000000dc600000, 0x00000000dc700000|  0%| F|  |TAMS 0x00000000dc600000, 0x00000000dc600000| Untracked 
| 455|0x00000000dc700000, 0x00000000dc700000, 0x00000000dc800000|  0%| F|  |TAMS 0x00000000dc700000, 0x00000000dc700000| Untracked 
| 456|0x00000000dc800000, 0x00000000dc800000, 0x00000000dc900000|  0%| F|  |TAMS 0x00000000dc800000, 0x00000000dc800000| Untracked 
| 457|0x00000000dc900000, 0x00000000dc900000, 0x00000000dca00000|  0%| F|  |TAMS 0x00000000dc900000, 0x00000000dc900000| Untracked 
| 458|0x00000000dca00000, 0x00000000dca00000, 0x00000000dcb00000|  0%| F|  |TAMS 0x00000000dca00000, 0x00000000dca00000| Untracked 
| 459|0x00000000dcb00000, 0x00000000dcb00000, 0x00000000dcc00000|  0%| F|  |TAMS 0x00000000dcb00000, 0x00000000dcb00000| Untracked 
| 460|0x00000000dcc00000, 0x00000000dcc00000, 0x00000000dcd00000|  0%| F|  |TAMS 0x00000000dcc00000, 0x00000000dcc00000| Untracked 
| 461|0x00000000dcd00000, 0x00000000dcd00000, 0x00000000dce00000|  0%| F|  |TAMS 0x00000000dcd00000, 0x00000000dcd00000| Untracked 
| 462|0x00000000dce00000, 0x00000000dce00000, 0x00000000dcf00000|  0%| F|  |TAMS 0x00000000dce00000, 0x00000000dce00000| Untracked 
| 463|0x00000000dcf00000, 0x00000000dcf00000, 0x00000000dd000000|  0%| F|  |TAMS 0x00000000dcf00000, 0x00000000dcf00000| Untracked 
| 464|0x00000000dd000000, 0x00000000dd000000, 0x00000000dd100000|  0%| F|  |TAMS 0x00000000dd000000, 0x00000000dd000000| Untracked 
| 465|0x00000000dd100000, 0x00000000dd100000, 0x00000000dd200000|  0%| F|  |TAMS 0x00000000dd100000, 0x00000000dd100000| Untracked 
| 466|0x00000000dd200000, 0x00000000dd200000, 0x00000000dd300000|  0%| F|  |TAMS 0x00000000dd200000, 0x00000000dd200000| Untracked 
| 467|0x00000000dd300000, 0x00000000dd300000, 0x00000000dd400000|  0%| F|  |TAMS 0x00000000dd300000, 0x00000000dd300000| Untracked 
| 468|0x00000000dd400000, 0x00000000dd400000, 0x00000000dd500000|  0%| F|  |TAMS 0x00000000dd400000, 0x00000000dd400000| Untracked 
| 469|0x00000000dd500000, 0x00000000dd500000, 0x00000000dd600000|  0%| F|  |TAMS 0x00000000dd500000, 0x00000000dd500000| Untracked 
| 470|0x00000000dd600000, 0x00000000dd600000, 0x00000000dd700000|  0%| F|  |TAMS 0x00000000dd600000, 0x00000000dd600000| Untracked 
| 471|0x00000000dd700000, 0x00000000dd700000, 0x00000000dd800000|  0%| F|  |TAMS 0x00000000dd700000, 0x00000000dd700000| Untracked 
| 472|0x00000000dd800000, 0x00000000dd800000, 0x00000000dd900000|  0%| F|  |TAMS 0x00000000dd800000, 0x00000000dd800000| Untracked 
| 473|0x00000000dd900000, 0x00000000dd900000, 0x00000000dda00000|  0%| F|  |TAMS 0x00000000dd900000, 0x00000000dd900000| Untracked 
| 474|0x00000000dda00000, 0x00000000dda00000, 0x00000000ddb00000|  0%| F|  |TAMS 0x00000000dda00000, 0x00000000dda00000| Untracked 
| 475|0x00000000ddb00000, 0x00000000ddb00000, 0x00000000ddc00000|  0%| F|  |TAMS 0x00000000ddb00000, 0x00000000ddb00000| Untracked 
| 476|0x00000000ddc00000, 0x00000000ddc00000, 0x00000000ddd00000|  0%| F|  |TAMS 0x00000000ddc00000, 0x00000000ddc00000| Untracked 
| 477|0x00000000ddd00000, 0x00000000ddd00000, 0x00000000dde00000|  0%| F|  |TAMS 0x00000000ddd00000, 0x00000000ddd00000| Untracked 
| 478|0x00000000dde00000, 0x00000000dde00000, 0x00000000ddf00000|  0%| F|  |TAMS 0x00000000dde00000, 0x00000000dde00000| Untracked 
| 479|0x00000000ddf00000, 0x00000000ddf00000, 0x00000000de000000|  0%| F|  |TAMS 0x00000000ddf00000, 0x00000000ddf00000| Untracked 
| 480|0x00000000de000000, 0x00000000de000000, 0x00000000de100000|  0%| F|  |TAMS 0x00000000de000000, 0x00000000de000000| Untracked 
| 481|0x00000000de100000, 0x00000000de100000, 0x00000000de200000|  0%| F|  |TAMS 0x00000000de100000, 0x00000000de100000| Untracked 
| 482|0x00000000de200000, 0x00000000de200000, 0x00000000de300000|  0%| F|  |TAMS 0x00000000de200000, 0x00000000de200000| Untracked 
| 483|0x00000000de300000, 0x00000000de300000, 0x00000000de400000|  0%| F|  |TAMS 0x00000000de300000, 0x00000000de300000| Untracked 
| 484|0x00000000de400000, 0x00000000de400000, 0x00000000de500000|  0%| F|  |TAMS 0x00000000de400000, 0x00000000de400000| Untracked 
| 485|0x00000000de500000, 0x00000000de500000, 0x00000000de600000|  0%| F|  |TAMS 0x00000000de500000, 0x00000000de500000| Untracked 
| 486|0x00000000de600000, 0x00000000de600000, 0x00000000de700000|  0%| F|  |TAMS 0x00000000de600000, 0x00000000de600000| Untracked 
| 487|0x00000000de700000, 0x00000000de700000, 0x00000000de800000|  0%| F|  |TAMS 0x00000000de700000, 0x00000000de700000| Untracked 
| 488|0x00000000de800000, 0x00000000de800000, 0x00000000de900000|  0%| F|  |TAMS 0x00000000de800000, 0x00000000de800000| Untracked 
| 489|0x00000000de900000, 0x00000000de900000, 0x00000000dea00000|  0%| F|  |TAMS 0x00000000de900000, 0x00000000de900000| Untracked 
| 490|0x00000000dea00000, 0x00000000dea00000, 0x00000000deb00000|  0%| F|  |TAMS 0x00000000dea00000, 0x00000000dea00000| Untracked 
| 491|0x00000000deb00000, 0x00000000deb00000, 0x00000000dec00000|  0%| F|  |TAMS 0x00000000deb00000, 0x00000000deb00000| Untracked 
| 492|0x00000000dec00000, 0x00000000dec00000, 0x00000000ded00000|  0%| F|  |TAMS 0x00000000dec00000, 0x00000000dec00000| Untracked 
| 493|0x00000000ded00000, 0x00000000ded00000, 0x00000000dee00000|  0%| F|  |TAMS 0x00000000ded00000, 0x00000000ded00000| Untracked 
| 494|0x00000000dee00000, 0x00000000dee00000, 0x00000000def00000|  0%| F|  |TAMS 0x00000000dee00000, 0x00000000dee00000| Untracked 
| 495|0x00000000def00000, 0x00000000def00000, 0x00000000df000000|  0%| F|  |TAMS 0x00000000def00000, 0x00000000def00000| Untracked 
| 496|0x00000000df000000, 0x00000000df000000, 0x00000000df100000|  0%| F|  |TAMS 0x00000000df000000, 0x00000000df000000| Untracked 
| 497|0x00000000df100000, 0x00000000df100000, 0x00000000df200000|  0%| F|  |TAMS 0x00000000df100000, 0x00000000df100000| Untracked 
| 498|0x00000000df200000, 0x00000000df200000, 0x00000000df300000|  0%| F|  |TAMS 0x00000000df200000, 0x00000000df200000| Untracked 
| 499|0x00000000df300000, 0x00000000df300000, 0x00000000df400000|  0%| F|  |TAMS 0x00000000df300000, 0x00000000df300000| Untracked 
| 500|0x00000000df400000, 0x00000000df400000, 0x00000000df500000|  0%| F|  |TAMS 0x00000000df400000, 0x00000000df400000| Untracked 
| 501|0x00000000df500000, 0x00000000df500000, 0x00000000df600000|  0%| F|  |TAMS 0x00000000df500000, 0x00000000df500000| Untracked 
| 502|0x00000000df600000, 0x00000000df600000, 0x00000000df700000|  0%| F|  |TAMS 0x00000000df600000, 0x00000000df600000| Untracked 
| 503|0x00000000df700000, 0x00000000df700000, 0x00000000df800000|  0%| F|  |TAMS 0x00000000df700000, 0x00000000df700000| Untracked 
| 504|0x00000000df800000, 0x00000000df800000, 0x00000000df900000|  0%| F|  |TAMS 0x00000000df800000, 0x00000000df800000| Untracked 
| 505|0x00000000df900000, 0x00000000df900000, 0x00000000dfa00000|  0%| F|  |TAMS 0x00000000df900000, 0x00000000df900000| Untracked 
| 506|0x00000000dfa00000, 0x00000000dfa00000, 0x00000000dfb00000|  0%| F|  |TAMS 0x00000000dfa00000, 0x00000000dfa00000| Untracked 
| 507|0x00000000dfb00000, 0x00000000dfb00000, 0x00000000dfc00000|  0%| F|  |TAMS 0x00000000dfb00000, 0x00000000dfb00000| Untracked 
| 508|0x00000000dfc00000, 0x00000000dfc00000, 0x00000000dfd00000|  0%| F|  |TAMS 0x00000000dfc00000, 0x00000000dfc00000| Untracked 
| 509|0x00000000dfd00000, 0x00000000dfd00000, 0x00000000dfe00000|  0%| F|  |TAMS 0x00000000dfd00000, 0x00000000dfd00000| Untracked 
| 510|0x00000000dfe00000, 0x00000000dfe00000, 0x00000000dff00000|  0%| F|  |TAMS 0x00000000dfe00000, 0x00000000dfe00000| Untracked 
| 511|0x00000000dff00000, 0x00000000dff00000, 0x00000000e0000000|  0%| F|  |TAMS 0x00000000dff00000, 0x00000000dff00000| Untracked 
| 512|0x00000000e0000000, 0x00000000e0000000, 0x00000000e0100000|  0%| F|  |TAMS 0x00000000e0000000, 0x00000000e0000000| Untracked 
| 513|0x00000000e0100000, 0x00000000e0100000, 0x00000000e0200000|  0%| F|  |TAMS 0x00000000e0100000, 0x00000000e0100000| Untracked 
| 514|0x00000000e0200000, 0x00000000e0200000, 0x00000000e0300000|  0%| F|  |TAMS 0x00000000e0200000, 0x00000000e0200000| Untracked 
| 515|0x00000000e0300000, 0x00000000e0300000, 0x00000000e0400000|  0%| F|  |TAMS 0x00000000e0300000, 0x00000000e0300000| Untracked 
| 516|0x00000000e0400000, 0x00000000e0400000, 0x00000000e0500000|  0%| F|  |TAMS 0x00000000e0400000, 0x00000000e0400000| Untracked 
| 517|0x00000000e0500000, 0x00000000e0500000, 0x00000000e0600000|  0%| F|  |TAMS 0x00000000e0500000, 0x00000000e0500000| Untracked 
| 518|0x00000000e0600000, 0x00000000e0600000, 0x00000000e0700000|  0%| F|  |TAMS 0x00000000e0600000, 0x00000000e0600000| Untracked 
| 519|0x00000000e0700000, 0x00000000e0700000, 0x00000000e0800000|  0%| F|  |TAMS 0x00000000e0700000, 0x00000000e0700000| Untracked 
| 520|0x00000000e0800000, 0x00000000e0800000, 0x00000000e0900000|  0%| F|  |TAMS 0x00000000e0800000, 0x00000000e0800000| Untracked 
| 521|0x00000000e0900000, 0x00000000e0900000, 0x00000000e0a00000|  0%| F|  |TAMS 0x00000000e0900000, 0x00000000e0900000| Untracked 
| 522|0x00000000e0a00000, 0x00000000e0a00000, 0x00000000e0b00000|  0%| F|  |TAMS 0x00000000e0a00000, 0x00000000e0a00000| Untracked 
| 523|0x00000000e0b00000, 0x00000000e0b00000, 0x00000000e0c00000|  0%| F|  |TAMS 0x00000000e0b00000, 0x00000000e0b00000| Untracked 
| 524|0x00000000e0c00000, 0x00000000e0c00000, 0x00000000e0d00000|  0%| F|  |TAMS 0x00000000e0c00000, 0x00000000e0c00000| Untracked 
| 525|0x00000000e0d00000, 0x00000000e0d00000, 0x00000000e0e00000|  0%| F|  |TAMS 0x00000000e0d00000, 0x00000000e0d00000| Untracked 
| 526|0x00000000e0e00000, 0x00000000e0e00000, 0x00000000e0f00000|  0%| F|  |TAMS 0x00000000e0e00000, 0x00000000e0e00000| Untracked 
| 527|0x00000000e0f00000, 0x00000000e0f00000, 0x00000000e1000000|  0%| F|  |TAMS 0x00000000e0f00000, 0x00000000e0f00000| Untracked 
| 528|0x00000000e1000000, 0x00000000e1000000, 0x00000000e1100000|  0%| F|  |TAMS 0x00000000e1000000, 0x00000000e1000000| Untracked 
| 529|0x00000000e1100000, 0x00000000e1100000, 0x00000000e1200000|  0%| F|  |TAMS 0x00000000e1100000, 0x00000000e1100000| Untracked 
| 530|0x00000000e1200000, 0x00000000e1200000, 0x00000000e1300000|  0%| F|  |TAMS 0x00000000e1200000, 0x00000000e1200000| Untracked 
| 531|0x00000000e1300000, 0x00000000e1300000, 0x00000000e1400000|  0%| F|  |TAMS 0x00000000e1300000, 0x00000000e1300000| Untracked 
| 532|0x00000000e1400000, 0x00000000e1400000, 0x00000000e1500000|  0%| F|  |TAMS 0x00000000e1400000, 0x00000000e1400000| Untracked 
| 533|0x00000000e1500000, 0x00000000e1500000, 0x00000000e1600000|  0%| F|  |TAMS 0x00000000e1500000, 0x00000000e1500000| Untracked 
| 534|0x00000000e1600000, 0x00000000e1600000, 0x00000000e1700000|  0%| F|  |TAMS 0x00000000e1600000, 0x00000000e1600000| Untracked 
| 535|0x00000000e1700000, 0x00000000e1700000, 0x00000000e1800000|  0%| F|  |TAMS 0x00000000e1700000, 0x00000000e1700000| Untracked 
| 536|0x00000000e1800000, 0x00000000e1800000, 0x00000000e1900000|  0%| F|  |TAMS 0x00000000e1800000, 0x00000000e1800000| Untracked 
| 537|0x00000000e1900000, 0x00000000e1900000, 0x00000000e1a00000|  0%| F|  |TAMS 0x00000000e1900000, 0x00000000e1900000| Untracked 
| 538|0x00000000e1a00000, 0x00000000e1a00000, 0x00000000e1b00000|  0%| F|  |TAMS 0x00000000e1a00000, 0x00000000e1a00000| Untracked 
| 539|0x00000000e1b00000, 0x00000000e1b00000, 0x00000000e1c00000|  0%| F|  |TAMS 0x00000000e1b00000, 0x00000000e1b00000| Untracked 
| 540|0x00000000e1c00000, 0x00000000e1c00000, 0x00000000e1d00000|  0%| F|  |TAMS 0x00000000e1c00000, 0x00000000e1c00000| Untracked 
| 541|0x00000000e1d00000, 0x00000000e1d00000, 0x00000000e1e00000|  0%| F|  |TAMS 0x00000000e1d00000, 0x00000000e1d00000| Untracked 
| 542|0x00000000e1e00000, 0x00000000e1e00000, 0x00000000e1f00000|  0%| F|  |TAMS 0x00000000e1e00000, 0x00000000e1e00000| Untracked 
| 543|0x00000000e1f00000, 0x00000000e1f00000, 0x00000000e2000000|  0%| F|  |TAMS 0x00000000e1f00000, 0x00000000e1f00000| Untracked 
| 544|0x00000000e2000000, 0x00000000e2000000, 0x00000000e2100000|  0%| F|  |TAMS 0x00000000e2000000, 0x00000000e2000000| Untracked 
| 545|0x00000000e2100000, 0x00000000e2100000, 0x00000000e2200000|  0%| F|  |TAMS 0x00000000e2100000, 0x00000000e2100000| Untracked 
| 546|0x00000000e2200000, 0x00000000e2200000, 0x00000000e2300000|  0%| F|  |TAMS 0x00000000e2200000, 0x00000000e2200000| Untracked 
| 547|0x00000000e2300000, 0x00000000e2300000, 0x00000000e2400000|  0%| F|  |TAMS 0x00000000e2300000, 0x00000000e2300000| Untracked 
| 548|0x00000000e2400000, 0x00000000e2400000, 0x00000000e2500000|  0%| F|  |TAMS 0x00000000e2400000, 0x00000000e2400000| Untracked 
| 549|0x00000000e2500000, 0x00000000e2500000, 0x00000000e2600000|  0%| F|  |TAMS 0x00000000e2500000, 0x00000000e2500000| Untracked 
| 550|0x00000000e2600000, 0x00000000e2600000, 0x00000000e2700000|  0%| F|  |TAMS 0x00000000e2600000, 0x00000000e2600000| Untracked 
| 551|0x00000000e2700000, 0x00000000e2700000, 0x00000000e2800000|  0%| F|  |TAMS 0x00000000e2700000, 0x00000000e2700000| Untracked 
| 552|0x00000000e2800000, 0x00000000e2800000, 0x00000000e2900000|  0%| F|  |TAMS 0x00000000e2800000, 0x00000000e2800000| Untracked 
| 553|0x00000000e2900000, 0x00000000e2900000, 0x00000000e2a00000|  0%| F|  |TAMS 0x00000000e2900000, 0x00000000e2900000| Untracked 
| 554|0x00000000e2a00000, 0x00000000e2a00000, 0x00000000e2b00000|  0%| F|  |TAMS 0x00000000e2a00000, 0x00000000e2a00000| Untracked 
| 555|0x00000000e2b00000, 0x00000000e2b00000, 0x00000000e2c00000|  0%| F|  |TAMS 0x00000000e2b00000, 0x00000000e2b00000| Untracked 
| 556|0x00000000e2c00000, 0x00000000e2c00000, 0x00000000e2d00000|  0%| F|  |TAMS 0x00000000e2c00000, 0x00000000e2c00000| Untracked 
| 557|0x00000000e2d00000, 0x00000000e2d00000, 0x00000000e2e00000|  0%| F|  |TAMS 0x00000000e2d00000, 0x00000000e2d00000| Untracked 
| 558|0x00000000e2e00000, 0x00000000e2e00000, 0x00000000e2f00000|  0%| F|  |TAMS 0x00000000e2e00000, 0x00000000e2e00000| Untracked 
| 559|0x00000000e2f00000, 0x00000000e2f00000, 0x00000000e3000000|  0%| F|  |TAMS 0x00000000e2f00000, 0x00000000e2f00000| Untracked 
| 560|0x00000000e3000000, 0x00000000e3000000, 0x00000000e3100000|  0%| F|  |TAMS 0x00000000e3000000, 0x00000000e3000000| Untracked 
| 561|0x00000000e3100000, 0x00000000e3100000, 0x00000000e3200000|  0%| F|  |TAMS 0x00000000e3100000, 0x00000000e3100000| Untracked 
| 562|0x00000000e3200000, 0x00000000e3200000, 0x00000000e3300000|  0%| F|  |TAMS 0x00000000e3200000, 0x00000000e3200000| Untracked 
| 563|0x00000000e3300000, 0x00000000e3300000, 0x00000000e3400000|  0%| F|  |TAMS 0x00000000e3300000, 0x00000000e3300000| Untracked 
| 564|0x00000000e3400000, 0x00000000e3400000, 0x00000000e3500000|  0%| F|  |TAMS 0x00000000e3400000, 0x00000000e3400000| Untracked 
| 565|0x00000000e3500000, 0x00000000e3500000, 0x00000000e3600000|  0%| F|  |TAMS 0x00000000e3500000, 0x00000000e3500000| Untracked 
| 566|0x00000000e3600000, 0x00000000e3600000, 0x00000000e3700000|  0%| F|  |TAMS 0x00000000e3600000, 0x00000000e3600000| Untracked 
| 567|0x00000000e3700000, 0x00000000e3700000, 0x00000000e3800000|  0%| F|  |TAMS 0x00000000e3700000, 0x00000000e3700000| Untracked 
| 568|0x00000000e3800000, 0x00000000e3800000, 0x00000000e3900000|  0%| F|  |TAMS 0x00000000e3800000, 0x00000000e3800000| Untracked 
| 569|0x00000000e3900000, 0x00000000e3900000, 0x00000000e3a00000|  0%| F|  |TAMS 0x00000000e3900000, 0x00000000e3900000| Untracked 
| 570|0x00000000e3a00000, 0x00000000e3a00000, 0x00000000e3b00000|  0%| F|  |TAMS 0x00000000e3a00000, 0x00000000e3a00000| Untracked 
| 571|0x00000000e3b00000, 0x00000000e3b00000, 0x00000000e3c00000|  0%| F|  |TAMS 0x00000000e3b00000, 0x00000000e3b00000| Untracked 
| 572|0x00000000e3c00000, 0x00000000e3c00000, 0x00000000e3d00000|  0%| F|  |TAMS 0x00000000e3c00000, 0x00000000e3c00000| Untracked 
| 573|0x00000000e3d00000, 0x00000000e3d00000, 0x00000000e3e00000|  0%| F|  |TAMS 0x00000000e3d00000, 0x00000000e3d00000| Untracked 
| 574|0x00000000e3e00000, 0x00000000e3e00000, 0x00000000e3f00000|  0%| F|  |TAMS 0x00000000e3e00000, 0x00000000e3e00000| Untracked 
| 575|0x00000000e3f00000, 0x00000000e3f00000, 0x00000000e4000000|  0%| F|  |TAMS 0x00000000e3f00000, 0x00000000e3f00000| Untracked 
| 576|0x00000000e4000000, 0x00000000e4000000, 0x00000000e4100000|  0%| F|  |TAMS 0x00000000e4000000, 0x00000000e4000000| Untracked 
| 577|0x00000000e4100000, 0x00000000e4100000, 0x00000000e4200000|  0%| F|  |TAMS 0x00000000e4100000, 0x00000000e4100000| Untracked 
| 578|0x00000000e4200000, 0x00000000e4200000, 0x00000000e4300000|  0%| F|  |TAMS 0x00000000e4200000, 0x00000000e4200000| Untracked 
| 579|0x00000000e4300000, 0x00000000e4300000, 0x00000000e4400000|  0%| F|  |TAMS 0x00000000e4300000, 0x00000000e4300000| Untracked 
| 580|0x00000000e4400000, 0x00000000e4400000, 0x00000000e4500000|  0%| F|  |TAMS 0x00000000e4400000, 0x00000000e4400000| Untracked 
| 581|0x00000000e4500000, 0x00000000e4500000, 0x00000000e4600000|  0%| F|  |TAMS 0x00000000e4500000, 0x00000000e4500000| Untracked 
| 582|0x00000000e4600000, 0x00000000e4600000, 0x00000000e4700000|  0%| F|  |TAMS 0x00000000e4600000, 0x00000000e4600000| Untracked 
| 583|0x00000000e4700000, 0x00000000e4700000, 0x00000000e4800000|  0%| F|  |TAMS 0x00000000e4700000, 0x00000000e4700000| Untracked 
| 584|0x00000000e4800000, 0x00000000e4800000, 0x00000000e4900000|  0%| F|  |TAMS 0x00000000e4800000, 0x00000000e4800000| Untracked 
| 585|0x00000000e4900000, 0x00000000e4900000, 0x00000000e4a00000|  0%| F|  |TAMS 0x00000000e4900000, 0x00000000e4900000| Untracked 
| 586|0x00000000e4a00000, 0x00000000e4a00000, 0x00000000e4b00000|  0%| F|  |TAMS 0x00000000e4a00000, 0x00000000e4a00000| Untracked 
| 587|0x00000000e4b00000, 0x00000000e4b00000, 0x00000000e4c00000|  0%| F|  |TAMS 0x00000000e4b00000, 0x00000000e4b00000| Untracked 
| 588|0x00000000e4c00000, 0x00000000e4c00000, 0x00000000e4d00000|  0%| F|  |TAMS 0x00000000e4c00000, 0x00000000e4c00000| Untracked 
| 589|0x00000000e4d00000, 0x00000000e4d00000, 0x00000000e4e00000|  0%| F|  |TAMS 0x00000000e4d00000, 0x00000000e4d00000| Untracked 
| 590|0x00000000e4e00000, 0x00000000e4e00000, 0x00000000e4f00000|  0%| F|  |TAMS 0x00000000e4e00000, 0x00000000e4e00000| Untracked 
| 591|0x00000000e4f00000, 0x00000000e4f00000, 0x00000000e5000000|  0%| F|  |TAMS 0x00000000e4f00000, 0x00000000e4f00000| Untracked 
| 592|0x00000000e5000000, 0x00000000e5000000, 0x00000000e5100000|  0%| F|  |TAMS 0x00000000e5000000, 0x00000000e5000000| Untracked 
| 593|0x00000000e5100000, 0x00000000e5100000, 0x00000000e5200000|  0%| F|  |TAMS 0x00000000e5100000, 0x00000000e5100000| Untracked 
| 594|0x00000000e5200000, 0x00000000e5200000, 0x00000000e5300000|  0%| F|  |TAMS 0x00000000e5200000, 0x00000000e5200000| Untracked 
| 595|0x00000000e5300000, 0x00000000e5300000, 0x00000000e5400000|  0%| F|  |TAMS 0x00000000e5300000, 0x00000000e5300000| Untracked 
| 596|0x00000000e5400000, 0x00000000e5400000, 0x00000000e5500000|  0%| F|  |TAMS 0x00000000e5400000, 0x00000000e5400000| Untracked 
| 597|0x00000000e5500000, 0x00000000e5500000, 0x00000000e5600000|  0%| F|  |TAMS 0x00000000e5500000, 0x00000000e5500000| Untracked 
| 598|0x00000000e5600000, 0x00000000e5600000, 0x00000000e5700000|  0%| F|  |TAMS 0x00000000e5600000, 0x00000000e5600000| Untracked 
| 599|0x00000000e5700000, 0x00000000e5700000, 0x00000000e5800000|  0%| F|  |TAMS 0x00000000e5700000, 0x00000000e5700000| Untracked 
| 600|0x00000000e5800000, 0x00000000e5800000, 0x00000000e5900000|  0%| F|  |TAMS 0x00000000e5800000, 0x00000000e5800000| Untracked 
| 601|0x00000000e5900000, 0x00000000e5900000, 0x00000000e5a00000|  0%| F|  |TAMS 0x00000000e5900000, 0x00000000e5900000| Untracked 
| 602|0x00000000e5a00000, 0x00000000e5a00000, 0x00000000e5b00000|  0%| F|  |TAMS 0x00000000e5a00000, 0x00000000e5a00000| Untracked 
| 603|0x00000000e5b00000, 0x00000000e5b00000, 0x00000000e5c00000|  0%| F|  |TAMS 0x00000000e5b00000, 0x00000000e5b00000| Untracked 
| 604|0x00000000e5c00000, 0x00000000e5c00000, 0x00000000e5d00000|  0%| F|  |TAMS 0x00000000e5c00000, 0x00000000e5c00000| Untracked 
| 605|0x00000000e5d00000, 0x00000000e5d00000, 0x00000000e5e00000|  0%| F|  |TAMS 0x00000000e5d00000, 0x00000000e5d00000| Untracked 
| 606|0x00000000e5e00000, 0x00000000e5e00000, 0x00000000e5f00000|  0%| F|  |TAMS 0x00000000e5e00000, 0x00000000e5e00000| Untracked 
| 607|0x00000000e5f00000, 0x00000000e5f00000, 0x00000000e6000000|  0%| F|  |TAMS 0x00000000e5f00000, 0x00000000e5f00000| Untracked 
| 608|0x00000000e6000000, 0x00000000e6000000, 0x00000000e6100000|  0%| F|  |TAMS 0x00000000e6000000, 0x00000000e6000000| Untracked 
| 609|0x00000000e6100000, 0x00000000e6100000, 0x00000000e6200000|  0%| F|  |TAMS 0x00000000e6100000, 0x00000000e6100000| Untracked 
| 610|0x00000000e6200000, 0x00000000e6200000, 0x00000000e6300000|  0%| F|  |TAMS 0x00000000e6200000, 0x00000000e6200000| Untracked 
| 611|0x00000000e6300000, 0x00000000e6300000, 0x00000000e6400000|  0%| F|  |TAMS 0x00000000e6300000, 0x00000000e6300000| Untracked 
| 612|0x00000000e6400000, 0x00000000e6400000, 0x00000000e6500000|  0%| F|  |TAMS 0x00000000e6400000, 0x00000000e6400000| Untracked 
| 613|0x00000000e6500000, 0x00000000e6500000, 0x00000000e6600000|  0%| F|  |TAMS 0x00000000e6500000, 0x00000000e6500000| Untracked 
| 614|0x00000000e6600000, 0x00000000e6600000, 0x00000000e6700000|  0%| F|  |TAMS 0x00000000e6600000, 0x00000000e6600000| Untracked 
| 615|0x00000000e6700000, 0x00000000e6700000, 0x00000000e6800000|  0%| F|  |TAMS 0x00000000e6700000, 0x00000000e6700000| Untracked 
| 616|0x00000000e6800000, 0x00000000e6800000, 0x00000000e6900000|  0%| F|  |TAMS 0x00000000e6800000, 0x00000000e6800000| Untracked 
| 617|0x00000000e6900000, 0x00000000e6900000, 0x00000000e6a00000|  0%| F|  |TAMS 0x00000000e6900000, 0x00000000e6900000| Untracked 
| 618|0x00000000e6a00000, 0x00000000e6a00000, 0x00000000e6b00000|  0%| F|  |TAMS 0x00000000e6a00000, 0x00000000e6a00000| Untracked 
| 619|0x00000000e6b00000, 0x00000000e6b00000, 0x00000000e6c00000|  0%| F|  |TAMS 0x00000000e6b00000, 0x00000000e6b00000| Untracked 
| 620|0x00000000e6c00000, 0x00000000e6c00000, 0x00000000e6d00000|  0%| F|  |TAMS 0x00000000e6c00000, 0x00000000e6c00000| Untracked 
| 621|0x00000000e6d00000, 0x00000000e6d00000, 0x00000000e6e00000|  0%| F|  |TAMS 0x00000000e6d00000, 0x00000000e6d00000| Untracked 
| 622|0x00000000e6e00000, 0x00000000e6e00000, 0x00000000e6f00000|  0%| F|  |TAMS 0x00000000e6e00000, 0x00000000e6e00000| Untracked 
| 623|0x00000000e6f00000, 0x00000000e6f00000, 0x00000000e7000000|  0%| F|  |TAMS 0x00000000e6f00000, 0x00000000e6f00000| Untracked 
| 624|0x00000000e7000000, 0x00000000e7000000, 0x00000000e7100000|  0%| F|  |TAMS 0x00000000e7000000, 0x00000000e7000000| Untracked 
| 625|0x00000000e7100000, 0x00000000e7100000, 0x00000000e7200000|  0%| F|  |TAMS 0x00000000e7100000, 0x00000000e7100000| Untracked 
| 626|0x00000000e7200000, 0x00000000e7200000, 0x00000000e7300000|  0%| F|  |TAMS 0x00000000e7200000, 0x00000000e7200000| Untracked 
| 627|0x00000000e7300000, 0x00000000e7300000, 0x00000000e7400000|  0%| F|  |TAMS 0x00000000e7300000, 0x00000000e7300000| Untracked 
| 628|0x00000000e7400000, 0x00000000e7400000, 0x00000000e7500000|  0%| F|  |TAMS 0x00000000e7400000, 0x00000000e7400000| Untracked 
| 629|0x00000000e7500000, 0x00000000e7500000, 0x00000000e7600000|  0%| F|  |TAMS 0x00000000e7500000, 0x00000000e7500000| Untracked 
| 630|0x00000000e7600000, 0x00000000e7600000, 0x00000000e7700000|  0%| F|  |TAMS 0x00000000e7600000, 0x00000000e7600000| Untracked 
| 631|0x00000000e7700000, 0x00000000e7700000, 0x00000000e7800000|  0%| F|  |TAMS 0x00000000e7700000, 0x00000000e7700000| Untracked 
| 632|0x00000000e7800000, 0x00000000e7800000, 0x00000000e7900000|  0%| F|  |TAMS 0x00000000e7800000, 0x00000000e7800000| Untracked 
| 633|0x00000000e7900000, 0x00000000e7900000, 0x00000000e7a00000|  0%| F|  |TAMS 0x00000000e7900000, 0x00000000e7900000| Untracked 
| 634|0x00000000e7a00000, 0x00000000e7a00000, 0x00000000e7b00000|  0%| F|  |TAMS 0x00000000e7a00000, 0x00000000e7a00000| Untracked 
| 635|0x00000000e7b00000, 0x00000000e7b00000, 0x00000000e7c00000|  0%| F|  |TAMS 0x00000000e7b00000, 0x00000000e7b00000| Untracked 
| 636|0x00000000e7c00000, 0x00000000e7c00000, 0x00000000e7d00000|  0%| F|  |TAMS 0x00000000e7c00000, 0x00000000e7c00000| Untracked 
| 637|0x00000000e7d00000, 0x00000000e7d00000, 0x00000000e7e00000|  0%| F|  |TAMS 0x00000000e7d00000, 0x00000000e7d00000| Untracked 
| 638|0x00000000e7e00000, 0x00000000e7e00000, 0x00000000e7f00000|  0%| F|  |TAMS 0x00000000e7e00000, 0x00000000e7e00000| Untracked 
| 639|0x00000000e7f00000, 0x00000000e7f00000, 0x00000000e8000000|  0%| F|  |TAMS 0x00000000e7f00000, 0x00000000e7f00000| Untracked 
| 640|0x00000000e8000000, 0x00000000e8000000, 0x00000000e8100000|  0%| F|  |TAMS 0x00000000e8000000, 0x00000000e8000000| Untracked 
| 641|0x00000000e8100000, 0x00000000e8100000, 0x00000000e8200000|  0%| F|  |TAMS 0x00000000e8100000, 0x00000000e8100000| Untracked 
| 642|0x00000000e8200000, 0x00000000e8200000, 0x00000000e8300000|  0%| F|  |TAMS 0x00000000e8200000, 0x00000000e8200000| Untracked 
| 643|0x00000000e8300000, 0x00000000e8300000, 0x00000000e8400000|  0%| F|  |TAMS 0x00000000e8300000, 0x00000000e8300000| Untracked 
| 644|0x00000000e8400000, 0x00000000e8400000, 0x00000000e8500000|  0%| F|  |TAMS 0x00000000e8400000, 0x00000000e8400000| Untracked 
| 645|0x00000000e8500000, 0x00000000e8500000, 0x00000000e8600000|  0%| F|  |TAMS 0x00000000e8500000, 0x00000000e8500000| Untracked 
| 646|0x00000000e8600000, 0x00000000e8600000, 0x00000000e8700000|  0%| F|  |TAMS 0x00000000e8600000, 0x00000000e8600000| Untracked 
| 647|0x00000000e8700000, 0x00000000e8700000, 0x00000000e8800000|  0%| F|  |TAMS 0x00000000e8700000, 0x00000000e8700000| Untracked 
| 648|0x00000000e8800000, 0x00000000e8800000, 0x00000000e8900000|  0%| F|  |TAMS 0x00000000e8800000, 0x00000000e8800000| Untracked 
| 649|0x00000000e8900000, 0x00000000e8900000, 0x00000000e8a00000|  0%| F|  |TAMS 0x00000000e8900000, 0x00000000e8900000| Untracked 
| 650|0x00000000e8a00000, 0x00000000e8a00000, 0x00000000e8b00000|  0%| F|  |TAMS 0x00000000e8a00000, 0x00000000e8a00000| Untracked 
| 651|0x00000000e8b00000, 0x00000000e8b00000, 0x00000000e8c00000|  0%| F|  |TAMS 0x00000000e8b00000, 0x00000000e8b00000| Untracked 
| 652|0x00000000e8c00000, 0x00000000e8c00000, 0x00000000e8d00000|  0%| F|  |TAMS 0x00000000e8c00000, 0x00000000e8c00000| Untracked 
| 653|0x00000000e8d00000, 0x00000000e8d00000, 0x00000000e8e00000|  0%| F|  |TAMS 0x00000000e8d00000, 0x00000000e8d00000| Untracked 
| 654|0x00000000e8e00000, 0x00000000e8e00000, 0x00000000e8f00000|  0%| F|  |TAMS 0x00000000e8e00000, 0x00000000e8e00000| Untracked 
| 655|0x00000000e8f00000, 0x00000000e8f00000, 0x00000000e9000000|  0%| F|  |TAMS 0x00000000e8f00000, 0x00000000e8f00000| Untracked 
| 656|0x00000000e9000000, 0x00000000e9000000, 0x00000000e9100000|  0%| F|  |TAMS 0x00000000e9000000, 0x00000000e9000000| Untracked 
| 657|0x00000000e9100000, 0x00000000e9100000, 0x00000000e9200000|  0%| F|  |TAMS 0x00000000e9100000, 0x00000000e9100000| Untracked 
| 658|0x00000000e9200000, 0x00000000e9200000, 0x00000000e9300000|  0%| F|  |TAMS 0x00000000e9200000, 0x00000000e9200000| Untracked 
| 659|0x00000000e9300000, 0x00000000e9300000, 0x00000000e9400000|  0%| F|  |TAMS 0x00000000e9300000, 0x00000000e9300000| Untracked 
| 660|0x00000000e9400000, 0x00000000e9400000, 0x00000000e9500000|  0%| F|  |TAMS 0x00000000e9400000, 0x00000000e9400000| Untracked 
| 661|0x00000000e9500000, 0x00000000e9500000, 0x00000000e9600000|  0%| F|  |TAMS 0x00000000e9500000, 0x00000000e9500000| Untracked 
| 662|0x00000000e9600000, 0x00000000e9600000, 0x00000000e9700000|  0%| F|  |TAMS 0x00000000e9600000, 0x00000000e9600000| Untracked 
| 663|0x00000000e9700000, 0x00000000e9700000, 0x00000000e9800000|  0%| F|  |TAMS 0x00000000e9700000, 0x00000000e9700000| Untracked 
| 664|0x00000000e9800000, 0x00000000e9800000, 0x00000000e9900000|  0%| F|  |TAMS 0x00000000e9800000, 0x00000000e9800000| Untracked 
| 665|0x00000000e9900000, 0x00000000e9900000, 0x00000000e9a00000|  0%| F|  |TAMS 0x00000000e9900000, 0x00000000e9900000| Untracked 
| 666|0x00000000e9a00000, 0x00000000e9a00000, 0x00000000e9b00000|  0%| F|  |TAMS 0x00000000e9a00000, 0x00000000e9a00000| Untracked 
| 667|0x00000000e9b00000, 0x00000000e9b00000, 0x00000000e9c00000|  0%| F|  |TAMS 0x00000000e9b00000, 0x00000000e9b00000| Untracked 
| 668|0x00000000e9c00000, 0x00000000e9c00000, 0x00000000e9d00000|  0%| F|  |TAMS 0x00000000e9c00000, 0x00000000e9c00000| Untracked 
| 669|0x00000000e9d00000, 0x00000000e9d00000, 0x00000000e9e00000|  0%| F|  |TAMS 0x00000000e9d00000, 0x00000000e9d00000| Untracked 
| 670|0x00000000e9e00000, 0x00000000e9e00000, 0x00000000e9f00000|  0%| F|  |TAMS 0x00000000e9e00000, 0x00000000e9e00000| Untracked 
| 671|0x00000000e9f00000, 0x00000000e9f00000, 0x00000000ea000000|  0%| F|  |TAMS 0x00000000e9f00000, 0x00000000e9f00000| Untracked 
| 672|0x00000000ea000000, 0x00000000ea000000, 0x00000000ea100000|  0%| F|  |TAMS 0x00000000ea000000, 0x00000000ea000000| Untracked 
| 673|0x00000000ea100000, 0x00000000ea100000, 0x00000000ea200000|  0%| F|  |TAMS 0x00000000ea100000, 0x00000000ea100000| Untracked 
| 674|0x00000000ea200000, 0x00000000ea200000, 0x00000000ea300000|  0%| F|  |TAMS 0x00000000ea200000, 0x00000000ea200000| Untracked 
| 675|0x00000000ea300000, 0x00000000ea300000, 0x00000000ea400000|  0%| F|  |TAMS 0x00000000ea300000, 0x00000000ea300000| Untracked 
| 676|0x00000000ea400000, 0x00000000ea400000, 0x00000000ea500000|  0%| F|  |TAMS 0x00000000ea400000, 0x00000000ea400000| Untracked 
| 677|0x00000000ea500000, 0x00000000ea500000, 0x00000000ea600000|  0%| F|  |TAMS 0x00000000ea500000, 0x00000000ea500000| Untracked 
| 678|0x00000000ea600000, 0x00000000ea600000, 0x00000000ea700000|  0%| F|  |TAMS 0x00000000ea600000, 0x00000000ea600000| Untracked 
| 679|0x00000000ea700000, 0x00000000ea700000, 0x00000000ea800000|  0%| F|  |TAMS 0x00000000ea700000, 0x00000000ea700000| Untracked 
| 680|0x00000000ea800000, 0x00000000ea800000, 0x00000000ea900000|  0%| F|  |TAMS 0x00000000ea800000, 0x00000000ea800000| Untracked 
| 681|0x00000000ea900000, 0x00000000ea900000, 0x00000000eaa00000|  0%| F|  |TAMS 0x00000000ea900000, 0x00000000ea900000| Untracked 
| 682|0x00000000eaa00000, 0x00000000eaa00000, 0x00000000eab00000|  0%| F|  |TAMS 0x00000000eaa00000, 0x00000000eaa00000| Untracked 
| 683|0x00000000eab00000, 0x00000000eab00000, 0x00000000eac00000|  0%| F|  |TAMS 0x00000000eab00000, 0x00000000eab00000| Untracked 
| 684|0x00000000eac00000, 0x00000000eac00000, 0x00000000ead00000|  0%| F|  |TAMS 0x00000000eac00000, 0x00000000eac00000| Untracked 
| 685|0x00000000ead00000, 0x00000000ead00000, 0x00000000eae00000|  0%| F|  |TAMS 0x00000000ead00000, 0x00000000ead00000| Untracked 
| 686|0x00000000eae00000, 0x00000000eae00000, 0x00000000eaf00000|  0%| F|  |TAMS 0x00000000eae00000, 0x00000000eae00000| Untracked 
| 687|0x00000000eaf00000, 0x00000000eaf00000, 0x00000000eb000000|  0%| F|  |TAMS 0x00000000eaf00000, 0x00000000eaf00000| Untracked 
| 688|0x00000000eb000000, 0x00000000eb000000, 0x00000000eb100000|  0%| F|  |TAMS 0x00000000eb000000, 0x00000000eb000000| Untracked 
| 689|0x00000000eb100000, 0x00000000eb100000, 0x00000000eb200000|  0%| F|  |TAMS 0x00000000eb100000, 0x00000000eb100000| Untracked 
| 690|0x00000000eb200000, 0x00000000eb200000, 0x00000000eb300000|  0%| F|  |TAMS 0x00000000eb200000, 0x00000000eb200000| Untracked 
| 691|0x00000000eb300000, 0x00000000eb300000, 0x00000000eb400000|  0%| F|  |TAMS 0x00000000eb300000, 0x00000000eb300000| Untracked 
| 692|0x00000000eb400000, 0x00000000eb400000, 0x00000000eb500000|  0%| F|  |TAMS 0x00000000eb400000, 0x00000000eb400000| Untracked 
| 693|0x00000000eb500000, 0x00000000eb500000, 0x00000000eb600000|  0%| F|  |TAMS 0x00000000eb500000, 0x00000000eb500000| Untracked 
| 694|0x00000000eb600000, 0x00000000eb600000, 0x00000000eb700000|  0%| F|  |TAMS 0x00000000eb600000, 0x00000000eb600000| Untracked 
| 695|0x00000000eb700000, 0x00000000eb700000, 0x00000000eb800000|  0%| F|  |TAMS 0x00000000eb700000, 0x00000000eb700000| Untracked 
| 696|0x00000000eb800000, 0x00000000eb800000, 0x00000000eb900000|  0%| F|  |TAMS 0x00000000eb800000, 0x00000000eb800000| Untracked 
| 697|0x00000000eb900000, 0x00000000eb900000, 0x00000000eba00000|  0%| F|  |TAMS 0x00000000eb900000, 0x00000000eb900000| Untracked 
| 698|0x00000000eba00000, 0x00000000eba00000, 0x00000000ebb00000|  0%| F|  |TAMS 0x00000000eba00000, 0x00000000eba00000| Untracked 
| 699|0x00000000ebb00000, 0x00000000ebb00000, 0x00000000ebc00000|  0%| F|  |TAMS 0x00000000ebb00000, 0x00000000ebb00000| Untracked 
| 700|0x00000000ebc00000, 0x00000000ebc00000, 0x00000000ebd00000|  0%| F|  |TAMS 0x00000000ebc00000, 0x00000000ebc00000| Untracked 
| 701|0x00000000ebd00000, 0x00000000ebd00000, 0x00000000ebe00000|  0%| F|  |TAMS 0x00000000ebd00000, 0x00000000ebd00000| Untracked 
| 702|0x00000000ebe00000, 0x00000000ebe00000, 0x00000000ebf00000|  0%| F|  |TAMS 0x00000000ebe00000, 0x00000000ebe00000| Untracked 
| 703|0x00000000ebf00000, 0x00000000ebf00000, 0x00000000ec000000|  0%| F|  |TAMS 0x00000000ebf00000, 0x00000000ebf00000| Untracked 
| 704|0x00000000ec000000, 0x00000000ec000000, 0x00000000ec100000|  0%| F|  |TAMS 0x00000000ec000000, 0x00000000ec000000| Untracked 
| 705|0x00000000ec100000, 0x00000000ec100000, 0x00000000ec200000|  0%| F|  |TAMS 0x00000000ec100000, 0x00000000ec100000| Untracked 
| 706|0x00000000ec200000, 0x00000000ec200000, 0x00000000ec300000|  0%| F|  |TAMS 0x00000000ec200000, 0x00000000ec200000| Untracked 
| 707|0x00000000ec300000, 0x00000000ec300000, 0x00000000ec400000|  0%| F|  |TAMS 0x00000000ec300000, 0x00000000ec300000| Untracked 
| 708|0x00000000ec400000, 0x00000000ec400000, 0x00000000ec500000|  0%| F|  |TAMS 0x00000000ec400000, 0x00000000ec400000| Untracked 
| 709|0x00000000ec500000, 0x00000000ec500000, 0x00000000ec600000|  0%| F|  |TAMS 0x00000000ec500000, 0x00000000ec500000| Untracked 
| 710|0x00000000ec600000, 0x00000000ec600000, 0x00000000ec700000|  0%| F|  |TAMS 0x00000000ec600000, 0x00000000ec600000| Untracked 
| 711|0x00000000ec700000, 0x00000000ec700000, 0x00000000ec800000|  0%| F|  |TAMS 0x00000000ec700000, 0x00000000ec700000| Untracked 
| 712|0x00000000ec800000, 0x00000000ec800000, 0x00000000ec900000|  0%| F|  |TAMS 0x00000000ec800000, 0x00000000ec800000| Untracked 
| 713|0x00000000ec900000, 0x00000000ec900000, 0x00000000eca00000|  0%| F|  |TAMS 0x00000000ec900000, 0x00000000ec900000| Untracked 
| 714|0x00000000eca00000, 0x00000000eca00000, 0x00000000ecb00000|  0%| F|  |TAMS 0x00000000eca00000, 0x00000000eca00000| Untracked 
| 715|0x00000000ecb00000, 0x00000000ecb00000, 0x00000000ecc00000|  0%| F|  |TAMS 0x00000000ecb00000, 0x00000000ecb00000| Untracked 
| 716|0x00000000ecc00000, 0x00000000ecc00000, 0x00000000ecd00000|  0%| F|  |TAMS 0x00000000ecc00000, 0x00000000ecc00000| Untracked 
| 717|0x00000000ecd00000, 0x00000000ecd00000, 0x00000000ece00000|  0%| F|  |TAMS 0x00000000ecd00000, 0x00000000ecd00000| Untracked 
| 718|0x00000000ece00000, 0x00000000ece00000, 0x00000000ecf00000|  0%| F|  |TAMS 0x00000000ece00000, 0x00000000ece00000| Untracked 
| 719|0x00000000ecf00000, 0x00000000ecf00000, 0x00000000ed000000|  0%| F|  |TAMS 0x00000000ecf00000, 0x00000000ecf00000| Untracked 
| 720|0x00000000ed000000, 0x00000000ed000000, 0x00000000ed100000|  0%| F|  |TAMS 0x00000000ed000000, 0x00000000ed000000| Untracked 
| 721|0x00000000ed100000, 0x00000000ed100000, 0x00000000ed200000|  0%| F|  |TAMS 0x00000000ed100000, 0x00000000ed100000| Untracked 
| 722|0x00000000ed200000, 0x00000000ed200000, 0x00000000ed300000|  0%| F|  |TAMS 0x00000000ed200000, 0x00000000ed200000| Untracked 
| 723|0x00000000ed300000, 0x00000000ed300000, 0x00000000ed400000|  0%| F|  |TAMS 0x00000000ed300000, 0x00000000ed300000| Untracked 
| 724|0x00000000ed400000, 0x00000000ed400000, 0x00000000ed500000|  0%| F|  |TAMS 0x00000000ed400000, 0x00000000ed400000| Untracked 
| 725|0x00000000ed500000, 0x00000000ed500000, 0x00000000ed600000|  0%| F|  |TAMS 0x00000000ed500000, 0x00000000ed500000| Untracked 
| 726|0x00000000ed600000, 0x00000000ed600000, 0x00000000ed700000|  0%| F|  |TAMS 0x00000000ed600000, 0x00000000ed600000| Untracked 
| 727|0x00000000ed700000, 0x00000000ed700000, 0x00000000ed800000|  0%| F|  |TAMS 0x00000000ed700000, 0x00000000ed700000| Untracked 
| 728|0x00000000ed800000, 0x00000000ed800000, 0x00000000ed900000|  0%| F|  |TAMS 0x00000000ed800000, 0x00000000ed800000| Untracked 
| 729|0x00000000ed900000, 0x00000000ed900000, 0x00000000eda00000|  0%| F|  |TAMS 0x00000000ed900000, 0x00000000ed900000| Untracked 
| 730|0x00000000eda00000, 0x00000000eda00000, 0x00000000edb00000|  0%| F|  |TAMS 0x00000000eda00000, 0x00000000eda00000| Untracked 
| 731|0x00000000edb00000, 0x00000000edb00000, 0x00000000edc00000|  0%| F|  |TAMS 0x00000000edb00000, 0x00000000edb00000| Untracked 
| 732|0x00000000edc00000, 0x00000000edc00000, 0x00000000edd00000|  0%| F|  |TAMS 0x00000000edc00000, 0x00000000edc00000| Untracked 
| 733|0x00000000edd00000, 0x00000000edd00000, 0x00000000ede00000|  0%| F|  |TAMS 0x00000000edd00000, 0x00000000edd00000| Untracked 
| 734|0x00000000ede00000, 0x00000000ede00000, 0x00000000edf00000|  0%| F|  |TAMS 0x00000000ede00000, 0x00000000ede00000| Untracked 
| 735|0x00000000edf00000, 0x00000000edf00000, 0x00000000ee000000|  0%| F|  |TAMS 0x00000000edf00000, 0x00000000edf00000| Untracked 
| 736|0x00000000ee000000, 0x00000000ee000000, 0x00000000ee100000|  0%| F|  |TAMS 0x00000000ee000000, 0x00000000ee000000| Untracked 
| 737|0x00000000ee100000, 0x00000000ee100000, 0x00000000ee200000|  0%| F|  |TAMS 0x00000000ee100000, 0x00000000ee100000| Untracked 
| 738|0x00000000ee200000, 0x00000000ee200000, 0x00000000ee300000|  0%| F|  |TAMS 0x00000000ee200000, 0x00000000ee200000| Untracked 
| 739|0x00000000ee300000, 0x00000000ee300000, 0x00000000ee400000|  0%| F|  |TAMS 0x00000000ee300000, 0x00000000ee300000| Untracked 
| 740|0x00000000ee400000, 0x00000000ee400000, 0x00000000ee500000|  0%| F|  |TAMS 0x00000000ee400000, 0x00000000ee400000| Untracked 
| 741|0x00000000ee500000, 0x00000000ee500000, 0x00000000ee600000|  0%| F|  |TAMS 0x00000000ee500000, 0x00000000ee500000| Untracked 
| 742|0x00000000ee600000, 0x00000000ee600000, 0x00000000ee700000|  0%| F|  |TAMS 0x00000000ee600000, 0x00000000ee600000| Untracked 
| 743|0x00000000ee700000, 0x00000000ee700000, 0x00000000ee800000|  0%| F|  |TAMS 0x00000000ee700000, 0x00000000ee700000| Untracked 
| 744|0x00000000ee800000, 0x00000000ee800000, 0x00000000ee900000|  0%| F|  |TAMS 0x00000000ee800000, 0x00000000ee800000| Untracked 
| 745|0x00000000ee900000, 0x00000000ee900000, 0x00000000eea00000|  0%| F|  |TAMS 0x00000000ee900000, 0x00000000ee900000| Untracked 
| 746|0x00000000eea00000, 0x00000000eea00000, 0x00000000eeb00000|  0%| F|  |TAMS 0x00000000eea00000, 0x00000000eea00000| Untracked 
| 747|0x00000000eeb00000, 0x00000000eeb00000, 0x00000000eec00000|  0%| F|  |TAMS 0x00000000eeb00000, 0x00000000eeb00000| Untracked 
| 748|0x00000000eec00000, 0x00000000eec00000, 0x00000000eed00000|  0%| F|  |TAMS 0x00000000eec00000, 0x00000000eec00000| Untracked 
| 749|0x00000000eed00000, 0x00000000eed00000, 0x00000000eee00000|  0%| F|  |TAMS 0x00000000eed00000, 0x00000000eed00000| Untracked 
| 750|0x00000000eee00000, 0x00000000eee00000, 0x00000000eef00000|  0%| F|  |TAMS 0x00000000eee00000, 0x00000000eee00000| Untracked 
| 751|0x00000000eef00000, 0x00000000eef00000, 0x00000000ef000000|  0%| F|  |TAMS 0x00000000eef00000, 0x00000000eef00000| Untracked 
| 752|0x00000000ef000000, 0x00000000ef000000, 0x00000000ef100000|  0%| F|  |TAMS 0x00000000ef000000, 0x00000000ef000000| Untracked 
| 753|0x00000000ef100000, 0x00000000ef100000, 0x00000000ef200000|  0%| F|  |TAMS 0x00000000ef100000, 0x00000000ef100000| Untracked 
| 754|0x00000000ef200000, 0x00000000ef200000, 0x00000000ef300000|  0%| F|  |TAMS 0x00000000ef200000, 0x00000000ef200000| Untracked 
| 755|0x00000000ef300000, 0x00000000ef300000, 0x00000000ef400000|  0%| F|  |TAMS 0x00000000ef300000, 0x00000000ef300000| Untracked 
| 756|0x00000000ef400000, 0x00000000ef400000, 0x00000000ef500000|  0%| F|  |TAMS 0x00000000ef400000, 0x00000000ef400000| Untracked 
| 757|0x00000000ef500000, 0x00000000ef500000, 0x00000000ef600000|  0%| F|  |TAMS 0x00000000ef500000, 0x00000000ef500000| Untracked 
| 758|0x00000000ef600000, 0x00000000ef600000, 0x00000000ef700000|  0%| F|  |TAMS 0x00000000ef600000, 0x00000000ef600000| Untracked 
| 759|0x00000000ef700000, 0x00000000ef700000, 0x00000000ef800000|  0%| F|  |TAMS 0x00000000ef700000, 0x00000000ef700000| Untracked 
| 760|0x00000000ef800000, 0x00000000ef800000, 0x00000000ef900000|  0%| F|  |TAMS 0x00000000ef800000, 0x00000000ef800000| Untracked 
| 761|0x00000000ef900000, 0x00000000ef900000, 0x00000000efa00000|  0%| F|  |TAMS 0x00000000ef900000, 0x00000000ef900000| Untracked 
| 762|0x00000000efa00000, 0x00000000efa00000, 0x00000000efb00000|  0%| F|  |TAMS 0x00000000efa00000, 0x00000000efa00000| Untracked 
| 763|0x00000000efb00000, 0x00000000efb00000, 0x00000000efc00000|  0%| F|  |TAMS 0x00000000efb00000, 0x00000000efb00000| Untracked 
| 764|0x00000000efc00000, 0x00000000efc00000, 0x00000000efd00000|  0%| F|  |TAMS 0x00000000efc00000, 0x00000000efc00000| Untracked 
| 765|0x00000000efd00000, 0x00000000efd00000, 0x00000000efe00000|  0%| F|  |TAMS 0x00000000efd00000, 0x00000000efd00000| Untracked 
| 766|0x00000000efe00000, 0x00000000efe00000, 0x00000000eff00000|  0%| F|  |TAMS 0x00000000efe00000, 0x00000000efe00000| Untracked 
| 767|0x00000000eff00000, 0x00000000eff00000, 0x00000000f0000000|  0%| F|  |TAMS 0x00000000eff00000, 0x00000000eff00000| Untracked 
| 768|0x00000000f0000000, 0x00000000f0000000, 0x00000000f0100000|  0%| F|  |TAMS 0x00000000f0000000, 0x00000000f0000000| Untracked 
| 769|0x00000000f0100000, 0x00000000f0100000, 0x00000000f0200000|  0%| F|  |TAMS 0x00000000f0100000, 0x00000000f0100000| Untracked 
| 770|0x00000000f0200000, 0x00000000f0200000, 0x00000000f0300000|  0%| F|  |TAMS 0x00000000f0200000, 0x00000000f0200000| Untracked 
| 771|0x00000000f0300000, 0x00000000f0300000, 0x00000000f0400000|  0%| F|  |TAMS 0x00000000f0300000, 0x00000000f0300000| Untracked 
| 772|0x00000000f0400000, 0x00000000f0400000, 0x00000000f0500000|  0%| F|  |TAMS 0x00000000f0400000, 0x00000000f0400000| Untracked 
| 773|0x00000000f0500000, 0x00000000f0500000, 0x00000000f0600000|  0%| F|  |TAMS 0x00000000f0500000, 0x00000000f0500000| Untracked 
| 774|0x00000000f0600000, 0x00000000f0600000, 0x00000000f0700000|  0%| F|  |TAMS 0x00000000f0600000, 0x00000000f0600000| Untracked 
| 775|0x00000000f0700000, 0x00000000f0700000, 0x00000000f0800000|  0%| F|  |TAMS 0x00000000f0700000, 0x00000000f0700000| Untracked 
| 776|0x00000000f0800000, 0x00000000f0800000, 0x00000000f0900000|  0%| F|  |TAMS 0x00000000f0800000, 0x00000000f0800000| Untracked 
| 777|0x00000000f0900000, 0x00000000f0900000, 0x00000000f0a00000|  0%| F|  |TAMS 0x00000000f0900000, 0x00000000f0900000| Untracked 
| 778|0x00000000f0a00000, 0x00000000f0a00000, 0x00000000f0b00000|  0%| F|  |TAMS 0x00000000f0a00000, 0x00000000f0a00000| Untracked 
| 779|0x00000000f0b00000, 0x00000000f0b00000, 0x00000000f0c00000|  0%| F|  |TAMS 0x00000000f0b00000, 0x00000000f0b00000| Untracked 
| 780|0x00000000f0c00000, 0x00000000f0c00000, 0x00000000f0d00000|  0%| F|  |TAMS 0x00000000f0c00000, 0x00000000f0c00000| Untracked 
| 781|0x00000000f0d00000, 0x00000000f0d00000, 0x00000000f0e00000|  0%| F|  |TAMS 0x00000000f0d00000, 0x00000000f0d00000| Untracked 
| 782|0x00000000f0e00000, 0x00000000f0e00000, 0x00000000f0f00000|  0%| F|  |TAMS 0x00000000f0e00000, 0x00000000f0e00000| Untracked 
| 783|0x00000000f0f00000, 0x00000000f0f00000, 0x00000000f1000000|  0%| F|  |TAMS 0x00000000f0f00000, 0x00000000f0f00000| Untracked 
| 784|0x00000000f1000000, 0x00000000f1000000, 0x00000000f1100000|  0%| F|  |TAMS 0x00000000f1000000, 0x00000000f1000000| Untracked 
| 785|0x00000000f1100000, 0x00000000f1100000, 0x00000000f1200000|  0%| F|  |TAMS 0x00000000f1100000, 0x00000000f1100000| Untracked 
| 786|0x00000000f1200000, 0x00000000f1200000, 0x00000000f1300000|  0%| F|  |TAMS 0x00000000f1200000, 0x00000000f1200000| Untracked 
| 787|0x00000000f1300000, 0x00000000f1300000, 0x00000000f1400000|  0%| F|  |TAMS 0x00000000f1300000, 0x00000000f1300000| Untracked 
| 788|0x00000000f1400000, 0x00000000f1400000, 0x00000000f1500000|  0%| F|  |TAMS 0x00000000f1400000, 0x00000000f1400000| Untracked 
| 789|0x00000000f1500000, 0x00000000f1500000, 0x00000000f1600000|  0%| F|  |TAMS 0x00000000f1500000, 0x00000000f1500000| Untracked 
| 790|0x00000000f1600000, 0x00000000f1600000, 0x00000000f1700000|  0%| F|  |TAMS 0x00000000f1600000, 0x00000000f1600000| Untracked 
| 791|0x00000000f1700000, 0x00000000f1700000, 0x00000000f1800000|  0%| F|  |TAMS 0x00000000f1700000, 0x00000000f1700000| Untracked 
| 792|0x00000000f1800000, 0x00000000f1800000, 0x00000000f1900000|  0%| F|  |TAMS 0x00000000f1800000, 0x00000000f1800000| Untracked 
| 793|0x00000000f1900000, 0x00000000f1900000, 0x00000000f1a00000|  0%| F|  |TAMS 0x00000000f1900000, 0x00000000f1900000| Untracked 
| 794|0x00000000f1a00000, 0x00000000f1a00000, 0x00000000f1b00000|  0%| F|  |TAMS 0x00000000f1a00000, 0x00000000f1a00000| Untracked 
| 795|0x00000000f1b00000, 0x00000000f1b00000, 0x00000000f1c00000|  0%| F|  |TAMS 0x00000000f1b00000, 0x00000000f1b00000| Untracked 
| 796|0x00000000f1c00000, 0x00000000f1c00000, 0x00000000f1d00000|  0%| F|  |TAMS 0x00000000f1c00000, 0x00000000f1c00000| Untracked 
| 797|0x00000000f1d00000, 0x00000000f1d00000, 0x00000000f1e00000|  0%| F|  |TAMS 0x00000000f1d00000, 0x00000000f1d00000| Untracked 
| 798|0x00000000f1e00000, 0x00000000f1e00000, 0x00000000f1f00000|  0%| F|  |TAMS 0x00000000f1e00000, 0x00000000f1e00000| Untracked 
| 799|0x00000000f1f00000, 0x00000000f1f00000, 0x00000000f2000000|  0%| F|  |TAMS 0x00000000f1f00000, 0x00000000f1f00000| Untracked 
| 800|0x00000000f2000000, 0x00000000f2000000, 0x00000000f2100000|  0%| F|  |TAMS 0x00000000f2000000, 0x00000000f2000000| Untracked 
| 801|0x00000000f2100000, 0x00000000f2100000, 0x00000000f2200000|  0%| F|  |TAMS 0x00000000f2100000, 0x00000000f2100000| Untracked 
| 802|0x00000000f2200000, 0x00000000f2200000, 0x00000000f2300000|  0%| F|  |TAMS 0x00000000f2200000, 0x00000000f2200000| Untracked 
| 803|0x00000000f2300000, 0x00000000f2300000, 0x00000000f2400000|  0%| F|  |TAMS 0x00000000f2300000, 0x00000000f2300000| Untracked 
| 804|0x00000000f2400000, 0x00000000f2400000, 0x00000000f2500000|  0%| F|  |TAMS 0x00000000f2400000, 0x00000000f2400000| Untracked 
| 805|0x00000000f2500000, 0x00000000f2500000, 0x00000000f2600000|  0%| F|  |TAMS 0x00000000f2500000, 0x00000000f2500000| Untracked 
| 806|0x00000000f2600000, 0x00000000f2600000, 0x00000000f2700000|  0%| F|  |TAMS 0x00000000f2600000, 0x00000000f2600000| Untracked 
| 807|0x00000000f2700000, 0x00000000f2700000, 0x00000000f2800000|  0%| F|  |TAMS 0x00000000f2700000, 0x00000000f2700000| Untracked 
| 808|0x00000000f2800000, 0x00000000f2800000, 0x00000000f2900000|  0%| F|  |TAMS 0x00000000f2800000, 0x00000000f2800000| Untracked 
| 809|0x00000000f2900000, 0x00000000f2900000, 0x00000000f2a00000|  0%| F|  |TAMS 0x00000000f2900000, 0x00000000f2900000| Untracked 
| 810|0x00000000f2a00000, 0x00000000f2a00000, 0x00000000f2b00000|  0%| F|  |TAMS 0x00000000f2a00000, 0x00000000f2a00000| Untracked 
| 811|0x00000000f2b00000, 0x00000000f2b00000, 0x00000000f2c00000|  0%| F|  |TAMS 0x00000000f2b00000, 0x00000000f2b00000| Untracked 
| 812|0x00000000f2c00000, 0x00000000f2c00000, 0x00000000f2d00000|  0%| F|  |TAMS 0x00000000f2c00000, 0x00000000f2c00000| Untracked 
| 813|0x00000000f2d00000, 0x00000000f2d00000, 0x00000000f2e00000|  0%| F|  |TAMS 0x00000000f2d00000, 0x00000000f2d00000| Untracked 
| 814|0x00000000f2e00000, 0x00000000f2e00000, 0x00000000f2f00000|  0%| F|  |TAMS 0x00000000f2e00000, 0x00000000f2e00000| Untracked 
| 815|0x00000000f2f00000, 0x00000000f2f00000, 0x00000000f3000000|  0%| F|  |TAMS 0x00000000f2f00000, 0x00000000f2f00000| Untracked 
| 816|0x00000000f3000000, 0x00000000f3000000, 0x00000000f3100000|  0%| F|  |TAMS 0x00000000f3000000, 0x00000000f3000000| Untracked 
| 817|0x00000000f3100000, 0x00000000f3100000, 0x00000000f3200000|  0%| F|  |TAMS 0x00000000f3100000, 0x00000000f3100000| Untracked 
| 818|0x00000000f3200000, 0x00000000f3200000, 0x00000000f3300000|  0%| F|  |TAMS 0x00000000f3200000, 0x00000000f3200000| Untracked 
| 819|0x00000000f3300000, 0x00000000f3300000, 0x00000000f3400000|  0%| F|  |TAMS 0x00000000f3300000, 0x00000000f3300000| Untracked 
| 820|0x00000000f3400000, 0x00000000f3400000, 0x00000000f3500000|  0%| F|  |TAMS 0x00000000f3400000, 0x00000000f3400000| Untracked 
| 821|0x00000000f3500000, 0x00000000f3500000, 0x00000000f3600000|  0%| F|  |TAMS 0x00000000f3500000, 0x00000000f3500000| Untracked 
| 822|0x00000000f3600000, 0x00000000f3600000, 0x00000000f3700000|  0%| F|  |TAMS 0x00000000f3600000, 0x00000000f3600000| Untracked 
| 823|0x00000000f3700000, 0x00000000f3700000, 0x00000000f3800000|  0%| F|  |TAMS 0x00000000f3700000, 0x00000000f3700000| Untracked 
| 824|0x00000000f3800000, 0x00000000f3800000, 0x00000000f3900000|  0%| F|  |TAMS 0x00000000f3800000, 0x00000000f3800000| Untracked 
| 825|0x00000000f3900000, 0x00000000f3900000, 0x00000000f3a00000|  0%| F|  |TAMS 0x00000000f3900000, 0x00000000f3900000| Untracked 
| 826|0x00000000f3a00000, 0x00000000f3a00000, 0x00000000f3b00000|  0%| F|  |TAMS 0x00000000f3a00000, 0x00000000f3a00000| Untracked 
| 827|0x00000000f3b00000, 0x00000000f3b00000, 0x00000000f3c00000|  0%| F|  |TAMS 0x00000000f3b00000, 0x00000000f3b00000| Untracked 
| 828|0x00000000f3c00000, 0x00000000f3c00000, 0x00000000f3d00000|  0%| F|  |TAMS 0x00000000f3c00000, 0x00000000f3c00000| Untracked 
| 829|0x00000000f3d00000, 0x00000000f3d00000, 0x00000000f3e00000|  0%| F|  |TAMS 0x00000000f3d00000, 0x00000000f3d00000| Untracked 
| 830|0x00000000f3e00000, 0x00000000f3e00000, 0x00000000f3f00000|  0%| F|  |TAMS 0x00000000f3e00000, 0x00000000f3e00000| Untracked 
| 831|0x00000000f3f00000, 0x00000000f3f00000, 0x00000000f4000000|  0%| F|  |TAMS 0x00000000f3f00000, 0x00000000f3f00000| Untracked 
| 832|0x00000000f4000000, 0x00000000f4000000, 0x00000000f4100000|  0%| F|  |TAMS 0x00000000f4000000, 0x00000000f4000000| Untracked 
| 833|0x00000000f4100000, 0x00000000f4100000, 0x00000000f4200000|  0%| F|  |TAMS 0x00000000f4100000, 0x00000000f4100000| Untracked 
| 834|0x00000000f4200000, 0x00000000f4200000, 0x00000000f4300000|  0%| F|  |TAMS 0x00000000f4200000, 0x00000000f4200000| Untracked 
| 835|0x00000000f4300000, 0x00000000f4300000, 0x00000000f4400000|  0%| F|  |TAMS 0x00000000f4300000, 0x00000000f4300000| Untracked 
| 836|0x00000000f4400000, 0x00000000f4400000, 0x00000000f4500000|  0%| F|  |TAMS 0x00000000f4400000, 0x00000000f4400000| Untracked 
| 837|0x00000000f4500000, 0x00000000f4500000, 0x00000000f4600000|  0%| F|  |TAMS 0x00000000f4500000, 0x00000000f4500000| Untracked 
| 838|0x00000000f4600000, 0x00000000f4600000, 0x00000000f4700000|  0%| F|  |TAMS 0x00000000f4600000, 0x00000000f4600000| Untracked 
| 839|0x00000000f4700000, 0x00000000f4700000, 0x00000000f4800000|  0%| F|  |TAMS 0x00000000f4700000, 0x00000000f4700000| Untracked 
| 840|0x00000000f4800000, 0x00000000f4800000, 0x00000000f4900000|  0%| F|  |TAMS 0x00000000f4800000, 0x00000000f4800000| Untracked 
| 841|0x00000000f4900000, 0x00000000f4900000, 0x00000000f4a00000|  0%| F|  |TAMS 0x00000000f4900000, 0x00000000f4900000| Untracked 
| 842|0x00000000f4a00000, 0x00000000f4a00000, 0x00000000f4b00000|  0%| F|  |TAMS 0x00000000f4a00000, 0x00000000f4a00000| Untracked 
| 843|0x00000000f4b00000, 0x00000000f4b00000, 0x00000000f4c00000|  0%| F|  |TAMS 0x00000000f4b00000, 0x00000000f4b00000| Untracked 
| 844|0x00000000f4c00000, 0x00000000f4c00000, 0x00000000f4d00000|  0%| F|  |TAMS 0x00000000f4c00000, 0x00000000f4c00000| Untracked 
| 845|0x00000000f4d00000, 0x00000000f4d00000, 0x00000000f4e00000|  0%| F|  |TAMS 0x00000000f4d00000, 0x00000000f4d00000| Untracked 
| 846|0x00000000f4e00000, 0x00000000f4e00000, 0x00000000f4f00000|  0%| F|  |TAMS 0x00000000f4e00000, 0x00000000f4e00000| Untracked 
| 847|0x00000000f4f00000, 0x00000000f4f00000, 0x00000000f5000000|  0%| F|  |TAMS 0x00000000f4f00000, 0x00000000f4f00000| Untracked 
| 848|0x00000000f5000000, 0x00000000f5000000, 0x00000000f5100000|  0%| F|  |TAMS 0x00000000f5000000, 0x00000000f5000000| Untracked 
| 849|0x00000000f5100000, 0x00000000f5100000, 0x00000000f5200000|  0%| F|  |TAMS 0x00000000f5100000, 0x00000000f5100000| Untracked 
| 850|0x00000000f5200000, 0x00000000f5200000, 0x00000000f5300000|  0%| F|  |TAMS 0x00000000f5200000, 0x00000000f5200000| Untracked 
| 851|0x00000000f5300000, 0x00000000f5300000, 0x00000000f5400000|  0%| F|  |TAMS 0x00000000f5300000, 0x00000000f5300000| Untracked 
| 852|0x00000000f5400000, 0x00000000f5400000, 0x00000000f5500000|  0%| F|  |TAMS 0x00000000f5400000, 0x00000000f5400000| Untracked 
| 853|0x00000000f5500000, 0x00000000f5500000, 0x00000000f5600000|  0%| F|  |TAMS 0x00000000f5500000, 0x00000000f5500000| Untracked 
| 854|0x00000000f5600000, 0x00000000f5600000, 0x00000000f5700000|  0%| F|  |TAMS 0x00000000f5600000, 0x00000000f5600000| Untracked 
| 855|0x00000000f5700000, 0x00000000f5700000, 0x00000000f5800000|  0%| F|  |TAMS 0x00000000f5700000, 0x00000000f5700000| Untracked 
| 856|0x00000000f5800000, 0x00000000f5800000, 0x00000000f5900000|  0%| F|  |TAMS 0x00000000f5800000, 0x00000000f5800000| Untracked 
| 857|0x00000000f5900000, 0x00000000f5900000, 0x00000000f5a00000|  0%| F|  |TAMS 0x00000000f5900000, 0x00000000f5900000| Untracked 
| 858|0x00000000f5a00000, 0x00000000f5a00000, 0x00000000f5b00000|  0%| F|  |TAMS 0x00000000f5a00000, 0x00000000f5a00000| Untracked 
| 859|0x00000000f5b00000, 0x00000000f5b00000, 0x00000000f5c00000|  0%| F|  |TAMS 0x00000000f5b00000, 0x00000000f5b00000| Untracked 
| 860|0x00000000f5c00000, 0x00000000f5c00000, 0x00000000f5d00000|  0%| F|  |TAMS 0x00000000f5c00000, 0x00000000f5c00000| Untracked 
| 861|0x00000000f5d00000, 0x00000000f5d00000, 0x00000000f5e00000|  0%| F|  |TAMS 0x00000000f5d00000, 0x00000000f5d00000| Untracked 
| 862|0x00000000f5e00000, 0x00000000f5e00000, 0x00000000f5f00000|  0%| F|  |TAMS 0x00000000f5e00000, 0x00000000f5e00000| Untracked 
| 863|0x00000000f5f00000, 0x00000000f5f00000, 0x00000000f6000000|  0%| F|  |TAMS 0x00000000f5f00000, 0x00000000f5f00000| Untracked 
| 864|0x00000000f6000000, 0x00000000f6000000, 0x00000000f6100000|  0%| F|  |TAMS 0x00000000f6000000, 0x00000000f6000000| Untracked 
| 865|0x00000000f6100000, 0x00000000f6100000, 0x00000000f6200000|  0%| F|  |TAMS 0x00000000f6100000, 0x00000000f6100000| Untracked 
| 866|0x00000000f6200000, 0x00000000f6200000, 0x00000000f6300000|  0%| F|  |TAMS 0x00000000f6200000, 0x00000000f6200000| Untracked 
| 867|0x00000000f6300000, 0x00000000f6300000, 0x00000000f6400000|  0%| F|  |TAMS 0x00000000f6300000, 0x00000000f6300000| Untracked 
| 868|0x00000000f6400000, 0x00000000f6400000, 0x00000000f6500000|  0%| F|  |TAMS 0x00000000f6400000, 0x00000000f6400000| Untracked 
| 869|0x00000000f6500000, 0x00000000f6500000, 0x00000000f6600000|  0%| F|  |TAMS 0x00000000f6500000, 0x00000000f6500000| Untracked 
| 870|0x00000000f6600000, 0x00000000f6600000, 0x00000000f6700000|  0%| F|  |TAMS 0x00000000f6600000, 0x00000000f6600000| Untracked 
| 871|0x00000000f6700000, 0x00000000f6700000, 0x00000000f6800000|  0%| F|  |TAMS 0x00000000f6700000, 0x00000000f6700000| Untracked 
| 872|0x00000000f6800000, 0x00000000f6800000, 0x00000000f6900000|  0%| F|  |TAMS 0x00000000f6800000, 0x00000000f6800000| Untracked 
| 873|0x00000000f6900000, 0x00000000f6900000, 0x00000000f6a00000|  0%| F|  |TAMS 0x00000000f6900000, 0x00000000f6900000| Untracked 
| 874|0x00000000f6a00000, 0x00000000f6a00000, 0x00000000f6b00000|  0%| F|  |TAMS 0x00000000f6a00000, 0x00000000f6a00000| Untracked 
| 875|0x00000000f6b00000, 0x00000000f6b00000, 0x00000000f6c00000|  0%| F|  |TAMS 0x00000000f6b00000, 0x00000000f6b00000| Untracked 
| 876|0x00000000f6c00000, 0x00000000f6c00000, 0x00000000f6d00000|  0%| F|  |TAMS 0x00000000f6c00000, 0x00000000f6c00000| Untracked 
| 877|0x00000000f6d00000, 0x00000000f6d00000, 0x00000000f6e00000|  0%| F|  |TAMS 0x00000000f6d00000, 0x00000000f6d00000| Untracked 
| 878|0x00000000f6e00000, 0x00000000f6e00000, 0x00000000f6f00000|  0%| F|  |TAMS 0x00000000f6e00000, 0x00000000f6e00000| Untracked 
| 879|0x00000000f6f00000, 0x00000000f6f00000, 0x00000000f7000000|  0%| F|  |TAMS 0x00000000f6f00000, 0x00000000f6f00000| Untracked 
| 880|0x00000000f7000000, 0x00000000f7000000, 0x00000000f7100000|  0%| F|  |TAMS 0x00000000f7000000, 0x00000000f7000000| Untracked 
| 881|0x00000000f7100000, 0x00000000f7100000, 0x00000000f7200000|  0%| F|  |TAMS 0x00000000f7100000, 0x00000000f7100000| Untracked 
| 882|0x00000000f7200000, 0x00000000f7200000, 0x00000000f7300000|  0%| F|  |TAMS 0x00000000f7200000, 0x00000000f7200000| Untracked 
| 883|0x00000000f7300000, 0x00000000f7300000, 0x00000000f7400000|  0%| F|  |TAMS 0x00000000f7300000, 0x00000000f7300000| Untracked 
| 884|0x00000000f7400000, 0x00000000f7400000, 0x00000000f7500000|  0%| F|  |TAMS 0x00000000f7400000, 0x00000000f7400000| Untracked 
| 885|0x00000000f7500000, 0x00000000f7500000, 0x00000000f7600000|  0%| F|  |TAMS 0x00000000f7500000, 0x00000000f7500000| Untracked 
| 886|0x00000000f7600000, 0x00000000f7600000, 0x00000000f7700000|  0%| F|  |TAMS 0x00000000f7600000, 0x00000000f7600000| Untracked 
| 887|0x00000000f7700000, 0x00000000f7700000, 0x00000000f7800000|  0%| F|  |TAMS 0x00000000f7700000, 0x00000000f7700000| Untracked 
| 888|0x00000000f7800000, 0x00000000f7800000, 0x00000000f7900000|  0%| F|  |TAMS 0x00000000f7800000, 0x00000000f7800000| Untracked 
| 889|0x00000000f7900000, 0x00000000f7900000, 0x00000000f7a00000|  0%| F|  |TAMS 0x00000000f7900000, 0x00000000f7900000| Untracked 
| 890|0x00000000f7a00000, 0x00000000f7a00000, 0x00000000f7b00000|  0%| F|  |TAMS 0x00000000f7a00000, 0x00000000f7a00000| Untracked 
| 891|0x00000000f7b00000, 0x00000000f7b00000, 0x00000000f7c00000|  0%| F|  |TAMS 0x00000000f7b00000, 0x00000000f7b00000| Untracked 
| 892|0x00000000f7c00000, 0x00000000f7c00000, 0x00000000f7d00000|  0%| F|  |TAMS 0x00000000f7c00000, 0x00000000f7c00000| Untracked 
| 893|0x00000000f7d00000, 0x00000000f7d00000, 0x00000000f7e00000|  0%| F|  |TAMS 0x00000000f7d00000, 0x00000000f7d00000| Untracked 
| 894|0x00000000f7e00000, 0x00000000f7e00000, 0x00000000f7f00000|  0%| F|  |TAMS 0x00000000f7e00000, 0x00000000f7e00000| Untracked 
| 895|0x00000000f7f00000, 0x00000000f7f00000, 0x00000000f8000000|  0%| F|  |TAMS 0x00000000f7f00000, 0x00000000f7f00000| Untracked 
| 896|0x00000000f8000000, 0x00000000f8000000, 0x00000000f8100000|  0%| F|  |TAMS 0x00000000f8000000, 0x00000000f8000000| Untracked 
| 897|0x00000000f8100000, 0x00000000f8100000, 0x00000000f8200000|  0%| F|  |TAMS 0x00000000f8100000, 0x00000000f8100000| Untracked 
| 898|0x00000000f8200000, 0x00000000f8200000, 0x00000000f8300000|  0%| F|  |TAMS 0x00000000f8200000, 0x00000000f8200000| Untracked 
| 899|0x00000000f8300000, 0x00000000f8300000, 0x00000000f8400000|  0%| F|  |TAMS 0x00000000f8300000, 0x00000000f8300000| Untracked 
| 900|0x00000000f8400000, 0x00000000f8400000, 0x00000000f8500000|  0%| F|  |TAMS 0x00000000f8400000, 0x00000000f8400000| Untracked 
| 901|0x00000000f8500000, 0x00000000f8500000, 0x00000000f8600000|  0%| F|  |TAMS 0x00000000f8500000, 0x00000000f8500000| Untracked 
| 902|0x00000000f8600000, 0x00000000f8600000, 0x00000000f8700000|  0%| F|  |TAMS 0x00000000f8600000, 0x00000000f8600000| Untracked 
| 903|0x00000000f8700000, 0x00000000f8700000, 0x00000000f8800000|  0%| F|  |TAMS 0x00000000f8700000, 0x00000000f8700000| Untracked 
| 904|0x00000000f8800000, 0x00000000f8800000, 0x00000000f8900000|  0%| F|  |TAMS 0x00000000f8800000, 0x00000000f8800000| Untracked 
| 905|0x00000000f8900000, 0x00000000f8900000, 0x00000000f8a00000|  0%| F|  |TAMS 0x00000000f8900000, 0x00000000f8900000| Untracked 
| 906|0x00000000f8a00000, 0x00000000f8a00000, 0x00000000f8b00000|  0%| F|  |TAMS 0x00000000f8a00000, 0x00000000f8a00000| Untracked 
| 907|0x00000000f8b00000, 0x00000000f8b00000, 0x00000000f8c00000|  0%| F|  |TAMS 0x00000000f8b00000, 0x00000000f8b00000| Untracked 
| 908|0x00000000f8c00000, 0x00000000f8c00000, 0x00000000f8d00000|  0%| F|  |TAMS 0x00000000f8c00000, 0x00000000f8c00000| Untracked 
| 909|0x00000000f8d00000, 0x00000000f8d00000, 0x00000000f8e00000|  0%| F|  |TAMS 0x00000000f8d00000, 0x00000000f8d00000| Untracked 
| 910|0x00000000f8e00000, 0x00000000f8e00000, 0x00000000f8f00000|  0%| F|  |TAMS 0x00000000f8e00000, 0x00000000f8e00000| Untracked 
| 911|0x00000000f8f00000, 0x00000000f8f00000, 0x00000000f9000000|  0%| F|  |TAMS 0x00000000f8f00000, 0x00000000f8f00000| Untracked 
| 912|0x00000000f9000000, 0x00000000f9000000, 0x00000000f9100000|  0%| F|  |TAMS 0x00000000f9000000, 0x00000000f9000000| Untracked 
| 913|0x00000000f9100000, 0x00000000f9100000, 0x00000000f9200000|  0%| F|  |TAMS 0x00000000f9100000, 0x00000000f9100000| Untracked 
| 914|0x00000000f9200000, 0x00000000f9200000, 0x00000000f9300000|  0%| F|  |TAMS 0x00000000f9200000, 0x00000000f9200000| Untracked 
| 915|0x00000000f9300000, 0x00000000f9300000, 0x00000000f9400000|  0%| F|  |TAMS 0x00000000f9300000, 0x00000000f9300000| Untracked 
| 916|0x00000000f9400000, 0x00000000f9400000, 0x00000000f9500000|  0%| F|  |TAMS 0x00000000f9400000, 0x00000000f9400000| Untracked 
| 917|0x00000000f9500000, 0x00000000f9500000, 0x00000000f9600000|  0%| F|  |TAMS 0x00000000f9500000, 0x00000000f9500000| Untracked 
| 918|0x00000000f9600000, 0x00000000f9600000, 0x00000000f9700000|  0%| F|  |TAMS 0x00000000f9600000, 0x00000000f9600000| Untracked 
| 919|0x00000000f9700000, 0x00000000f9700000, 0x00000000f9800000|  0%| F|  |TAMS 0x00000000f9700000, 0x00000000f9700000| Untracked 
| 920|0x00000000f9800000, 0x00000000f9800000, 0x00000000f9900000|  0%| F|  |TAMS 0x00000000f9800000, 0x00000000f9800000| Untracked 
| 921|0x00000000f9900000, 0x00000000f9900000, 0x00000000f9a00000|  0%| F|  |TAMS 0x00000000f9900000, 0x00000000f9900000| Untracked 
| 922|0x00000000f9a00000, 0x00000000f9a00000, 0x00000000f9b00000|  0%| F|  |TAMS 0x00000000f9a00000, 0x00000000f9a00000| Untracked 
| 923|0x00000000f9b00000, 0x00000000f9b00000, 0x00000000f9c00000|  0%| F|  |TAMS 0x00000000f9b00000, 0x00000000f9b00000| Untracked 
| 924|0x00000000f9c00000, 0x00000000f9c00000, 0x00000000f9d00000|  0%| F|  |TAMS 0x00000000f9c00000, 0x00000000f9c00000| Untracked 
| 925|0x00000000f9d00000, 0x00000000f9d00000, 0x00000000f9e00000|  0%| F|  |TAMS 0x00000000f9d00000, 0x00000000f9d00000| Untracked 
| 926|0x00000000f9e00000, 0x00000000f9e00000, 0x00000000f9f00000|  0%| F|  |TAMS 0x00000000f9e00000, 0x00000000f9e00000| Untracked 
| 927|0x00000000f9f00000, 0x00000000f9f00000, 0x00000000fa000000|  0%| F|  |TAMS 0x00000000f9f00000, 0x00000000f9f00000| Untracked 
| 928|0x00000000fa000000, 0x00000000fa000000, 0x00000000fa100000|  0%| F|  |TAMS 0x00000000fa000000, 0x00000000fa000000| Untracked 
| 929|0x00000000fa100000, 0x00000000fa100000, 0x00000000fa200000|  0%| F|  |TAMS 0x00000000fa100000, 0x00000000fa100000| Untracked 
| 930|0x00000000fa200000, 0x00000000fa200000, 0x00000000fa300000|  0%| F|  |TAMS 0x00000000fa200000, 0x00000000fa200000| Untracked 
| 931|0x00000000fa300000, 0x00000000fa300000, 0x00000000fa400000|  0%| F|  |TAMS 0x00000000fa300000, 0x00000000fa300000| Untracked 
| 932|0x00000000fa400000, 0x00000000fa400000, 0x00000000fa500000|  0%| F|  |TAMS 0x00000000fa400000, 0x00000000fa400000| Untracked 
| 933|0x00000000fa500000, 0x00000000fa500000, 0x00000000fa600000|  0%| F|  |TAMS 0x00000000fa500000, 0x00000000fa500000| Untracked 
| 934|0x00000000fa600000, 0x00000000fa600000, 0x00000000fa700000|  0%| F|  |TAMS 0x00000000fa600000, 0x00000000fa600000| Untracked 
| 935|0x00000000fa700000, 0x00000000fa700000, 0x00000000fa800000|  0%| F|  |TAMS 0x00000000fa700000, 0x00000000fa700000| Untracked 
| 936|0x00000000fa800000, 0x00000000fa800000, 0x00000000fa900000|  0%| F|  |TAMS 0x00000000fa800000, 0x00000000fa800000| Untracked 
| 937|0x00000000fa900000, 0x00000000fa900000, 0x00000000faa00000|  0%| F|  |TAMS 0x00000000fa900000, 0x00000000fa900000| Untracked 
| 938|0x00000000faa00000, 0x00000000faa00000, 0x00000000fab00000|  0%| F|  |TAMS 0x00000000faa00000, 0x00000000faa00000| Untracked 
| 939|0x00000000fab00000, 0x00000000fab00000, 0x00000000fac00000|  0%| F|  |TAMS 0x00000000fab00000, 0x00000000fab00000| Untracked 
| 940|0x00000000fac00000, 0x00000000fac00000, 0x00000000fad00000|  0%| F|  |TAMS 0x00000000fac00000, 0x00000000fac00000| Untracked 
| 941|0x00000000fad00000, 0x00000000fad00000, 0x00000000fae00000|  0%| F|  |TAMS 0x00000000fad00000, 0x00000000fad00000| Untracked 
| 942|0x00000000fae00000, 0x00000000fae00000, 0x00000000faf00000|  0%| F|  |TAMS 0x00000000fae00000, 0x00000000fae00000| Untracked 
| 943|0x00000000faf00000, 0x00000000faf00000, 0x00000000fb000000|  0%| F|  |TAMS 0x00000000faf00000, 0x00000000faf00000| Untracked 
| 944|0x00000000fb000000, 0x00000000fb000000, 0x00000000fb100000|  0%| F|  |TAMS 0x00000000fb000000, 0x00000000fb000000| Untracked 
| 945|0x00000000fb100000, 0x00000000fb100000, 0x00000000fb200000|  0%| F|  |TAMS 0x00000000fb100000, 0x00000000fb100000| Untracked 
| 946|0x00000000fb200000, 0x00000000fb200000, 0x00000000fb300000|  0%| F|  |TAMS 0x00000000fb200000, 0x00000000fb200000| Untracked 
| 947|0x00000000fb300000, 0x00000000fb300000, 0x00000000fb400000|  0%| F|  |TAMS 0x00000000fb300000, 0x00000000fb300000| Untracked 
| 948|0x00000000fb400000, 0x00000000fb400000, 0x00000000fb500000|  0%| F|  |TAMS 0x00000000fb400000, 0x00000000fb400000| Untracked 
| 949|0x00000000fb500000, 0x00000000fb500000, 0x00000000fb600000|  0%| F|  |TAMS 0x00000000fb500000, 0x00000000fb500000| Untracked 
| 950|0x00000000fb600000, 0x00000000fb600000, 0x00000000fb700000|  0%| F|  |TAMS 0x00000000fb600000, 0x00000000fb600000| Untracked 
| 951|0x00000000fb700000, 0x00000000fb700000, 0x00000000fb800000|  0%| F|  |TAMS 0x00000000fb700000, 0x00000000fb700000| Untracked 
| 952|0x00000000fb800000, 0x00000000fb800000, 0x00000000fb900000|  0%| F|  |TAMS 0x00000000fb800000, 0x00000000fb800000| Untracked 
| 953|0x00000000fb900000, 0x00000000fb900000, 0x00000000fba00000|  0%| F|  |TAMS 0x00000000fb900000, 0x00000000fb900000| Untracked 
| 954|0x00000000fba00000, 0x00000000fba00000, 0x00000000fbb00000|  0%| F|  |TAMS 0x00000000fba00000, 0x00000000fba00000| Untracked 
| 955|0x00000000fbb00000, 0x00000000fbb00000, 0x00000000fbc00000|  0%| F|  |TAMS 0x00000000fbb00000, 0x00000000fbb00000| Untracked 
| 956|0x00000000fbc00000, 0x00000000fbc00000, 0x00000000fbd00000|  0%| F|  |TAMS 0x00000000fbc00000, 0x00000000fbc00000| Untracked 
| 957|0x00000000fbd00000, 0x00000000fbd00000, 0x00000000fbe00000|  0%| F|  |TAMS 0x00000000fbd00000, 0x00000000fbd00000| Untracked 
| 958|0x00000000fbe00000, 0x00000000fbe00000, 0x00000000fbf00000|  0%| F|  |TAMS 0x00000000fbe00000, 0x00000000fbe00000| Untracked 
| 959|0x00000000fbf00000, 0x00000000fbf00000, 0x00000000fc000000|  0%| F|  |TAMS 0x00000000fbf00000, 0x00000000fbf00000| Untracked 
| 960|0x00000000fc000000, 0x00000000fc000000, 0x00000000fc100000|  0%| F|  |TAMS 0x00000000fc000000, 0x00000000fc000000| Untracked 
| 961|0x00000000fc100000, 0x00000000fc100000, 0x00000000fc200000|  0%| F|  |TAMS 0x00000000fc100000, 0x00000000fc100000| Untracked 
| 962|0x00000000fc200000, 0x00000000fc200000, 0x00000000fc300000|  0%| F|  |TAMS 0x00000000fc200000, 0x00000000fc200000| Untracked 
| 963|0x00000000fc300000, 0x00000000fc300000, 0x00000000fc400000|  0%| F|  |TAMS 0x00000000fc300000, 0x00000000fc300000| Untracked 
| 964|0x00000000fc400000, 0x00000000fc400000, 0x00000000fc500000|  0%| F|  |TAMS 0x00000000fc400000, 0x00000000fc400000| Untracked 
| 965|0x00000000fc500000, 0x00000000fc500000, 0x00000000fc600000|  0%| F|  |TAMS 0x00000000fc500000, 0x00000000fc500000| Untracked 
| 966|0x00000000fc600000, 0x00000000fc600000, 0x00000000fc700000|  0%| F|  |TAMS 0x00000000fc600000, 0x00000000fc600000| Untracked 
| 967|0x00000000fc700000, 0x00000000fc700000, 0x00000000fc800000|  0%| F|  |TAMS 0x00000000fc700000, 0x00000000fc700000| Untracked 
| 968|0x00000000fc800000, 0x00000000fc800000, 0x00000000fc900000|  0%| F|  |TAMS 0x00000000fc800000, 0x00000000fc800000| Untracked 
| 969|0x00000000fc900000, 0x00000000fc900000, 0x00000000fca00000|  0%| F|  |TAMS 0x00000000fc900000, 0x00000000fc900000| Untracked 
| 970|0x00000000fca00000, 0x00000000fca00000, 0x00000000fcb00000|  0%| F|  |TAMS 0x00000000fca00000, 0x00000000fca00000| Untracked 
| 971|0x00000000fcb00000, 0x00000000fcb00000, 0x00000000fcc00000|  0%| F|  |TAMS 0x00000000fcb00000, 0x00000000fcb00000| Untracked 
| 972|0x00000000fcc00000, 0x00000000fcc00000, 0x00000000fcd00000|  0%| F|  |TAMS 0x00000000fcc00000, 0x00000000fcc00000| Untracked 
| 973|0x00000000fcd00000, 0x00000000fcd00000, 0x00000000fce00000|  0%| F|  |TAMS 0x00000000fcd00000, 0x00000000fcd00000| Untracked 
| 974|0x00000000fce00000, 0x00000000fce00000, 0x00000000fcf00000|  0%| F|  |TAMS 0x00000000fce00000, 0x00000000fce00000| Untracked 
| 975|0x00000000fcf00000, 0x00000000fcf00000, 0x00000000fd000000|  0%| F|  |TAMS 0x00000000fcf00000, 0x00000000fcf00000| Untracked 
| 976|0x00000000fd000000, 0x00000000fd000000, 0x00000000fd100000|  0%| F|  |TAMS 0x00000000fd000000, 0x00000000fd000000| Untracked 
| 977|0x00000000fd100000, 0x00000000fd100000, 0x00000000fd200000|  0%| F|  |TAMS 0x00000000fd100000, 0x00000000fd100000| Untracked 
| 978|0x00000000fd200000, 0x00000000fd200000, 0x00000000fd300000|  0%| F|  |TAMS 0x00000000fd200000, 0x00000000fd200000| Untracked 
| 979|0x00000000fd300000, 0x00000000fd300000, 0x00000000fd400000|  0%| F|  |TAMS 0x00000000fd300000, 0x00000000fd300000| Untracked 
| 980|0x00000000fd400000, 0x00000000fd400000, 0x00000000fd500000|  0%| F|  |TAMS 0x00000000fd400000, 0x00000000fd400000| Untracked 
| 981|0x00000000fd500000, 0x00000000fd500000, 0x00000000fd600000|  0%| F|  |TAMS 0x00000000fd500000, 0x00000000fd500000| Untracked 
| 982|0x00000000fd600000, 0x00000000fd600000, 0x00000000fd700000|  0%| F|  |TAMS 0x00000000fd600000, 0x00000000fd600000| Untracked 
| 983|0x00000000fd700000, 0x00000000fd700000, 0x00000000fd800000|  0%| F|  |TAMS 0x00000000fd700000, 0x00000000fd700000| Untracked 
| 984|0x00000000fd800000, 0x00000000fd800000, 0x00000000fd900000|  0%| F|  |TAMS 0x00000000fd800000, 0x00000000fd800000| Untracked 
| 985|0x00000000fd900000, 0x00000000fd900000, 0x00000000fda00000|  0%| F|  |TAMS 0x00000000fd900000, 0x00000000fd900000| Untracked 
| 986|0x00000000fda00000, 0x00000000fda00000, 0x00000000fdb00000|  0%| F|  |TAMS 0x00000000fda00000, 0x00000000fda00000| Untracked 
| 987|0x00000000fdb00000, 0x00000000fdb00000, 0x00000000fdc00000|  0%| F|  |TAMS 0x00000000fdb00000, 0x00000000fdb00000| Untracked 
| 988|0x00000000fdc00000, 0x00000000fdc00000, 0x00000000fdd00000|  0%| F|  |TAMS 0x00000000fdc00000, 0x00000000fdc00000| Untracked 
| 989|0x00000000fdd00000, 0x00000000fdd00000, 0x00000000fde00000|  0%| F|  |TAMS 0x00000000fdd00000, 0x00000000fdd00000| Untracked 
| 990|0x00000000fde00000, 0x00000000fde00000, 0x00000000fdf00000|  0%| F|  |TAMS 0x00000000fde00000, 0x00000000fde00000| Untracked 
| 991|0x00000000fdf00000, 0x00000000fdf00000, 0x00000000fe000000|  0%| F|  |TAMS 0x00000000fdf00000, 0x00000000fdf00000| Untracked 
| 992|0x00000000fe000000, 0x00000000fe000000, 0x00000000fe100000|  0%| F|  |TAMS 0x00000000fe000000, 0x00000000fe000000| Untracked 
| 993|0x00000000fe100000, 0x00000000fe100000, 0x00000000fe200000|  0%| F|  |TAMS 0x00000000fe100000, 0x00000000fe100000| Untracked 
| 994|0x00000000fe200000, 0x00000000fe200000, 0x00000000fe300000|  0%| F|  |TAMS 0x00000000fe200000, 0x00000000fe200000| Untracked 
| 995|0x00000000fe300000, 0x00000000fe300000, 0x00000000fe400000|  0%| F|  |TAMS 0x00000000fe300000, 0x00000000fe300000| Untracked 
| 996|0x00000000fe400000, 0x00000000fe400000, 0x00000000fe500000|  0%| F|  |TAMS 0x00000000fe400000, 0x00000000fe400000| Untracked 
| 997|0x00000000fe500000, 0x00000000fe500000, 0x00000000fe600000|  0%| F|  |TAMS 0x00000000fe500000, 0x00000000fe500000| Untracked 
| 998|0x00000000fe600000, 0x00000000fe600000, 0x00000000fe700000|  0%| F|  |TAMS 0x00000000fe600000, 0x00000000fe600000| Untracked 
| 999|0x00000000fe700000, 0x00000000fe700000, 0x00000000fe800000|  0%| F|  |TAMS 0x00000000fe700000, 0x00000000fe700000| Untracked 
|1000|0x00000000fe800000, 0x00000000fe800000, 0x00000000fe900000|  0%| F|  |TAMS 0x00000000fe800000, 0x00000000fe800000| Untracked 
|1001|0x00000000fe900000, 0x00000000fe900000, 0x00000000fea00000|  0%| F|  |TAMS 0x00000000fe900000, 0x00000000fe900000| Untracked 
|1002|0x00000000fea00000, 0x00000000fea00000, 0x00000000feb00000|  0%| F|  |TAMS 0x00000000fea00000, 0x00000000fea00000| Untracked 
|1003|0x00000000feb00000, 0x00000000feb00000, 0x00000000fec00000|  0%| F|  |TAMS 0x00000000feb00000, 0x00000000feb00000| Untracked 
|1004|0x00000000fec00000, 0x00000000fec00000, 0x00000000fed00000|  0%| F|  |TAMS 0x00000000fec00000, 0x00000000fec00000| Untracked 
|1005|0x00000000fed00000, 0x00000000fedf0048, 0x00000000fee00000| 93%| E|  |TAMS 0x00000000fed00000, 0x00000000fed00000| Complete 
|1006|0x00000000fee00000, 0x00000000fef00000, 0x00000000fef00000|100%| E|CS|TAMS 0x00000000fee00000, 0x00000000fee00000| Complete 
|1007|0x00000000fef00000, 0x00000000ff000000, 0x00000000ff000000|100%| E|  |TAMS 0x00000000fef00000, 0x00000000fef00000| Complete 
|1008|0x00000000ff000000, 0x00000000ff100000, 0x00000000ff100000|100%| E|CS|TAMS 0x00000000ff000000, 0x00000000ff000000| Complete 
|1009|0x00000000ff100000, 0x00000000ff200000, 0x00000000ff200000|100%| E|CS|TAMS 0x00000000ff100000, 0x00000000ff100000| Complete 
|1010|0x00000000ff200000, 0x00000000ff300000, 0x00000000ff300000|100%| E|CS|TAMS 0x00000000ff200000, 0x00000000ff200000| Complete 
|1011|0x00000000ff300000, 0x00000000ff400000, 0x00000000ff400000|100%| E|CS|TAMS 0x00000000ff300000, 0x00000000ff300000| Complete 
|1012|0x00000000ff400000, 0x00000000ff500000, 0x00000000ff500000|100%| E|CS|TAMS 0x00000000ff400000, 0x00000000ff400000| Complete 
|1013|0x00000000ff500000, 0x00000000ff59b580, 0x00000000ff600000| 60%| S|CS|TAMS 0x00000000ff500000, 0x00000000ff500000| Complete 
|1014|0x00000000ff600000, 0x00000000ff700000, 0x00000000ff700000|100%| S|CS|TAMS 0x00000000ff600000, 0x00000000ff600000| Complete 
|1015|0x00000000ff700000, 0x00000000ff800000, 0x00000000ff800000|100%| S|CS|TAMS 0x00000000ff700000, 0x00000000ff700000| Complete 
|1016|0x00000000ff800000, 0x00000000ff900000, 0x00000000ff900000|100%| S|CS|TAMS 0x00000000ff800000, 0x00000000ff800000| Complete 
|1017|0x00000000ff900000, 0x00000000ffa00000, 0x00000000ffa00000|100%| S|CS|TAMS 0x00000000ff900000, 0x00000000ff900000| Complete 
|1018|0x00000000ffa00000, 0x00000000ffb00000, 0x00000000ffb00000|100%| S|CS|TAMS 0x00000000ffa00000, 0x00000000ffa00000| Complete 
|1019|0x00000000ffb00000, 0x00000000ffc00000, 0x00000000ffc00000|100%| E|CS|TAMS 0x00000000ffb00000, 0x00000000ffb00000| Complete 
|1020|0x00000000ffc00000, 0x00000000ffd00000, 0x00000000ffd00000|100%| E|CS|TAMS 0x00000000ffc00000, 0x00000000ffc00000| Complete 
|1021|0x00000000ffd00000, 0x00000000ffe00000, 0x00000000ffe00000|100%| E|CS|TAMS 0x00000000ffd00000, 0x00000000ffd00000| Complete 
|1022|0x00000000ffe00000, 0x00000000fff00000, 0x00000000fff00000|100%| O|  |TAMS 0x00000000fff00000, 0x00000000ffe00000| Untracked 
|1023|0x00000000fff00000, 0x0000000100000000, 0x0000000100000000|100%| E|CS|TAMS 0x00000000fff00000, 0x00000000fff00000| Complete 

Card table byte_map: [0x0000017f78d40000,0x0000017f78f40000] _byte_map_base: 0x0000017f78740000

Marking Bits (Prev, Next): (CMBitMap*) 0x0000017f78580150, (CMBitMap*) 0x0000017f78580190
 Prev Bits: [0x0000017f79140000, 0x0000017f7a140000)
 Next Bits: [0x0000017f7a140000, 0x0000017f7b140000)

Polling page: 0x0000017f764e0000

Metaspace:

Usage:
  Non-class:    246.83 MB used.
      Class:     37.38 MB used.
       Both:    284.22 MB used.

Virtual space:
  Non-class space:      256.00 MB reserved,     248.50 MB ( 97%) committed,  4 nodes.
      Class space:      416.00 MB reserved,      38.62 MB (  9%) committed,  1 nodes.
             Both:      672.00 MB reserved,     287.12 MB ( 43%) committed. 

Chunk freelists:
   Non-Class:  7.89 MB
       Class:  9.54 MB
        Both:  17.44 MB

MaxMetaspaceSize: 512.00 MB
CompressedClassSpaceSize: 416.00 MB
Initial GC threshold: 21.00 MB
Current GC threshold: 479.06 MB
CDS: on
MetaspaceReclaimPolicy: balanced
 - commit_granule_bytes: 65536.
 - commit_granule_words: 8192.
 - virtual_space_node_default_size: 8388608.
 - enlarge_chunks_in_place: 1.
 - new_chunks_are_fully_committed: 0.
 - uncommit_free_chunks: 1.
 - use_allocation_guard: 0.
 - handle_deallocations: 1.


Internal statistics:

num_allocs_failed_limit: 6.
num_arena_births: 5674.
num_arena_deaths: 1950.
num_vsnodes_births: 5.
num_vsnodes_deaths: 0.
num_space_committed: 4660.
num_space_uncommitted: 71.
num_chunks_returned_to_freelist: 3053.
num_chunks_taken_from_freelist: 19599.
num_chunk_merges: 885.
num_chunk_splits: 12169.
num_chunks_enlarged: 7985.
num_inconsistent_stats: 0.

CodeHeap 'non-profiled nmethods': size=120000Kb used=62943Kb max_used=62943Kb free=57056Kb
 bounds [0x0000017f0f540000, 0x0000017f132c0000, 0x0000017f16a70000]
CodeHeap 'profiled nmethods': size=120000Kb used=87013Kb max_used=89926Kb free=32986Kb
 bounds [0x0000017f07a70000, 0x0000017f0d250000, 0x0000017f0efa0000]
CodeHeap 'non-nmethods': size=5760Kb used=2718Kb max_used=2829Kb free=3041Kb
 bounds [0x0000017f0efa0000, 0x0000017f0f270000, 0x0000017f0f540000]
 total_blobs=50051 nmethods=48756 adapters=1201
 compilation: enabled
              stopped_count=0, restarted_count=0
 full_count=0

Compilation events (20 events):
Event: 2818.455 Thread 0x0000017f7dd9e4c0 nmethod 69734 0x0000017f132ae810 code [0x0000017f132ae980, 0x0000017f132aea38]
Event: 2818.455 Thread 0x0000017f7dd9e4c0 69748       4       com.android.tools.r8.internal.T4::a (8 bytes)
Event: 2818.455 Thread 0x0000017f597266b0 nmethod 69747 0x0000017f132aeb10 code [0x0000017f132aec80, 0x0000017f132aed18]
Event: 2818.456 Thread 0x0000017f597266b0 69762       4       com.android.tools.r8.internal.UH::a (4 bytes)
Event: 2818.456 Thread 0x0000017f597266b0 nmethod 69762 0x0000017f132aee10 code [0x0000017f132aef80, 0x0000017f132aeff8]
Event: 2818.456 Thread 0x0000017f597266b0 69791       4       com.android.tools.r8.graph.u::K (2 bytes)
Event: 2818.456 Thread 0x0000017f7dd9e4c0 nmethod 69748 0x0000017f132af110 code [0x0000017f132af2a0, 0x0000017f132af348]
Event: 2818.456 Thread 0x0000017f7dd9e4c0 69871       4       com.android.tools.r8.dex.code.R0::a (1 bytes)
Event: 2818.457 Thread 0x0000017f597266b0 nmethod 69791 0x0000017f132af410 code [0x0000017f132af580, 0x0000017f132af5f8]
Event: 2818.457 Thread 0x0000017f597266b0 69841       4       com.android.tools.r8.internal.Xl::a (11 bytes)
Event: 2818.457 Thread 0x0000017f7dd9e4c0 nmethod 69871 0x0000017f132af710 code [0x0000017f132af880, 0x0000017f132af8f8]
Event: 2818.457 Thread 0x0000017f7dd9e4c0 69732       4       org.gradle.internal.execution.UnitOfWork::validate (1 bytes)
Event: 2818.458 Thread 0x0000017f7dd9e4c0 nmethod 69732 0x0000017f132afa10 code [0x0000017f132afb80, 0x0000017f132afbf8]
Event: 2818.459 Thread 0x0000017f597266b0 nmethod 69841 0x0000017f132afd10 code [0x0000017f132afe80, 0x0000017f132aff18]
Event: 2818.802 Thread 0x0000017f51c61f60 nmethod 69666 0x0000017f132b0010 code [0x0000017f132b0480, 0x0000017f132b5900]
Event: 2831.008 Thread 0x0000017f7dd9e4c0 69875       4       org.gradle.internal.deprecation.Documentation$AbstractBuilder::<init> (5 bytes)
Event: 2831.127 Thread 0x0000017f7dd9e4c0 nmethod 69875 0x0000017f132b7b10 code [0x0000017f132b7c80, 0x0000017f132b7cf8]
Event: 2832.114 Thread 0x0000017f7dda1a00 69876       3       org.gradle.execution.plan.Node::cancelExecution (62 bytes)
Event: 2832.389 Thread 0x0000017f7dda1a00 nmethod 69876 0x0000017f08625c90 code [0x0000017f08625f00, 0x0000017f08626898]
Event: 2832.606 Thread 0x0000017f7dd9e4c0 69877       4       org.gradle.internal.resources.DefaultResourceLockCoordinationService$DefaultResourceLockState::registerUnlocked (53 bytes)

GC Heap History (20 events):
Event: 2812.372 GC heap before
{Heap before GC invocations=311 (full 0):
 garbage-first heap   total 1048576K, used 444668K [0x00000000c0000000, 0x0000000100000000)
  region size 1024K, 51 young (52224K), 10 survivors (10240K)
 Metaspace       used 292044K, committed 294528K, reserved 688128K
  class space    used 38355K, committed 39552K, reserved 425984K
}
Event: 2812.429 GC heap after
{Heap after GC invocations=312 (full 0):
 garbage-first heap   total 1048576K, used 391091K [0x00000000c0000000, 0x0000000100000000)
  region size 1024K, 4 young (4096K), 4 survivors (4096K)
 Metaspace       used 292044K, committed 294528K, reserved 688128K
  class space    used 38355K, committed 39552K, reserved 425984K
}
Event: 2812.572 GC heap before
{Heap before GC invocations=312 (full 0):
 garbage-first heap   total 1048576K, used 439219K [0x00000000c0000000, 0x0000000100000000)
  region size 1024K, 51 young (52224K), 4 survivors (4096K)
 Metaspace       used 292045K, committed 294528K, reserved 688128K
  class space    used 38355K, committed 39552K, reserved 425984K
}
Event: 2812.606 GC heap after
{Heap after GC invocations=313 (full 0):
 garbage-first heap   total 1048576K, used 393517K [0x00000000c0000000, 0x0000000100000000)
  region size 1024K, 7 young (7168K), 7 survivors (7168K)
 Metaspace       used 292045K, committed 294528K, reserved 688128K
  class space    used 38355K, committed 39552K, reserved 425984K
}
Event: 2812.686 GC heap before
{Heap before GC invocations=313 (full 0):
 garbage-first heap   total 1048576K, used 438573K [0x00000000c0000000, 0x0000000100000000)
  region size 1024K, 51 young (52224K), 7 survivors (7168K)
 Metaspace       used 292054K, committed 294528K, reserved 688128K
  class space    used 38355K, committed 39552K, reserved 425984K
}
Event: 2812.709 GC heap after
{Heap after GC invocations=314 (full 0):
 garbage-first heap   total 1048576K, used 393921K [0x00000000c0000000, 0x0000000100000000)
  region size 1024K, 3 young (3072K), 3 survivors (3072K)
 Metaspace       used 292054K, committed 294528K, reserved 688128K
  class space    used 38355K, committed 39552K, reserved 425984K
}
Event: 2812.853 GC heap before
{Heap before GC invocations=314 (full 0):
 garbage-first heap   total 1048576K, used 444097K [0x00000000c0000000, 0x0000000100000000)
  region size 1024K, 51 young (52224K), 3 survivors (3072K)
 Metaspace       used 292056K, committed 294528K, reserved 688128K
  class space    used 38355K, committed 39552K, reserved 425984K
}
Event: 2812.866 GC heap after
{Heap after GC invocations=315 (full 0):
 garbage-first heap   total 1048576K, used 393667K [0x00000000c0000000, 0x0000000100000000)
  region size 1024K, 3 young (3072K), 3 survivors (3072K)
 Metaspace       used 292056K, committed 294528K, reserved 688128K
  class space    used 38355K, committed 39552K, reserved 425984K
}
Event: 2812.990 GC heap before
{Heap before GC invocations=315 (full 0):
 garbage-first heap   total 1048576K, used 443843K [0x00000000c0000000, 0x0000000100000000)
  region size 1024K, 51 young (52224K), 3 survivors (3072K)
 Metaspace       used 292060K, committed 294528K, reserved 688128K
  class space    used 38355K, committed 39552K, reserved 425984K
}
Event: 2813.012 GC heap after
{Heap after GC invocations=316 (full 0):
 garbage-first heap   total 1048576K, used 389323K [0x00000000c0000000, 0x0000000100000000)
  region size 1024K, 3 young (3072K), 3 survivors (3072K)
 Metaspace       used 292060K, committed 294528K, reserved 688128K
  class space    used 38355K, committed 39552K, reserved 425984K
}
Event: 2813.197 GC heap before
{Heap before GC invocations=316 (full 0):
 garbage-first heap   total 1048576K, used 438475K [0x00000000c0000000, 0x0000000100000000)
  region size 1024K, 51 young (52224K), 3 survivors (3072K)
 Metaspace       used 292064K, committed 294528K, reserved 688128K
  class space    used 38355K, committed 39552K, reserved 425984K
}
Event: 2813.207 GC heap after
{Heap after GC invocations=317 (full 0):
 garbage-first heap   total 1048576K, used 390120K [0x00000000c0000000, 0x0000000100000000)
  region size 1024K, 4 young (4096K), 4 survivors (4096K)
 Metaspace       used 292064K, committed 294528K, reserved 688128K
  class space    used 38355K, committed 39552K, reserved 425984K
}
Event: 2813.416 GC heap before
{Heap before GC invocations=317 (full 0):
 garbage-first heap   total 1048576K, used 445416K [0x00000000c0000000, 0x0000000100000000)
  region size 1024K, 60 young (61440K), 4 survivors (4096K)
 Metaspace       used 292065K, committed 294528K, reserved 688128K
  class space    used 38355K, committed 39552K, reserved 425984K
}
Event: 2813.442 GC heap after
{Heap after GC invocations=318 (full 0):
 garbage-first heap   total 1048576K, used 390655K [0x00000000c0000000, 0x0000000100000000)
  region size 1024K, 4 young (4096K), 4 survivors (4096K)
 Metaspace       used 292065K, committed 294528K, reserved 688128K
  class space    used 38355K, committed 39552K, reserved 425984K
}
Event: 2817.223 GC heap before
{Heap before GC invocations=319 (full 0):
 garbage-first heap   total 1048576K, used 592383K [0x00000000c0000000, 0x0000000100000000)
  region size 1024K, 200 young (204800K), 4 survivors (4096K)
 Metaspace       used 291014K, committed 294016K, reserved 688128K
  class space    used 38276K, committed 39552K, reserved 425984K
}
Event: 2817.230 GC heap after
{Heap after GC invocations=320 (full 0):
 garbage-first heap   total 1048576K, used 394280K [0x00000000c0000000, 0x0000000100000000)
  region size 1024K, 6 young (6144K), 6 survivors (6144K)
 Metaspace       used 291014K, committed 294016K, reserved 688128K
  class space    used 38276K, committed 39552K, reserved 425984K
}
Event: 2817.546 GC heap before
{Heap before GC invocations=320 (full 0):
 garbage-first heap   total 1048576K, used 440360K [0x00000000c0000000, 0x0000000100000000)
  region size 1024K, 51 young (52224K), 6 survivors (6144K)
 Metaspace       used 291023K, committed 294016K, reserved 688128K
  class space    used 38276K, committed 39552K, reserved 425984K
}
Event: 2817.676 GC heap after
{Heap after GC invocations=321 (full 0):
 garbage-first heap   total 1048576K, used 385408K [0x00000000c0000000, 0x0000000100000000)
  region size 1024K, 5 young (5120K), 5 survivors (5120K)
 Metaspace       used 291023K, committed 294016K, reserved 688128K
  class space    used 38276K, committed 39552K, reserved 425984K
}
Event: 2817.720 GC heap before
{Heap before GC invocations=321 (full 0):
 garbage-first heap   total 1048576K, used 388480K [0x00000000c0000000, 0x0000000100000000)
  region size 1024K, 9 young (9216K), 5 survivors (5120K)
 Metaspace       used 291023K, committed 294016K, reserved 688128K
  class space    used 38276K, committed 39552K, reserved 425984K
}
Event: 2817.727 GC heap after
{Heap after GC invocations=322 (full 0):
 garbage-first heap   total 1048576K, used 386520K [0x00000000c0000000, 0x0000000100000000)
  region size 1024K, 6 young (6144K), 6 survivors (6144K)
 Metaspace       used 291023K, committed 294016K, reserved 688128K
  class space    used 38276K, committed 39552K, reserved 425984K
}

Dll operation events (17 events):
Event: 0.022 Loaded shared library C:\jdk17\jdk-17.0.11+9\bin\java.dll
Event: 0.041 Loaded shared library C:\jdk17\jdk-17.0.11+9\bin\jsvml.dll
Event: 0.106 Loaded shared library C:\jdk17\jdk-17.0.11+9\bin\zip.dll
Event: 0.111 Loaded shared library C:\jdk17\jdk-17.0.11+9\bin\instrument.dll
Event: 0.117 Loaded shared library C:\jdk17\jdk-17.0.11+9\bin\net.dll
Event: 0.120 Loaded shared library C:\jdk17\jdk-17.0.11+9\bin\nio.dll
Event: 0.124 Loaded shared library C:\jdk17\jdk-17.0.11+9\bin\zip.dll
Event: 0.312 Loaded shared library C:\jdk17\jdk-17.0.11+9\bin\jimage.dll
Event: 0.401 Loaded shared library C:\jdk17\jdk-17.0.11+9\bin\verify.dll
Event: 0.618 Loaded shared library C:\gradle-cache\native\68d5fa5c4cc2d200863cafc0d521ce42e7d3e7ee720ec0a83991735586a16f82\windows-amd64\native-platform.dll
Event: 1.006 Loaded shared library C:\gradle-cache\native\e376f236ea51e6404a007f0833ffe2c6e607c4080706a723a18a27aeea778392\windows-amd64\native-platform-file-events.dll
Event: 12.035 Loaded shared library C:\jdk17\jdk-17.0.11+9\bin\management.dll
Event: 12.040 Loaded shared library C:\jdk17\jdk-17.0.11+9\bin\management_ext.dll
Event: 12.464 Loaded shared library C:\jdk17\jdk-17.0.11+9\bin\extnet.dll
Event: 13.411 Loaded shared library C:\jdk17\jdk-17.0.11+9\bin\sunmscapi.dll
Event: 261.698 Loaded shared library C:\Users\Aman Singh\AppData\Local\Temp\native-platform8553480956700208163dir\native-platform.dll
Event: 263.169 Loaded shared library C:\jdk17\jdk-17.0.11+9\bin\rmi.dll

Deoptimization events (20 events):
Event: 2826.509 Thread 0x0000017f4b9aebe0 Uncommon trap: trap_request=0xffffff45 fr.pc=0x0000017f10248764 relative=0x00000000000006a4
Event: 2826.509 Thread 0x0000017f4b9aebe0 Uncommon trap: reason=unstable_if action=reinterpret pc=0x0000017f10248764 method=java.util.concurrent.FutureTask.report(I)Ljava/lang/Object; @ 7 c2
Event: 2826.509 Thread 0x0000017f4b9aebe0 DEOPT PACKING pc=0x0000017f10248764 sp=0x0000003c0bbfb3b0
Event: 2826.524 Thread 0x0000017f4b9aebe0 DEOPT UNPACKING pc=0x0000017f0eff69a3 sp=0x0000003c0bbfb320 mode 2
Event: 2828.256 Thread 0x0000017f4b9aebe0 Uncommon trap: trap_request=0x0000004f fr.pc=0x0000017f1025d134 relative=0x00000000000017d4
Event: 2828.260 Thread 0x0000017f4b9aebe0 Uncommon trap: reason=unloaded action=reinterpret pc=0x0000017f1025d134 method=sun.nio.fs.WindowsDirectoryStream$WindowsDirectoryIterator.readNextEntry()Ljava/nio/file/Path; @ 114 c2
Event: 2828.260 Thread 0x0000017f4b9aebe0 DEOPT PACKING pc=0x0000017f1025d134 sp=0x0000003c0bbfba40
Event: 2828.261 Thread 0x0000017f4b9aebe0 DEOPT UNPACKING pc=0x0000017f0eff69a3 sp=0x0000003c0bbfba10 mode 2
Event: 2828.340 Thread 0x0000017f4b9aebe0 Uncommon trap: trap_request=0xffffffad fr.pc=0x0000017f1149b658 relative=0x0000000000000678
Event: 2828.349 Thread 0x0000017f4b9aebe0 Uncommon trap: reason=uninitialized action=reinterpret pc=0x0000017f1149b658 method=java.nio.file.FileTreeWalker.next()Ljava/nio/file/FileTreeWalker$Event; @ 63 c2
Event: 2828.351 Thread 0x0000017f4b9aebe0 DEOPT PACKING pc=0x0000017f1149b658 sp=0x0000003c0bbfbb30
Event: 2828.355 Thread 0x0000017f4b9aebe0 DEOPT UNPACKING pc=0x0000017f0eff69a3 sp=0x0000003c0bbfbac8 mode 2
Event: 2828.355 Thread 0x0000017f4b9aebe0 Uncommon trap: trap_request=0xffffff45 fr.pc=0x0000017f12dc0f88 relative=0x0000000000001e48
Event: 2828.355 Thread 0x0000017f4b9aebe0 Uncommon trap: reason=unstable_if action=reinterpret pc=0x0000017f12dc0f88 method=org.gradle.internal.snapshot.impl.DirectorySnapshotter$PathVisitor.isNotFileSystemLoopException(Ljava/io/IOException;)Z @ 1 c2
Event: 2828.355 Thread 0x0000017f4b9aebe0 DEOPT PACKING pc=0x0000017f12dc0f88 sp=0x0000003c0bbfbaf0
Event: 2828.357 Thread 0x0000017f4b9aebe0 DEOPT UNPACKING pc=0x0000017f0eff69a3 sp=0x0000003c0bbfb990 mode 2
Event: 2829.192 Thread 0x0000017f4a1bd440 Uncommon trap: trap_request=0xffffffde fr.pc=0x0000017f129c0b08 relative=0x00000000000022a8
Event: 2829.217 Thread 0x0000017f4a1bd440 Uncommon trap: reason=class_check action=maybe_recompile pc=0x0000017f129c0b08 method=org.gradle.api.internal.artifacts.transform.DefaultTransformInvocationFactory$$Lambda$2574/0x0000017f19590f90.apply(Ljava/lang/Object;)Ljava/lang/Object; @ 9 c2
Event: 2829.217 Thread 0x0000017f4a1bd440 DEOPT PACKING pc=0x0000017f129c0b08 sp=0x0000003c0c5fe820
Event: 2829.219 Thread 0x0000017f4a1bd440 DEOPT UNPACKING pc=0x0000017f0eff69a3 sp=0x0000003c0c5fe830 mode 2

Classes unloaded (20 events):
Event: 2814.183 Thread 0x0000017f7dd66c20 Unloading class 0x0000017f1a6612b8 'jdk/internal/jimage/ImageHeader'
Event: 2814.183 Thread 0x0000017f7dd66c20 Unloading class 0x0000017f1a661088 'jdk/internal/jimage/BasicImageReader$2'
Event: 2814.183 Thread 0x0000017f7dd66c20 Unloading class 0x0000017f1a660e58 'jdk/internal/jimage/BasicImageReader$1'
Event: 2814.183 Thread 0x0000017f7dd66c20 Unloading class 0x0000017f1a660bf0 'jdk/internal/jimage/ImageReader$Resource'
Event: 2814.183 Thread 0x0000017f7dd66c20 Unloading class 0x0000017f1a660988 'jdk/internal/jimage/ImageReader$LinkNode'
Event: 2814.183 Thread 0x0000017f7dd66c20 Unloading class 0x0000017f1a660720 'jdk/internal/jimage/ImageReader$Directory'
Event: 2814.184 Thread 0x0000017f7dd66c20 Unloading class 0x0000017f1a6604b8 'jdk/internal/jimage/ImageReader$Node'
Event: 2814.184 Thread 0x0000017f7dd66c20 Unloading class 0x0000017f1a6602c0 'jdk/internal/jimage/ImageStrings'
Event: 2814.184 Thread 0x0000017f7dd66c20 Unloading class 0x0000017f1a660000 'jdk/internal/jimage/ImageReader$SharedImageReader'
Event: 2814.184 Thread 0x0000017f7dd66c20 Unloading class 0x0000017f1a653d28 'jdk/internal/jimage/BasicImageReader'
Event: 2814.184 Thread 0x0000017f7dd66c20 Unloading class 0x0000017f1a653b08 'jdk/internal/jimage/ImageReader'
Event: 2814.184 Thread 0x0000017f7dd66c20 Unloading class 0x0000017f1a6538e0 'jdk/internal/jrtfs/SystemImage$2'
Event: 2814.184 Thread 0x0000017f7dd66c20 Unloading class 0x0000017f1a6536c8 'jdk/internal/jrtfs/SystemImage$$Lambda$9328+0x0000017f1a6536c8'
Event: 2814.184 Thread 0x0000017f7dd66c20 Unloading class 0x0000017f1a653498 'jdk/internal/jrtfs/ExplodedImage'
Event: 2814.184 Thread 0x0000017f7dd66c20 Unloading class 0x0000017f1a653260 'jdk/internal/jrtfs/SystemImage$1'
Event: 2814.184 Thread 0x0000017f7dd66c20 Unloading class 0x0000017f1a652dd8 'jdk/internal/jrtfs/SystemImage'
Event: 2814.184 Thread 0x0000017f7dd66c20 Unloading class 0x0000017f1a653000 'jdk/internal/jrtfs/JrtFileStore'
Event: 2814.184 Thread 0x0000017f7dd66c20 Unloading class 0x0000017f1a652400 'jdk/internal/jrtfs/JrtPath'
Event: 2814.184 Thread 0x0000017f7dd66c20 Unloading class 0x0000017f1a652ae0 'jdk/internal/jrtfs/JrtFileSystem'
Event: 2814.185 Thread 0x0000017f7dd66c20 Unloading class 0x0000017f1a652800 'jdk/internal/jrtfs/JrtFileSystemProvider'

Classes redefined (0 events):
No events

Internal exceptions (20 events):
Event: 2816.432 Thread 0x0000017f49c4cf90 Exception <a 'sun/nio/fs/WindowsException'{0x00000000f89854f0}> (0x00000000f89854f0) 
thrown [s\src\hotspot\share\prims\jni.cpp, line 516]
Event: 2816.441 Thread 0x0000017f49c4cf90 Exception <a 'sun/nio/fs/WindowsException'{0x00000000f8883b40}> (0x00000000f8883b40) 
thrown [s\src\hotspot\share\prims\jni.cpp, line 516]
Event: 2816.463 Thread 0x0000017f49c4cf90 Exception <a 'sun/nio/fs/WindowsException'{0x00000000f8702788}> (0x00000000f8702788) 
thrown [s\src\hotspot\share\prims\jni.cpp, line 516]
Event: 2816.548 Thread 0x0000017f49c4cf90 Exception <a 'sun/nio/fs/WindowsException'{0x00000000f87060f8}> (0x00000000f87060f8) 
thrown [s\src\hotspot\share\prims\jni.cpp, line 516]
Event: 2816.553 Thread 0x0000017f49c4cf90 Exception <a 'sun/nio/fs/WindowsException'{0x00000000f838cec8}> (0x00000000f838cec8) 
thrown [s\src\hotspot\share\prims\jni.cpp, line 516]
Event: 2816.563 Thread 0x0000017f49c4cf90 Exception <a 'sun/nio/fs/WindowsException'{0x00000000f8392558}> (0x00000000f8392558) 
thrown [s\src\hotspot\share\prims\jni.cpp, line 516]
Event: 2816.568 Thread 0x0000017f49c4cf90 Exception <a 'sun/nio/fs/WindowsException'{0x00000000f8394c48}> (0x00000000f8394c48) 
thrown [s\src\hotspot\share\prims\jni.cpp, line 516]
Event: 2816.572 Thread 0x0000017f49c4cf90 Exception <a 'sun/nio/fs/WindowsException'{0x00000000f8397660}> (0x00000000f8397660) 
thrown [s\src\hotspot\share\prims\jni.cpp, line 516]
Event: 2816.578 Thread 0x0000017f49c4cf90 Exception <a 'sun/nio/fs/WindowsException'{0x00000000f8399fd0}> (0x00000000f8399fd0) 
thrown [s\src\hotspot\share\prims\jni.cpp, line 516]
Event: 2816.581 Thread 0x0000017f49c4cf90 Exception <a 'sun/nio/fs/WindowsException'{0x00000000f8201af8}> (0x00000000f8201af8) 
thrown [s\src\hotspot\share\prims\jni.cpp, line 516]
Event: 2816.583 Thread 0x0000017f49c4cf90 Exception <a 'sun/nio/fs/WindowsException'{0x00000000f8204228}> (0x00000000f8204228) 
thrown [s\src\hotspot\share\prims\jni.cpp, line 516]
Event: 2816.586 Thread 0x0000017f49c4cf90 Exception <a 'sun/nio/fs/WindowsException'{0x00000000f8206bd0}> (0x00000000f8206bd0) 
thrown [s\src\hotspot\share\prims\jni.cpp, line 516]
Event: 2816.590 Thread 0x0000017f49c4cf90 Exception <a 'sun/nio/fs/WindowsException'{0x00000000f8209350}> (0x00000000f8209350) 
thrown [s\src\hotspot\share\prims\jni.cpp, line 516]
Event: 2817.437 Thread 0x0000017f4a1b8d60 Exception <a 'sun/nio/fs/WindowsException'{0x00000000fd89bfa8}> (0x00000000fd89bfa8) 
thrown [s\src\hotspot\share\prims\jni.cpp, line 516]
Event: 2817.746 Thread 0x0000017f4a1bd440 Exception <a 'sun/nio/fs/WindowsException'{0x00000000fffa7400}> (0x00000000fffa7400) 
thrown [s\src\hotspot\share\prims\jni.cpp, line 516]
Event: 2825.584 Thread 0x0000017f4a1b6f00 Exception <a 'java/io/IOException'{0x00000000ff04c5d0}> (0x00000000ff04c5d0) 
thrown [s\src\hotspot\share\prims\jni.cpp, line 516]
Event: 2825.614 Thread 0x0000017f4a1bc510 Exception <a 'java/io/IOException'{0x00000000ffd35e08}> (0x00000000ffd35e08) 
thrown [s\src\hotspot\share\prims\jni.cpp, line 516]
Event: 2825.627 Thread 0x0000017f58bed070 Exception <a 'java/io/IOException'{0x00000000ff0f99b0}> (0x00000000ff0f99b0) 
thrown [s\src\hotspot\share\prims\jni.cpp, line 516]
Event: 2825.831 Thread 0x0000017f5235c3a0 Exception <a 'java/io/IOException'{0x00000000fee86ad0}> (0x00000000fee86ad0) 
thrown [s\src\hotspot\share\prims\jni.cpp, line 516]
Event: 2828.128 Thread 0x0000017f4b9aebe0 Exception <a 'sun/nio/fs/WindowsException'{0x00000000feeea7c0}> (0x00000000feeea7c0) 
thrown [s\src\hotspot\share\prims\jni.cpp, line 516]

VM Operations (20 events):
Event: 2816.754 Executing VM operation: Cleanup
Event: 2816.829 Executing VM operation: Cleanup done
Event: 2817.222 Executing VM operation: G1CollectForAllocation
Event: 2817.231 Executing VM operation: G1CollectForAllocation done
Event: 2817.546 Executing VM operation: G1CollectForAllocation
Event: 2817.678 Executing VM operation: G1CollectForAllocation done
Event: 2817.720 Executing VM operation: G1TryInitiateConcMark
Event: 2817.727 Executing VM operation: G1TryInitiateConcMark done
Event: 2818.152 Executing VM operation: G1PauseRemark
Event: 2818.337 Executing VM operation: G1PauseRemark done
Event: 2818.586 Executing VM operation: G1PauseCleanup
Event: 2818.587 Executing VM operation: G1PauseCleanup done
Event: 2826.592 Executing VM operation: Cleanup
Event: 2827.839 Executing VM operation: Cleanup done
Event: 2829.840 Executing VM operation: Cleanup
Event: 2830.523 Executing VM operation: Cleanup done
Event: 2830.523 Executing VM operation: HandshakeAllThreads
Event: 2830.671 Executing VM operation: HandshakeAllThreads done
Event: 2832.672 Executing VM operation: Cleanup
Event: 2832.676 Executing VM operation: Cleanup done

Events (20 events):
Event: 2815.650 Thread 0x0000017f7dda1f20 flushing nmethod 0x0000017f0ca1a490
Event: 2815.651 Thread 0x0000017f7dda1f20 flushing nmethod 0x0000017f0ca76810
Event: 2815.651 Thread 0x0000017f7dda1f20 flushing nmethod 0x0000017f0ca7dd10
Event: 2815.652 Thread 0x0000017f7dda1f20 flushing nmethod 0x0000017f0caeff10
Event: 2815.652 Thread 0x0000017f7dda1f20 flushing nmethod 0x0000017f0cb1be10
Event: 2815.653 Thread 0x0000017f7dda1f20 flushing nmethod 0x0000017f0cb2d390
Event: 2815.653 Thread 0x0000017f7dda1f20 flushing nmethod 0x0000017f0cb83090
Event: 2815.653 Thread 0x0000017f7dda1f20 flushing nmethod 0x0000017f0cb8b210
Event: 2815.653 Thread 0x0000017f7dda1f20 flushing nmethod 0x0000017f0cb92e10
Event: 2815.653 Thread 0x0000017f7dda1f20 flushing nmethod 0x0000017f0cbba490
Event: 2815.653 Thread 0x0000017f7dda1f20 flushing nmethod 0x0000017f0cbbeb90
Event: 2815.654 Thread 0x0000017f7dda1f20 flushing nmethod 0x0000017f0cc6ec10
Event: 2815.655 Thread 0x0000017f7dda1f20 flushing nmethod 0x0000017f0cce2210
Event: 2815.655 Thread 0x0000017f7dda1f20 flushing nmethod 0x0000017f0ccffa90
Event: 2815.656 Thread 0x0000017f7dda1f20 flushing nmethod 0x0000017f0cda4390
Event: 2819.611 Thread 0x0000017f5856c010 Thread exited: 0x0000017f5856c010
Event: 2823.459 Thread 0x0000017f597266b0 Thread exited: 0x0000017f597266b0
Event: 2828.535 Thread 0x0000017f51c61f60 Thread exited: 0x0000017f51c61f60
Event: 2828.557 loading class java/nio/file/FileSystemLoopException
Event: 2829.191 loading class java/nio/file/FileSystemLoopException done


Dynamic libraries:
0x00007ff7ce6c0000 - 0x00007ff7ce6ce000 	C:\jdk17\jdk-17.0.11+9\bin\java.exe
0x00007ff81f260000 - 0x00007ff81f4c7000 	C:\WINDOWS\SYSTEM32\ntdll.dll
0x00007ff81ecb0000 - 0x00007ff81ed79000 	C:\WINDOWS\System32\KERNEL32.DLL
0x00007ff81c8a0000 - 0x00007ff81cc94000 	C:\WINDOWS\System32\KERNELBASE.dll
0x00007ff81cd60000 - 0x00007ff81ceab000 	C:\WINDOWS\System32\ucrtbase.dll
0x00007ff810d20000 - 0x00007ff810d3b000 	C:\jdk17\jdk-17.0.11+9\bin\VCRUNTIME140.dll
0x00007ffffb750000 - 0x00007ffffb767000 	C:\jdk17\jdk-17.0.11+9\bin\jli.dll
0x00007ff81d770000 - 0x00007ff81d935000 	C:\WINDOWS\System32\USER32.dll
0x00007ff802720000 - 0x00007ff8029b3000 	C:\WINDOWS\WinSxS\amd64_microsoft.windows.common-controls_6595b64144ccf1df_6.0.26100.8115_none_3e075c82e3354f9c\COMCTL32.dll
0x00007ff81bd60000 - 0x00007ff81bd87000 	C:\WINDOWS\System32\win32u.dll
0x00007ff81daf0000 - 0x00007ff81db99000 	C:\WINDOWS\System32\msvcrt.dll
0x00007ff81da80000 - 0x00007ff81daab000 	C:\WINDOWS\System32\GDI32.dll
0x00007ff81c600000 - 0x00007ff81c72b000 	C:\WINDOWS\System32\gdi32full.dll
0x00007ff81ceb0000 - 0x00007ff81cf53000 	C:\WINDOWS\System32\msvcp_win.dll
0x00007ff81dab0000 - 0x00007ff81dae2000 	C:\WINDOWS\System32\IMM32.DLL
0x00007ff808fe0000 - 0x00007ff808fec000 	C:\jdk17\jdk-17.0.11+9\bin\vcruntime140_1.dll
0x00007fffde0b0000 - 0x00007fffde13d000 	C:\jdk17\jdk-17.0.11+9\bin\msvcp140.dll
0x00007fff582d0000 - 0x00007fff58f32000 	C:\jdk17\jdk-17.0.11+9\bin\server\jvm.dll
0x00007ff81d990000 - 0x00007ff81da46000 	C:\WINDOWS\System32\ADVAPI32.dll
0x00007ff81f170000 - 0x00007ff81f217000 	C:\WINDOWS\System32\sechost.dll
0x00007ff81ed80000 - 0x00007ff81ee98000 	C:\WINDOWS\System32\RPCRT4.dll
0x00007ff81b7e0000 - 0x00007ff81b83e000 	C:\WINDOWS\SYSTEM32\POWRPROF.dll
0x00007ff8008e0000 - 0x00007ff8008ea000 	C:\WINDOWS\SYSTEM32\WSOCK32.dll
0x00007ff815f20000 - 0x00007ff815f56000 	C:\WINDOWS\SYSTEM32\WINMM.dll
0x00007ff815f60000 - 0x00007ff815f6b000 	C:\WINDOWS\SYSTEM32\VERSION.dll
0x00007ff81e830000 - 0x00007ff81e8b0000 	C:\WINDOWS\System32\WS2_32.dll
0x00007ff81b7c0000 - 0x00007ff81b7d4000 	C:\WINDOWS\SYSTEM32\UMPDC.dll
0x00007ff81a8c0000 - 0x00007ff81a8db000 	C:\WINDOWS\SYSTEM32\kernel.appcore.dll
0x00007ffffb740000 - 0x00007ffffb74a000 	C:\jdk17\jdk-17.0.11+9\bin\jimage.dll
0x00007ff80fe30000 - 0x00007ff810072000 	C:\WINDOWS\SYSTEM32\DBGHELP.DLL
0x00007ff81e410000 - 0x00007ff81e792000 	C:\WINDOWS\System32\combase.dll
0x00007ff81cff0000 - 0x00007ff81d0c8000 	C:\WINDOWS\System32\OLEAUT32.dll
0x00007ff802100000 - 0x00007ff80213b000 	C:\WINDOWS\SYSTEM32\dbgcore.DLL
0x00007ff81bcb0000 - 0x00007ff81bd55000 	C:\WINDOWS\System32\bcryptPrimitives.dll
0x00007ffff2340000 - 0x00007ffff234e000 	C:\jdk17\jdk-17.0.11+9\bin\instrument.dll
0x00007ffffb0e0000 - 0x00007ffffb105000 	C:\jdk17\jdk-17.0.11+9\bin\java.dll
0x00007fffb4470000 - 0x00007fffb4547000 	C:\jdk17\jdk-17.0.11+9\bin\jsvml.dll
0x00007ff81dba0000 - 0x00007ff81e307000 	C:\WINDOWS\System32\SHELL32.dll
0x00007ff81c730000 - 0x00007ff81c89a000 	C:\WINDOWS\System32\wintypes.dll
0x00007ff81bd90000 - 0x00007ff81c5f8000 	C:\WINDOWS\System32\windows.storage.dll
0x00007ff81eed0000 - 0x00007ff81efc8000 	C:\WINDOWS\System32\SHCORE.dll
0x00007ff81d700000 - 0x00007ff81d766000 	C:\WINDOWS\System32\shlwapi.dll
0x00007ff81ba50000 - 0x00007ff81ba79000 	C:\WINDOWS\SYSTEM32\profapi.dll
0x00007ffff2430000 - 0x00007ffff2448000 	C:\jdk17\jdk-17.0.11+9\bin\zip.dll
0x00007ffffad20000 - 0x00007ffffad39000 	C:\jdk17\jdk-17.0.11+9\bin\net.dll
0x00007ff812f20000 - 0x00007ff81304d000 	C:\WINDOWS\SYSTEM32\WINHTTP.dll
0x00007ff81ae30000 - 0x00007ff81ae9c000 	C:\WINDOWS\system32\mswsock.dll
0x00007ffff25c0000 - 0x00007ffff25d6000 	C:\jdk17\jdk-17.0.11+9\bin\nio.dll
0x00007ffffb0d0000 - 0x00007ffffb0e0000 	C:\jdk17\jdk-17.0.11+9\bin\verify.dll
0x00007ffffb770000 - 0x00007ffffb797000 	C:\gradle-cache\native\68d5fa5c4cc2d200863cafc0d521ce42e7d3e7ee720ec0a83991735586a16f82\windows-amd64\native-platform.dll
0x00007fffde950000 - 0x00007fffdea94000 	C:\gradle-cache\native\e376f236ea51e6404a007f0833ffe2c6e607c4080706a723a18a27aeea778392\windows-amd64\native-platform-file-events.dll
0x00007ffff7d00000 - 0x00007ffff7d09000 	C:\jdk17\jdk-17.0.11+9\bin\management.dll
0x00007ffff2b30000 - 0x00007ffff2b3b000 	C:\jdk17\jdk-17.0.11+9\bin\management_ext.dll
0x00007ff81eb30000 - 0x00007ff81eb38000 	C:\WINDOWS\System32\PSAPI.DLL
0x00007ff81b110000 - 0x00007ff81b12b000 	C:\WINDOWS\SYSTEM32\CRYPTSP.dll
0x00007ff81a820000 - 0x00007ff81a859000 	C:\WINDOWS\system32\rsaenh.dll
0x00007ff81aee0000 - 0x00007ff81af13000 	C:\WINDOWS\SYSTEM32\USERENV.dll
0x00007ff81ba20000 - 0x00007ff81ba4a000 	C:\WINDOWS\SYSTEM32\bcrypt.dll
0x00007ff81b130000 - 0x00007ff81b13c000 	C:\WINDOWS\SYSTEM32\CRYPTBASE.dll
0x00007ff81a2a0000 - 0x00007ff81a2d2000 	C:\WINDOWS\SYSTEM32\IPHLPAPI.DLL
0x00007ff81eea0000 - 0x00007ff81eeaa000 	C:\WINDOWS\System32\NSI.dll
0x00007ff816430000 - 0x00007ff81644d000 	C:\WINDOWS\SYSTEM32\dhcpcsvc6.DLL
0x00007ff8163e0000 - 0x00007ff816405000 	C:\WINDOWS\SYSTEM32\dhcpcsvc.DLL
0x00007ff81a330000 - 0x00007ff81a462000 	C:\WINDOWS\SYSTEM32\DNSAPI.dll
0x00007ffff24d0000 - 0x00007ffff24d9000 	C:\jdk17\jdk-17.0.11+9\bin\extnet.dll
0x00007ffff1350000 - 0x00007ffff135e000 	C:\jdk17\jdk-17.0.11+9\bin\sunmscapi.dll
0x00007ff81bb30000 - 0x00007ff81bca7000 	C:\WINDOWS\System32\CRYPT32.dll
0x00007ff81b330000 - 0x00007ff81b360000 	C:\WINDOWS\SYSTEM32\ncrypt.dll
0x00007ff81b2e0000 - 0x00007ff81b31f000 	C:\WINDOWS\SYSTEM32\NTASN1.dll
0x00007fff897b0000 - 0x00007fff897b8000 	C:\WINDOWS\system32\wshunix.dll
0x00007ffff7c60000 - 0x00007ffff7c78000 	C:\WINDOWS\system32\napinsp.dll
0x00007ffff7c40000 - 0x00007ffff7c53000 	C:\WINDOWS\System32\winrnr.dll
0x00007ffff7c10000 - 0x00007ffff7c32000 	C:\WINDOWS\system32\nlansp_c.dll
0x00007ffff7bf0000 - 0x00007ffff7c06000 	C:\WINDOWS\system32\wshbth.dll
0x00007ff812cb0000 - 0x00007ff812cbb000 	C:\Windows\System32\rasadhlp.dll
0x00007ff816960000 - 0x00007ff8169e6000 	C:\WINDOWS\System32\fwpuclnt.dll
0x00007ff8193a0000 - 0x00007ff81943f000 	C:\WINDOWS\system32\apphelp.dll
0x00007ff81a9e0000 - 0x00007ff81aa16000 	C:\WINDOWS\SYSTEM32\ntmarta.dll
0x00007fffea840000 - 0x00007fffea85e000 	C:\Users\Aman Singh\AppData\Local\Temp\native-platform8553480956700208163dir\native-platform.dll
0x00007ffff12b0000 - 0x00007ffff12b7000 	C:\jdk17\jdk-17.0.11+9\bin\rmi.dll

dbghelp: loaded successfully - version: 4.0.5 - missing functions: none
symbol engine: initialized successfully - sym options: 0x614 - pdb path: .;C:\jdk17\jdk-17.0.11+9\bin;C:\WINDOWS\SYSTEM32;C:\WINDOWS\WinSxS\amd64_microsoft.windows.common-controls_6595b64144ccf1df_6.0.26100.8115_none_3e075c82e3354f9c;C:\jdk17\jdk-17.0.11+9\bin\server;C:\gradle-cache\native\68d5fa5c4cc2d200863cafc0d521ce42e7d3e7ee720ec0a83991735586a16f82\windows-amd64;C:\gradle-cache\native\e376f236ea51e6404a007f0833ffe2c6e607c4080706a723a18a27aeea778392\windows-amd64;C:\Users\Aman Singh\AppData\Local\Temp\native-platform8553480956700208163dir

VM Arguments:
jvm_args: -XX:MaxMetaspaceSize=512m --add-opens=java.base/java.util=ALL-UNNAMED --add-opens=java.base/java.lang=ALL-UNNAMED --add-opens=java.base/java.lang.invoke=ALL-UNNAMED --add-opens=java.prefs/java.util.prefs=ALL-UNNAMED --add-opens=java.base/java.nio.charset=ALL-UNNAMED --add-opens=java.base/java.net=ALL-UNNAMED --add-opens=java.base/java.util.concurrent.atomic=ALL-UNNAMED -Xmx1024m -Dfile.encoding=windows-1252 -Duser.country=IN -Duser.language=en -Duser.variant -javaagent:C:\gradle-cache\wrapper\dists\gradle-8.3-all\6en3ugtfdg5xnpx44z4qbwgas\gradle-8.3\lib\agents\gradle-instrumentation-agent-8.3.jar 
java_command: org.gradle.launcher.daemon.bootstrap.GradleDaemon 8.3
java_class_path (initial): C:\gradle-cache\wrapper\dists\gradle-8.3-all\6en3ugtfdg5xnpx44z4qbwgas\gradle-8.3\lib\gradle-launcher-8.3.jar
Launcher Type: SUN_STANDARD

[Global flags]
     intx CICompilerCount                          = 4                                         {product} {ergonomic}
   size_t CompressedClassSpaceSize                 = 436207616                                 {product} {ergonomic}
     uint ConcGCThreads                            = 3                                         {product} {ergonomic}
     uint G1ConcRefinementThreads                  = 10                                        {product} {ergonomic}
   size_t G1HeapRegionSize                         = 1048576                                   {product} {ergonomic}
    uintx GCDrainStackTargetSize                   = 64                                        {product} {ergonomic}
   size_t InitialHeapSize                          = 123731968                                 {product} {ergonomic}
   size_t MarkStackSize                            = 4194304                                   {product} {ergonomic}
   size_t MaxHeapSize                              = 1073741824                                {product} {command line}
   size_t MaxMetaspaceSize                         = 536870912                                 {product} {command line}
   size_t MaxNewSize                               = 643825664                                 {product} {ergonomic}
   size_t MinHeapDeltaBytes                        = 1048576                                   {product} {ergonomic}
   size_t MinHeapSize                              = 8388608                                   {product} {ergonomic}
    uintx NonNMethodCodeHeapSize                   = 5839372                                {pd product} {ergonomic}
    uintx NonProfiledCodeHeapSize                  = 122909434                              {pd product} {ergonomic}
    uintx ProfiledCodeHeapSize                     = 122909434                              {pd product} {ergonomic}
    uintx ReservedCodeCacheSize                    = 251658240                              {pd product} {ergonomic}
     bool SegmentedCodeCache                       = true                                      {product} {ergonomic}
   size_t SoftMaxHeapSize                          = 1073741824                             {manageable} {ergonomic}
     bool UseCompressedClassPointers               = true                           {product lp64_product} {ergonomic}
     bool UseCompressedOops                        = true                           {product lp64_product} {ergonomic}
     bool UseG1GC                                  = true                                      {product} {ergonomic}
     bool UseLargePagesIndividualAllocation        = false                                  {pd product} {ergonomic}

Logging:
Log output configuration:
 #0: stdout all=warning uptime,level,tags
 #1: stderr all=off uptime,level,tags

Environment Variables:
JAVA_HOME=C:\jdk17\jdk-17.0.11+9
CLASSPATH=C:\Users\Aman Singh\Desktop\Alemono\AlemanoMarkerScanner\android\\gradle\wrapper\gradle-wrapper.jar
PATH=C:\Users\Aman Singh\Desktop\Alemono\AlemanoMarkerScanner\node_modules\.bin;C:\Users\Aman Singh\Desktop\Alemono\node_modules\.bin;C:\Users\Aman Singh\Desktop\node_modules\.bin;C:\Users\Aman Singh\node_modules\.bin;C:\Users\node_modules\.bin;C:\node_modules\.bin;C:\Program Files\nodejs\node_modules\npm\node_modules\@npmcli\run-script\lib\node-gyp-bin;C:\Users\Aman Singh\anaconda3\condabin;C:\Python313\Scripts\;C:\Python313\;C:\Program Files (x86)\Common Files\Oracle\Java\javapath;C:\Program Files\Common Files\Oracle\Java\javapath;C:\windows\system32;C:\windows;C:\windows\System32\Wbem;C:\windows\System32\WindowsPowerShell\v1.0\;C:\windows\System32\OpenSSH\;C:\Program Files\dotnet\;C:\MinGW\bin;C:\Program Files\Git\cmd;C:\Program Files\Git\mingw64\bin;C:\Program Files\Git\usr\bin;C:\Program Files\nodejs;C:\WINDOWS\system32;C:\WINDOWS;C:\WINDOWS\System32\Wbem;C:\WINDOWS\System32\WindowsPowerShell\v1.0\;C:\WINDOWS\System32\OpenSSH\;C:\Program Files\Tesseract-OCR\;C:\nvm;C:\nodejs;C:\ProgramData\chocolatey\bin;c:\Users\anamoon\AppData\Local\Programs\cursor\resources\app\bin;C:\Program Files\nodejs\;C:\flutter\bin;C:\Program Files\Docker\Docker\resources\bin;C:\Users\Aman Singh\.local\bin\claude.exe;C:\Program Files\cursor\resources\app\bin;c:\Users\Aman Singh\AppData\Local\Programs\Trae\bin;C:\Users\Aman Singh\AppData\Local\Programs\Python\Python310\Scripts\;C:\Users\Aman Singh\AppData\Local\Programs\Python\Python310\;C:\Users\Aman Singh\AppData\Local\Programs\Python\Python313\Scripts\;C:\Users\Aman Singh\AppData\Local\Programs\Python\Python313\;C:\Users\Aman Singh\AppData\Local\Programs\Python\Launcher\;C:\Users\Aman Singh\AppData\Local\Microsoft\WindowsApps;C:\Users\Aman Singh\AppData\Local\spicetify;C:\Users\Aman Singh\AppData\Local\Programs\Microsoft VS Code\bin;C:\Users\Aman Singh\AppData\Local\Microsoft\WindowsApps;C:\Users\Aman Singh\AppData\Local\GitHubDesktop\bin;C:\Users\Aman Singh\AppData\Local\Programs\cursor\resources\app\bin;C:\nvm;C:\nodejs;C:\Users\Aman 
USERNAME=Aman Singh
OS=Windows_NT
PROCESSOR_IDENTIFIER=AMD64 Family 25 Model 80 Stepping 0, AuthenticAMD
TMP=C:\Users\Aman Singh\AppData\Local\Temp
TEMP=C:\Users\Aman Singh\AppData\Local\Temp



Periodic native trim disabled


---------------  S Y S T E M  ---------------

OS:
 Windows 11 , 64 bit Build 26100 (10.0.26100.8246)
OS uptime: 2 days 5:18 hours
Hyper-V role detected

CPU: total 12 (initial active 12) (12 cores per cpu, 2 threads per core) family 25 model 80 stepping 0 microcode 0xa50000f, cx8, cmov, fxsr, ht, mmx, 3dnowpref, sse, sse2, sse3, ssse3, sse4a, sse4.1, sse4.2, popcnt, lzcnt, tsc, tscinvbit, avx, avx2, aes, erms, clmul, bmi1, bmi2, adx, sha, fma, vzeroupper, clflush, clflushopt, hv
Processor Information for processor 0
  Max Mhz: 2301, Current Mhz: 1798, Mhz Limit: 2301
Processor Information for processor 1
  Max Mhz: 2301, Current Mhz: 1798, Mhz Limit: 2301
Processor Information for processor 2
  Max Mhz: 2301, Current Mhz: 1798, Mhz Limit: 2301
Processor Information for processor 3
  Max Mhz: 2301, Current Mhz: 1798, Mhz Limit: 2301
Processor Information for processor 4
  Max Mhz: 2301, Current Mhz: 1904, Mhz Limit: 2301
Processor Information for processor 5
  Max Mhz: 2301, Current Mhz: 1904, Mhz Limit: 2301
Processor Information for processor 6
  Max Mhz: 2301, Current Mhz: 1904, Mhz Limit: 2301
Processor Information for processor 7
  Max Mhz: 2301, Current Mhz: 1904, Mhz Limit: 2301
Processor Information for processor 8
  Max Mhz: 2301, Current Mhz: 1904, Mhz Limit: 2301
Processor Information for processor 9
  Max Mhz: 2301, Current Mhz: 1904, Mhz Limit: 2301
Processor Information for processor 10
  Max Mhz: 2301, Current Mhz: 1798, Mhz Limit: 2301
Processor Information for processor 11
  Max Mhz: 2301, Current Mhz: 1798, Mhz Limit: 2301

Memory: 4k page, system-wide physical 7520M (588M free)
TotalPageFile size 31072M (AvailPageFile size 34M)
current process WorkingSet (physical memory assigned to process): 405M, peak: 1346M
current process commit charge ("private bytes"): 1907M, peak: 1914M

vm_info: OpenJDK 64-Bit Server VM (17.0.11+9) for windows-amd64 JRE (17.0.11+9), built on Apr 17 2024 06:07:48 by "admin" with MS VC++ 16.10 / 16.11 (VS2019)

END.
